timestamp,conservative,longshort,daytrade,aggressive,combined
2026-09-03T19:59:41Z,10016.23,10003.72,,10130.13,30150.08
2026-09-03T20:01:45Z,10018.79,10004.70,,10133.24,30156.73
2026-09-03T20:02:30Z,10018.79,10004.70,,10133.24,30156.73
2026-09-03T20:03:16Z,10010.91,9991.95,,10117.53,30120.39
2026-09-03T20:10:08Z,10015.15,9995.52,,10104.82,30115.49
2026-09-03T20:11:09Z,10020.89,10007.41,,10104.81,30133.11
2026-09-03T20:12:10Z,10019.53,10005.96,,10091.10,30116.59
2026-09-03T20:13:11Z,10014.16,9999.17,,10079.40,30092.73
2026-09-03T20:14:11Z,9991.20,9968.22,,10081.04,30040.46
2026-09-03T20:14:41Z,9991.20,9968.22,,10081.04,30040.46
2026-09-03T20:15:42Z,9985.24,9957.71,,10089.17,30032.12
2026-09-03T20:16:43Z,9990.03,9964.85,,10094.06,30048.94
2026-09-03T20:17:52Z,9993.64,9971.70,,10083.47,30048.81
2026-09-03T20:18:53Z,9996.52,9976.35,,10079.88,30052.75
2026-09-03T20:23:02Z,9994.79,9966.08,,10051.93,30012.80
2026-09-03T20:24:03Z,9994.32,9964.50,,10050.39,30009.20
2026-09-03T20:25:04Z,9994.32,9964.50,,10050.39,30009.20
2026-09-03T20:26:05Z,9995.57,9967.34,,10064.22,30027.13
2026-09-03T20:32:55Z,10009.66,9998.77,9998.20,10069.60,40076.23
2026-09-03T20:34:06Z,10009.82,9997.92,9996.40,10072.18,40076.32
2026-09-03T20:35:16Z,10006.76,9988.10,9996.08,10057.93,40048.87
2026-09-03T20:40:17Z,10007.95,9977.80,9985.56,10012.63,39983.94
2026-09-03T20:40:29Z,10007.95,9977.80,9985.56,10012.63,39983.94
2026-09-03T20:40:56Z,10007.95,9977.80,9985.56,10012.63,39983.94
2026-09-03T20:42:18Z,10013.75,9993.64,9996.12,10031.80,40035.31
2026-09-03T20:43:19Z,10014.50,9991.83,9995.40,10020.80,40022.53
2026-09-03T20:44:20Z,10013.14,9989.41,9994.50,10017.75,40014.80
2026-09-03T20:45:30Z,10013.59,9989.41,9994.49,10005.79,40003.28
2026-09-03T20:46:40Z,10012.84,9988.42,9994.68,9997.76,39993.69
2026-09-03T20:47:04Z,10012.84,9988.42,9994.68,9997.76,39993.69
2026-09-03T20:48:05Z,10011.79,9977.21,9986.58,10005.91,39981.49
2026-09-03T20:49:06Z,10012.67,9978.47,9986.25,10001.34,39978.73
2026-09-03T20:50:06Z,10012.67,9978.47,9986.25,10001.34,39978.73
2026-09-03T20:51:17Z,10017.84,9996.87,9996.39,10015.60,40026.71
2026-09-03T20:53:17Z,10013.62,9982.72,9987.44,9986.04,39969.83
2026-09-03T20:54:28Z,10013.62,9982.72,9985.64,9986.04,39968.03
2026-09-03T20:55:28Z,10012.08,9979.22,9985.69,9989.12,39966.10
2026-09-03T20:56:38Z,10010.11,9969.47,9983.27,9992.83,39955.67
2026-09-03T20:57:41Z,10012.23,9972.50,9982.23,10006.92,39973.89
2026-09-03T20:58:51Z,10015.88,9972.07,9987.70,10009.90,39985.55
2026-09-03T21:00:16Z,10015.54,9971.86,9987.11,10010.80,39985.31
2026-09-03T21:01:16Z,10013.72,9968.57,9987.11,10008.07,39977.47
2026-09-03T21:04:17Z,10013.61,9969.53,9987.06,10026.20,39996.40
2026-09-03T21:05:28Z,10006.97,9968.94,9983.23,10014.43,39973.58
2026-09-03T21:06:39Z,10005.38,9966.27,9983.73,10011.24,39966.62
2026-09-03T21:07:39Z,10008.09,9971.49,9985.69,10021.57,39986.85
2026-09-03T21:08:47Z,10005.58,9971.23,9983.43,10023.39,39983.63
2026-09-03T21:10:05Z,10007.80,9973.12,9985.08,10026.79,39992.80
2026-09-03T21:11:17Z,10009.42,9971.52,9986.82,10030.41,39998.16
2026-09-03T21:12:28Z,10016.67,9982.19,9986.75,10037.04,40022.66
2026-09-03T21:15:17Z,10023.46,9999.88,9998.75,10047.72,40069.81
2026-09-03T21:16:28Z,10024.08,9989.57,9991.09,10051.76,40056.51
2026-09-03T21:17:38Z,10021.93,9985.35,9990.29,10055.85,40053.42
2026-09-03T21:18:38Z,10022.35,9986.35,9989.14,10061.73,40059.58
2026-09-03T21:19:39Z,10025.89,9991.44,9989.65,10066.26,40073.23
2026-09-03T21:20:57Z,10026.88,9992.84,9989.57,10056.34,40065.63
2026-09-03T21:22:14Z,10029.76,9993.97,9993.52,10054.14,40071.39
2026-09-03T21:23:24Z,10028.40,9992.39,9991.78,10049.67,40062.23
2026-09-03T21:26:17Z,10022.10,9986.42,9989.09,10019.23,40016.84
2026-09-03T21:27:27Z,10019.68,9984.88,9986.04,10000.26,39990.85
2026-09-03T21:28:37Z,10017.59,9983.28,9986.16,9976.82,39963.85
2026-09-03T21:29:40Z,10018.49,9985.45,9986.29,9978.30,39968.53
2026-09-03T21:30:50Z,10019.61,9989.26,9985.96,9971.06,39965.89
2026-09-03T21:32:02Z,10026.17,9996.39,9990.82,9997.35,40010.72
2026-09-03T21:33:10Z,10031.68,10005.23,9996.32,10015.93,40049.16
2026-09-03T21:34:21Z,10034.65,10012.92,9997.85,10023.56,40068.98
2026-09-03T21:37:17Z,10037.22,10013.77,10000.39,10026.17,40077.55
2026-09-03T21:38:27Z,10035.00,10009.66,10000.12,10021.14,40065.92
2026-09-03T21:39:38Z,10035.28,10008.43,10000.13,10020.00,40063.84
2026-09-03T21:40:42Z,10030.84,10000.01,9997.61,10016.60,40045.06
2026-09-03T21:41:41Z,10026.34,9994.25,9993.31,10008.41,40022.31
2026-09-03T21:42:51Z,10018.86,9987.64,9988.99,9999.74,39995.24
2026-09-03T21:44:02Z,10016.93,9984.08,9989.62,9994.67,39985.29
2026-09-03T21:45:12Z,10016.93,9984.08,9989.62,9994.67,39985.29
2026-09-03T21:48:18Z,10007.94,9963.11,9985.77,9976.46,39933.28
2026-09-03T21:49:29Z,10006.86,9964.70,9984.24,9975.93,39931.73
2026-09-03T21:50:39Z,10009.66,9966.07,9986.00,9986.41,39948.13
2026-09-03T21:51:42Z,10010.51,9965.93,9988.45,9991.86,39956.75
2026-09-03T21:52:41Z,10010.51,9965.93,9988.45,9991.86,39956.75
2026-09-03T21:53:51Z,10015.41,9967.76,9994.08,10007.63,39984.88
2026-09-03T21:54:59Z,10015.67,9967.38,9994.31,10009.89,39987.25
2026-09-03T21:56:10Z,10018.76,9974.22,9997.02,10005.67,39995.68
2026-09-03T21:59:17Z,10015.11,9966.21,9996.33,9995.48,39973.12
2026-09-03T22:00:27Z,10014.33,9967.70,9996.62,9984.43,39963.07
2026-09-03T22:01:36Z,10011.91,9966.30,9995.09,9977.25,39950.55
2026-09-03T22:02:37Z,10011.23,9963.58,9994.21,9977.31,39946.34
2026-09-03T22:03:42Z,10002.33,9941.73,9974.65,9949.66,39868.37
2026-09-03T22:04:53Z,10002.90,9943.64,9973.11,9938.44,39858.09
2026-09-03T22:06:03Z,10004.63,9946.88,9973.63,9941.08,39866.22
2026-09-03T22:07:15Z,10008.48,9949.52,9979.68,9951.41,39889.09
2026-09-03T22:10:18Z,10003.62,9944.68,9976.03,9923.96,39848.28
2026-09-03T22:11:28Z,9997.47,9945.32,9971.00,9917.53,39831.32
2026-09-03T22:12:39Z,9997.63,9944.94,9970.73,9918.42,39831.71
2026-09-03T22:13:40Z,9994.93,9940.35,9967.52,9898.81,39801.61
2026-09-03T22:14:43Z,9990.38,9937.60,9964.12,9888.51,39780.61
2026-09-03T22:15:53Z,9990.40,9937.32,9963.23,9891.02,39781.97
2026-09-03T22:17:04Z,9993.97,9943.10,9964.08,9891.51,39792.66
2026-09-03T22:18:13Z,9998.00,9945.89,9969.74,9912.01,39825.64
2026-09-03T22:21:18Z,9998.45,9945.92,9970.52,9918.17,39833.06
2026-09-03T22:22:28Z,9993.55,9941.08,9966.59,9919.72,39820.94
2026-09-03T22:23:38Z,9991.60,9939.01,9965.74,9922.54,39818.88
2026-09-03T22:24:41Z,9993.72,9940.01,9967.94,9931.52,39833.19
2026-09-03T22:25:41Z,9992.98,9939.21,9968.00,9916.11,39816.30
2026-09-03T22:26:49Z,9990.65,9926.81,9965.03,9907.90,39790.38
2026-09-03T22:27:58Z,9986.73,9923.78,9961.07,9901.63,39773.21
2026-09-03T22:29:15Z,9982.74,9918.88,9957.60,9888.02,39747.24
2026-09-03T22:32:17Z,9966.92,9900.12,9941.48,9858.27,39666.79
2026-09-03T22:33:27Z,9964.04,9903.85,9938.54,9853.35,39659.78
2026-09-03T22:34:35Z,9959.84,9901.85,9935.55,9838.34,39635.58
2026-09-03T22:35:44Z,9954.98,9886.75,9933.02,9830.01,39604.75
2026-09-03T22:36:44Z,9954.98,9886.75,9933.02,9830.01,39604.75
2026-09-03T22:38:15Z,9957.77,9902.81,9933.65,9846.84,39641.07
2026-09-03T22:39:25Z,9961.51,9908.06,9935.22,9857.68,39662.47
2026-09-03T22:40:33Z,9969.09,9917.10,9938.62,9872.64,39697.45
2026-09-03T22:43:17Z,9969.86,9910.54,9936.41,9855.86,39672.67
2026-09-03T22:44:28Z,9968.98,9911.08,9933.19,9853.64,39666.88
2026-09-03T22:45:39Z,9967.83,9911.01,9934.35,9857.63,39670.82
2026-09-03T22:46:42Z,9970.79,9914.81,9934.17,9856.92,39676.69
2026-09-03T22:47:42Z,9977.17,9918.03,9935.78,9861.00,39691.99
2026-09-03T22:48:52Z,9981.81,9921.07,9938.00,9868.93,39709.80
2026-09-03T22:50:03Z,9982.64,9922.91,9939.58,9869.51,39714.64
2026-09-03T22:51:12Z,9981.81,9921.05,9937.13,9868.18,39708.17
2026-09-03T22:54:19Z,9975.64,9919.42,9933.55,9872.02,39700.63
2026-09-03T22:55:32Z,9975.64,9919.42,9933.55,9872.02,39700.63
2026-09-03T22:56:42Z,9977.74,9923.62,9935.62,9885.05,39722.04
2026-09-03T22:57:49Z,9976.20,9921.76,9935.90,9883.90,39717.77
2026-09-03T22:58:43Z,9976.20,9921.76,9935.90,9883.90,39717.77
2026-09-03T22:59:55Z,9978.05,9923.23,9937.66,9882.19,39721.12
2026-09-03T23:01:05Z,9978.98,9928.60,9941.64,9886.41,39735.63
2026-09-03T23:02:16Z,9977.03,9925.93,9939.47,9884.74,39727.18
2026-09-03T23:05:20Z,9977.78,9934.36,9938.07,9888.82,39739.03
2026-09-03T23:06:31Z,9977.85,9932.83,9937.98,9878.23,39726.89
2026-09-03T23:07:42Z,9982.18,9936.62,9942.97,9902.17,39763.94
2026-09-03T23:08:45Z,9981.39,9933.40,9941.35,9906.27,39762.41
2026-09-03T23:09:41Z,9981.39,9933.40,9941.35,9906.27,39762.41
2026-09-03T23:10:49Z,9979.79,9931.07,9940.52,9904.06,39755.43
2026-09-03T23:12:01Z,9978.51,9925.03,9940.10,9910.16,39753.79
2026-09-03T23:13:12Z,9976.85,9923.04,9940.94,9911.39,39752.23
2026-09-03T23:16:16Z,9974.87,9910.80,9940.84,9902.98,39729.50
2026-09-03T23:17:26Z,9974.87,9910.80,9940.84,9902.98,39729.50
2026-09-03T23:18:36Z,9975.51,9926.52,9945.72,9904.96,39752.71
2026-09-03T23:19:37Z,9974.59,9925.84,9943.16,9902.74,39746.33
2026-09-03T23:20:41Z,9977.48,9929.49,9947.68,9905.57,39760.23
2026-09-03T23:21:51Z,9977.10,9928.92,9947.97,9904.62,39758.61
2026-09-03T23:23:02Z,9974.90,9928.69,9949.34,9902.54,39755.47
2026-09-03T23:24:11Z,9975.49,9929.47,9953.26,9905.44,39763.66
2026-09-03T23:27:18Z,9975.60,9918.47,9947.97,9896.89,39738.94
2026-09-03T23:28:29Z,9976.75,9919.80,9947.90,9896.87,39741.33
2026-09-03T23:29:40Z,9976.57,9920.18,9947.76,9888.02,39732.53
2026-09-03T23:30:43Z,9976.57,9920.18,9947.76,9888.02,39732.53
2026-09-03T23:31:43Z,9979.56,9921.85,9952.86,9895.34,39749.61
2026-09-03T23:33:00Z,9980.57,9924.78,9951.04,9898.59,39754.98
2026-09-03T23:34:11Z,9978.32,9922.45,9949.20,9894.85,39744.82
2026-09-03T23:35:21Z,9979.43,9923.62,9950.13,9896.55,39749.72
2026-09-03T23:38:18Z,9982.29,9929.28,9953.79,9897.06,39762.42
2026-09-03T23:39:28Z,9985.29,9932.49,9958.34,9904.80,39780.93
2026-09-03T23:40:39Z,9985.29,9932.49,9958.34,9904.80,39780.93
2026-09-03T23:41:40Z,9985.76,9936.16,9957.34,9906.95,39786.21
2026-09-03T23:42:42Z,9985.76,9936.16,9957.34,9906.95,39786.21
2026-09-03T23:43:52Z,9985.57,9932.67,9961.91,9913.29,39793.44
2026-09-03T23:45:03Z,9989.72,9937.42,9969.35,9918.62,39815.12
2026-09-03T23:46:20Z,9985.08,9931.02,9965.71,9890.23,39772.05
2026-09-03T23:49:18Z,9982.15,9925.42,9963.74,9885.46,39756.77
2026-09-03T23:50:26Z,9982.15,9925.42,9963.74,9885.46,39756.77
2026-09-03T23:51:37Z,9985.71,9932.63,9964.79,9892.69,39775.82
2026-09-03T23:52:37Z,9985.14,9932.92,9965.30,9881.69,39765.05
2026-09-03T23:53:43Z,9986.19,9934.14,9965.35,9886.78,39772.47
2026-09-03T23:54:53Z,9989.53,9934.09,9964.48,9896.40,39784.50
2026-09-03T23:56:04Z,9988.75,9932.81,9964.48,9909.97,39796.01
2026-09-03T23:57:14Z,9987.86,9932.11,9964.02,9907.98,39791.97
2026-09-03T23:59:56Z,9988.37,9932.53,9963.68,9908.96,39793.54
2026-09-04T00:01:05Z,9988.19,9931.87,9963.36,9903.12,39786.54
2026-09-04T00:02:15Z,9988.14,9931.37,9961.75,9909.66,39790.92
2026-09-04T00:03:18Z,9988.55,9932.17,9963.04,9911.72,39795.47
2026-09-04T00:04:20Z,9988.54,9928.04,9963.45,9907.61,39787.64
2026-09-04T00:05:30Z,9986.58,9926.76,9962.30,9905.21,39780.85
2026-09-04T00:06:39Z,9983.37,9924.22,9960.56,9905.10,39773.26
2026-09-04T00:07:48Z,9982.90,9921.95,9960.32,9907.27,39772.44
2026-09-04T00:11:17Z,9977.39,9917.50,9955.05,9912.05,39761.99
2026-09-04T00:12:28Z,9980.22,9917.03,9957.07,9929.50,39783.82
2026-09-04T00:13:45Z,9978.51,9914.62,9957.07,9928.74,39778.94
2026-09-04T00:14:52Z,9980.82,9911.49,9958.08,9919.63,39770.02
2026-09-04T00:15:42Z,9980.82,9911.49,9958.08,9919.63,39770.02
2026-09-04T00:16:51Z,9981.70,9909.93,9958.08,9908.04,39757.75
2026-09-04T00:18:42Z,9983.98,9914.44,9959.08,9914.59,39772.10
2026-09-04T00:19:52Z,9991.76,9921.80,9961.10,9918.41,39793.06
2026-09-04T00:22:26Z,9986.58,9913.00,9959.08,9915.00,39773.67
2026-09-04T00:23:29Z,9987.24,9917.12,9959.08,9920.91,39784.35
2026-09-04T00:24:40Z,9989.27,9917.72,9960.09,9922.50,39789.58
2026-09-04T00:25:49Z,9987.57,9918.20,9960.09,9918.60,39784.46
2026-09-04T00:27:04Z,9982.95,9914.33,9958.08,9925.79,39781.14
2026-09-04T00:28:15Z,9980.72,9909.69,9958.08,9918.08,39766.56
2026-09-04T00:29:18Z,9979.18,9909.83,9958.08,9920.75,39767.84
2026-09-04T00:30:27Z,9979.30,9913.23,9958.08,9926.99,39777.59
2026-09-04T00:34:17Z,9983.56,9918.37,9960.09,9927.68,39789.71
2026-09-04T00:35:27Z,9987.15,9920.82,9958.29,9928.85,39795.11
2026-09-04T00:36:38Z,9988.07,9921.92,9958.97,9930.12,39799.08
2026-09-04T00:37:44Z,9989.76,9924.48,9960.57,9917.87,39792.68
2026-09-04T00:38:44Z,9993.15,9929.60,9960.46,9927.27,39810.49
2026-09-04T00:39:53Z,9994.93,9940.65,9959.57,9943.74,39838.88
2026-09-04T00:41:03Z,9996.94,9941.19,9960.75,9940.36,39839.24
2026-09-04T00:42:12Z,9998.05,9946.01,9962.94,9948.40,39855.40
2026-09-04T00:45:23Z,10000.52,9947.64,9963.87,9941.83,39853.87
2026-09-04T00:46:35Z,9986.77,9918.12,9955.10,9930.16,39790.15
2026-09-04T00:47:49Z,9986.33,9917.69,9954.38,9923.99,39782.40
2026-09-04T00:48:55Z,9985.72,9917.66,9955.25,9920.66,39779.29
2026-09-04T00:49:48Z,9985.72,9917.66,9955.25,9920.66,39779.29
2026-09-04T00:50:58Z,9978.55,9906.68,9949.63,9911.34,39746.19
2026-09-04T00:52:02Z,9976.29,9905.12,9946.75,9915.86,39744.03
2026-09-04T00:53:12Z,9971.17,9889.84,9945.01,9900.95,39706.97
2026-09-04T00:56:18Z,9967.06,9895.74,9944.39,9892.46,39699.65
2026-09-04T00:57:29Z,9963.22,9893.91,9944.17,9884.06,39685.36
2026-09-04T00:58:39Z,9961.05,9881.37,9942.93,9878.58,39663.94
2026-09-04T00:59:39Z,9961.34,9882.42,9941.35,9871.56,39656.67
2026-09-04T01:00:42Z,9958.46,9880.47,9940.86,9859.05,39638.84
2026-09-04T01:02:13Z,9953.66,9878.71,9937.52,9856.54,39626.42
2026-09-04T01:03:24Z,9960.20,9897.04,9940.46,9881.54,39679.23
2026-09-04T01:04:34Z,9958.14,9885.63,9939.63,9874.20,39657.60
2026-09-04T01:07:17Z,9948.42,9878.96,9933.64,9859.47,39620.49
2026-09-04T01:08:28Z,9959.00,9887.53,9939.86,9883.04,39669.43
2026-09-04T01:09:39Z,9960.83,9887.76,9941.56,9888.97,39679.12
2026-09-04T01:10:42Z,9961.23,9890.01,9943.39,9906.12,39700.75
2026-09-04T01:11:43Z,9961.00,9889.96,9944.20,9898.77,39693.92
2026-09-04T01:12:53Z,9962.76,9891.15,9945.77,9911.46,39711.15
2026-09-04T01:14:03Z,9962.96,9898.63,9946.52,9913.88,39721.98
2026-09-04T01:15:12Z,9959.62,9884.38,9944.01,9897.37,39685.37
2026-09-04T01:18:16Z,9954.95,9880.07,9942.98,9889.62,39667.63
2026-09-04T01:19:27Z,9958.56,9885.11,9945.27,9875.74,39664.68
2026-09-04T01:20:38Z,9959.58,9886.21,9945.19,9873.28,39664.26
2026-09-04T01:21:38Z,9959.10,9884.20,9944.69,9889.60,39677.59
2026-09-04T01:22:43Z,9958.40,9886.31,9944.54,9894.10,39683.35
2026-09-04T01:23:54Z,9962.67,9889.84,9947.37,9905.21,39705.09
2026-09-04T01:25:05Z,9959.61,9885.73,9946.38,9900.80,39692.52
2026-09-04T01:26:16Z,9958.07,9884.45,9944.41,9895.42,39682.36
2026-09-04T01:29:19Z,9950.36,9878.10,9938.07,9857.82,39624.35
2026-09-04T01:30:30Z,9950.36,9878.10,9938.07,9857.82,39624.35
2026-09-04T01:31:41Z,9949.92,9877.78,9937.90,9850.10,39615.69
2026-09-04T01:32:44Z,9952.93,9877.11,9939.35,9851.27,39620.66
2026-09-04T01:33:42Z,9954.21,9875.86,9938.76,9844.20,39613.03
2026-09-04T01:34:52Z,9952.72,9872.78,9936.98,9836.43,39598.91
2026-09-04T01:36:03Z,9955.38,9874.23,9936.56,9836.53,39602.69
2026-09-04T01:37:10Z,9953.19,9872.18,9933.25,9823.26,39581.88
2026-09-04T01:40:19Z,9961.59,9878.65,9937.52,9856.42,39634.18
2026-09-04T01:41:30Z,9956.31,9872.42,9934.25,9850.32,39613.30
2026-09-04T01:42:41Z,9955.33,9871.59,9933.72,9845.39,39606.04
2026-09-04T01:43:41Z,9954.26,9871.23,9932.74,9868.28,39626.51
2026-09-04T01:44:41Z,9954.26,9871.23,9932.74,9868.28,39626.51
2026-09-04T01:45:52Z,9950.06,9866.69,9930.49,9858.61,39605.85
2026-09-04T01:47:03Z,9950.83,9870.88,9931.09,9851.55,39604.35
2026-09-04T01:48:14Z,9952.18,9870.83,9931.19,9872.60,39626.80
2026-09-04T01:51:18Z,9961.96,9878.19,9938.32,9882.60,39661.07
2026-09-04T01:52:28Z,9960.95,9878.72,9937.07,9878.55,39655.29
2026-09-04T01:53:40Z,9965.57,9884.20,9938.66,9890.04,39678.47
2026-09-04T01:54:41Z,9965.47,9883.74,9939.85,9890.57,39679.62
2026-09-04T01:55:44Z,9965.47,9883.74,9939.85,9890.57,39679.62
2026-09-04T01:56:55Z,9971.20,9889.23,9944.92,9889.97,39695.32
2026-09-04T01:58:05Z,9961.62,9872.03,9945.50,9892.38,39671.53
2026-09-04T01:59:16Z,9959.61,9871.06,9947.20,9896.88,39674.76
2026-09-04T02:02:18Z,9954.44,9866.35,9946.04,9884.62,39651.45
2026-09-04T02:03:29Z,9948.42,9859.06,9941.19,9880.23,39628.90
2026-09-04T02:04:39Z,9947.40,9860.92,9940.99,9878.36,39627.67
2026-09-04T02:05:40Z,9948.51,9862.38,9940.98,9876.54,39628.41
2026-09-04T02:06:43Z,9944.96,9859.38,9937.20,9867.75,39609.30
2026-09-04T02:07:54Z,9944.15,9857.14,9937.33,9867.01,39605.63
2026-09-04T02:09:05Z,9945.90,9858.09,9939.64,9864.01,39607.63
2026-09-04T02:10:15Z,9944.25,9857.37,9937.49,9855.97,39595.08
2026-09-04T02:13:16Z,9941.59,9856.42,9936.56,9847.67,39582.24
2026-09-04T02:15:10Z,9942.24,9853.49,9937.15,9841.19,39574.07
2026-09-04T02:16:20Z,9943.23,9853.24,9936.76,9835.03,39568.25
2026-09-04T02:17:26Z,9948.80,9859.97,9941.68,9838.43,39588.87
2026-09-04T02:18:27Z,9951.20,9862.57,9942.69,9849.21,39605.67
2026-09-04T02:19:35Z,9950.62,9862.22,9941.95,9842.32,39597.10
2026-09-04T02:20:45Z,9948.84,9857.11,9940.07,9838.25,39584.27
2026-09-04T02:21:56Z,9950.89,9860.17,9941.57,9841.79,39594.42
2026-09-04T02:24:18Z,9947.99,9855.34,9938.18,9838.06,39579.57
2026-09-04T02:25:19Z,9948.28,9855.36,9938.03,9840.15,39581.81
2026-09-04T02:26:29Z,9943.88,9853.84,9936.70,9837.08,39571.50
2026-09-04T02:27:40Z,9944.43,9857.08,9937.69,9838.37,39577.57
2026-09-04T02:28:42Z,9943.23,9855.55,9934.42,9844.84,39578.04
2026-09-04T02:29:52Z,9945.70,9857.49,9936.80,9846.98,39586.96
2026-09-04T02:30:59Z,9944.77,9856.90,9935.09,9850.28,39587.04
2026-09-04T02:32:09Z,9944.46,9855.77,9933.85,9849.52,39583.61
2026-09-04T02:35:18Z,9952.03,9861.60,9941.24,9864.63,39619.50
2026-09-04T02:36:28Z,9950.67,9860.90,9940.71,9873.16,39625.45
2026-09-04T02:37:38Z,9944.98,9860.82,9932.97,9850.88,39589.65
2026-09-04T02:38:39Z,9943.82,9858.74,9932.01,9854.42,39589.00
2026-09-04T02:39:43Z,9946.12,9856.40,9933.37,9849.23,39585.13
2026-09-04T02:40:54Z,9951.17,9857.60,9938.45,9852.16,39599.37
2026-09-04T02:42:05Z,9953.50,9858.92,9941.28,9856.78,39610.47
2026-09-04T02:43:15Z,9951.69,9852.45,9941.48,9854.36,39599.98
2026-09-04T02:46:18Z,9951.22,9852.05,9940.23,9856.76,39600.27
2026-09-04T02:47:28Z,9945.92,9849.09,9935.17,9846.57,39576.75
2026-09-04T02:48:39Z,9944.77,9848.17,9934.38,9847.05,39574.37
2026-09-04T02:49:46Z,9945.18,9846.32,9933.97,9845.88,39571.35
2026-09-04T02:50:43Z,9943.76,9846.34,9933.03,9851.22,39574.35
2026-09-04T02:51:53Z,9944.08,9848.74,9933.34,9857.06,39583.23
2026-09-04T02:52:56Z,9943.55,9849.22,9932.66,9858.90,39584.33
2026-09-04T02:54:05Z,9949.39,9849.53,9936.51,9859.47,39594.89
2026-09-04T02:57:17Z,9954.88,9854.02,9938.26,9881.71,39628.87
2026-09-04T02:58:29Z,9955.16,9859.73,9938.31,9902.71,39655.91
2026-09-04T03:18:24Z,9956.55,9869.54,9939.35,9858.52,39623.97
2026-09-04T03:19:35Z,9955.35,9867.49,9937.90,9857.30,39618.04
2026-09-04T03:20:46Z,9957.56,9870.12,9941.00,9861.79,39630.47
2026-09-04T03:22:07Z,9955.33,9869.86,9939.39,9857.11,39621.68
2026-09-04T03:22:56Z,9955.33,9869.86,9939.39,9857.11,39621.68
2026-09-04T03:24:06Z,9955.74,9869.18,9940.16,9852.41,39617.49
2026-09-04T03:25:17Z,9958.27,9867.45,9943.02,9848.78,39617.52
2026-09-04T03:26:34Z,9958.43,9866.62,9943.58,9849.97,39618.60
2026-09-04T03:29:18Z,9951.52,9861.54,9936.95,9832.85,39582.86
2026-09-04T03:30:29Z,9956.91,9865.50,9942.39,9835.04,39599.84
2026-09-04T03:31:39Z,9956.74,9868.96,9942.60,9826.69,39595.00
2026-09-04T03:32:44Z,9956.07,9871.26,9942.20,9816.79,39586.32
2026-09-04T03:34:31Z,9959.24,9871.73,9945.74,9824.81,39601.51
2026-09-04T03:35:40Z,9958.64,9870.13,9945.04,9827.03,39600.84
2026-09-04T03:36:49Z,9955.99,9864.10,9942.21,9826.75,39589.05
2026-09-04T03:37:59Z,9955.96,9870.16,9941.88,9820.34,39588.34
2026-09-04T03:41:22Z,9959.41,9874.76,9945.19,9816.84,39596.20
2026-09-04T03:42:35Z,9957.86,9874.52,9943.04,9816.07,39591.49
2026-09-04T03:43:45Z,9955.79,9872.53,9941.68,9801.79,39571.78
2026-09-04T03:44:54Z,9955.96,9869.03,9941.96,9807.98,39574.92
2026-09-04T03:47:28Z,9959.13,9875.27,9944.43,9804.73,39583.56
2026-09-04T03:48:47Z,9955.54,9873.45,9940.51,9802.81,39572.32
2026-09-04T03:49:57Z,9956.14,9876.13,9940.94,9801.09,39574.31
2026-09-04T03:53:21Z,9958.41,9876.61,9942.86,9812.28,39590.16
2026-09-04T03:54:35Z,9959.08,9877.82,9943.17,9824.09,39604.16
2026-09-04T03:55:57Z,9960.86,9879.13,9945.17,9826.34,39611.51
2026-09-04T03:57:10Z,9959.50,9871.17,9943.87,9821.80,39596.33
2026-09-04T04:00:48Z,9957.05,9864.99,9941.99,9809.76,39573.79
2026-09-04T04:01:58Z,9955.00,9864.55,9939.72,9797.62,39556.89
2026-09-04T04:03:10Z,9952.30,9864.39,9936.66,9791.73,39545.08
2026-09-04T04:07:19Z,9952.21,9855.58,9935.66,9794.31,39537.75
2026-09-04T04:08:29Z,9951.81,9853.53,9934.89,9787.19,39527.42
2026-09-04T04:09:38Z,9950.04,9842.52,9932.20,9782.31,39507.07
2026-09-04T04:10:39Z,9950.04,9842.52,9932.20,9782.31,39507.07
2026-09-04T04:11:47Z,9946.18,9844.06,9928.12,9780.87,39499.23
2026-09-04T04:12:57Z,9948.14,9846.17,9930.20,9789.57,39514.08
2026-09-04T04:14:07Z,9948.88,9856.27,9931.13,9788.64,39524.92
2026-09-04T04:15:19Z,9951.79,9858.12,9933.50,9804.88,39548.29
2026-09-04T04:18:19Z,9960.73,9859.86,9941.90,9817.88,39580.37
2026-09-04T04:19:30Z,9959.92,9856.28,9940.58,9811.83,39568.61
2026-09-04T04:20:40Z,9962.29,9859.97,9942.11,9821.32,39585.69
2026-09-04T04:21:40Z,9964.17,9861.98,9944.00,9825.14,39595.30
2026-09-04T04:27:25Z,9968.05,9865.49,9948.79,9850.51,39632.84
2026-09-04T04:28:35Z,9971.25,9869.16,9952.37,9852.25,39645.03
2026-09-04T04:29:45Z,9974.62,9872.12,9955.57,9860.32,39662.63
2026-09-04T04:30:45Z,9976.56,9873.61,9957.43,9868.88,39676.48
2026-09-04T04:31:43Z,9976.56,9873.61,9957.43,9868.88,39676.48
2026-09-04T04:32:52Z,9981.26,9886.40,9961.83,9879.29,39708.78
2026-09-04T04:34:03Z,9979.90,9872.42,9958.46,9871.16,39681.94
2026-09-04T04:35:13Z,9981.85,9885.88,9960.83,9874.98,39703.54
2026-09-04T04:38:19Z,9982.01,9886.18,9962.03,9871.36,39701.58
2026-09-04T04:39:30Z,9981.73,9869.82,9963.21,9877.89,39692.65
2026-09-04T04:40:47Z,9982.43,9868.17,9964.18,9874.44,39689.23
2026-09-04T04:41:47Z,9972.14,9861.19,9954.28,9863.98,39651.60
2026-09-04T04:42:44Z,9972.14,9861.19,9954.28,9863.98,39651.60
2026-09-04T04:43:54Z,9967.11,9859.42,9949.17,9848.28,39623.99
2026-09-04T04:45:04Z,9965.75,9859.69,9947.30,9844.30,39617.04
2026-09-04T04:46:14Z,9960.77,9857.36,9944.00,9822.10,39584.23
2026-09-04T04:49:16Z,9961.30,9857.07,9942.51,9814.79,39575.67
2026-09-04T04:50:26Z,9961.30,9857.07,9942.51,9814.79,39575.67
2026-09-04T04:51:35Z,9957.71,9852.17,9938.46,9806.78,39555.13
2026-09-04T04:52:36Z,9954.56,9850.80,9935.35,9809.15,39549.87
2026-09-04T04:53:44Z,9954.75,9850.00,9935.28,9812.40,39552.44
2026-09-04T04:55:02Z,9953.77,9848.18,9933.96,9814.74,39550.65
2026-09-04T04:56:12Z,9956.63,9851.38,9936.39,9815.04,39559.43
2026-09-04T04:57:22Z,9955.03,9853.61,9934.64,9815.11,39558.38
2026-09-04T05:00:14Z,9952.33,9850.34,9932.51,9810.26,39545.43
2026-09-04T05:01:43Z,9949.15,9846.76,9929.50,9795.50,39520.90
2026-09-04T05:02:54Z,9949.15,9846.76,9929.50,9795.50,39520.90
2026-09-04T05:04:02Z,9941.64,9840.02,9923.20,9790.45,39495.31
2026-09-04T05:04:39Z,9941.64,9840.02,9923.20,9790.45,39495.31
2026-09-04T05:05:50Z,9944.63,9845.98,9927.54,9797.56,39515.71
2026-09-04T05:06:56Z,9942.64,9847.78,9926.34,9783.79,39500.55
2026-09-04T05:08:06Z,9942.11,9848.93,9925.78,9791.28,39508.10
2026-09-04T05:11:18Z,9946.54,9854.73,9929.90,9803.18,39534.36
2026-09-04T05:12:29Z,9944.33,9852.79,9927.70,9799.50,39524.32
2026-09-04T05:13:40Z,9942.20,9850.83,9926.09,9789.27,39508.38
2026-09-04T05:14:47Z,9941.29,9850.98,9926.27,9789.01,39507.55
2026-09-04T05:15:45Z,9941.29,9850.98,9926.27,9789.01,39507.55
2026-09-04T05:16:57Z,9938.87,9850.25,9924.10,9785.78,39498.99
2026-09-04T05:18:13Z,9938.27,9848.45,9923.05,9788.11,39497.87
2026-09-04T05:20:07Z,9940.64,9851.78,9924.93,9783.79,39501.14
2026-09-04T05:22:18Z,9946.99,9861.54,9930.84,9802.36,39541.73
2026-09-04T05:23:28Z,9941.88,9857.27,9925.91,9798.11,39523.16
2026-09-04T05:24:31Z,9940.44,9856.53,9924.32,9800.85,39522.14
2026-09-04T05:25:42Z,9942.94,9858.10,9925.98,9806.57,39533.59
2026-09-04T05:28:55Z,9940.28,9858.70,9922.54,9798.43,39519.96
2026-09-04T05:30:18Z,9939.86,9857.48,9918.14,9794.27,39509.75
2026-09-04T05:31:27Z,9935.26,9852.02,9914.47,9780.26,39482.01
2026-09-04T05:32:28Z,9930.38,9846.14,9907.63,9765.18,39449.33
2026-09-04T05:35:40Z,9929.69,9844.43,9908.85,9757.04,39440.01
2026-09-04T05:36:53Z,9932.06,9848.01,9912.58,9753.99,39446.63
2026-09-04T05:38:04Z,9929.36,9846.43,9911.14,9752.53,39439.47
2026-09-04T05:39:05Z,9931.35,9847.37,9912.79,9753.75,39445.25
2026-09-04T05:41:16Z,9927.04,9841.80,9909.26,9741.02,39419.11
2026-09-04T05:41:38Z,9927.04,9841.80,9909.26,9741.02,39419.11
2026-09-04T05:42:48Z,9925.61,9842.44,9909.06,9731.99,39409.10
2026-09-04T05:43:59Z,9926.37,9841.95,9910.82,9733.84,39412.98
2026-09-04T05:45:01Z,9928.74,9845.63,9912.49,9731.23,39418.09
2026-09-04T06:00:32Z,9919.19,9842.39,9911.13,9679.42,39352.13
2026-09-04T06:01:42Z,9923.59,9846.87,9913.43,9688.18,39372.07
2026-09-04T06:02:53Z,9921.74,9844.61,9912.14,9680.18,39358.67
2026-09-04T06:03:53Z,9921.41,9843.38,9911.02,9685.54,39361.35
2026-09-04T06:11:22Z,9925.34,9839.83,9911.90,9675.48,39352.56
2026-09-04T06:13:03Z,9928.26,9844.19,9912.77,9685.36,39370.57
2026-09-04T06:14:13Z,9928.06,9845.58,9913.85,9692.51,39380.00
2026-09-04T06:15:16Z,9928.29,9848.84,9916.73,9687.24,39381.09
2026-09-04T06:15:42Z,9928.29,9848.84,9916.73,9687.24,39381.09
2026-09-04T06:16:54Z,9925.82,9844.51,9914.51,9682.41,39367.25
2026-09-04T06:18:05Z,9924.43,9843.90,9914.05,9678.54,39360.92
2026-09-04T06:19:16Z,9920.48,9842.06,9912.29,9673.02,39347.85
2026-09-04T06:22:17Z,9919.68,9838.01,9909.77,9667.12,39334.57
2026-09-04T06:24:14Z,9919.68,9837.39,9909.19,9660.32,39326.57
2026-09-04T06:25:25Z,9919.20,9837.07,9907.98,9659.62,39323.87
2026-09-04T06:26:33Z,9915.18,9831.51,9904.09,9655.71,39306.49
2026-09-04T06:26:45Z,9915.18,9831.51,9904.09,9655.71,39306.49
2026-09-04T06:27:56Z,9913.35,9826.78,9902.90,9651.42,39294.45
2026-09-04T06:29:26Z,9910.71,9814.54,9900.62,9644.83,39270.70
2026-09-04T06:30:31Z,9910.20,9815.34,9900.94,9654.75,39281.22
2026-09-04T06:33:15Z,9906.76,9812.77,9897.58,9654.50,39271.62
2026-09-04T06:34:24Z,9906.65,9814.03,9898.01,9659.58,39278.26
2026-09-04T06:35:35Z,9910.23,9817.33,9898.51,9664.46,39290.53
2026-09-04T06:36:38Z,9908.79,9814.40,9896.37,9663.97,39283.53
2026-09-04T06:39:15Z,9902.88,9809.31,9893.40,9642.71,39248.29
2026-09-04T06:40:26Z,9903.23,9809.38,9891.72,9647.27,39251.60
2026-09-04T06:41:47Z,9911.41,9819.25,9893.71,9666.52,39290.89
2026-09-04T06:42:55Z,9915.66,9824.17,9895.94,9663.80,39299.58
2026-09-04T06:46:16Z,9918.36,9837.38,9895.88,9657.80,39309.42
2026-09-04T06:48:09Z,9920.32,9841.71,9897.95,9657.28,39317.27
2026-09-04T06:49:57Z,9917.79,9837.76,9896.61,9647.11,39299.26
2026-09-04T06:50:39Z,9917.79,9837.76,9896.61,9647.11,39299.26
2026-09-04T06:54:55Z,9914.44,9832.05,9901.76,9659.65,39307.90
2026-09-04T07:01:56Z,9915.15,9844.18,9901.98,9667.68,39329.00
2026-09-04T07:03:24Z,9918.07,9846.06,9902.37,9670.72,39337.23
2026-09-04T07:04:25Z,9920.88,9850.05,9904.91,9680.12,39355.96
2026-09-04T07:05:25Z,9920.83,9851.97,9905.38,9685.26,39363.43
2026-09-04T07:08:16Z,9923.04,9859.93,9910.06,9699.93,39392.96
2026-09-04T07:09:26Z,9925.81,9868.12,9914.02,9713.87,39421.81
2026-09-04T07:10:26Z,9925.81,9868.12,9914.02,9713.87,39421.81
2026-09-04T07:11:27Z,9929.12,9873.37,9917.03,9723.99,39443.51
2026-09-04T07:12:39Z,9930.74,9873.48,9917.24,9728.17,39449.63
2026-09-04T07:13:48Z,9930.53,9872.63,9916.73,9731.63,39451.52
2026-09-04T07:14:59Z,9931.08,9874.05,9916.87,9729.80,39451.80
2026-09-04T07:16:00Z,9933.83,9877.06,9918.20,9739.23,39468.31
2026-09-04T07:19:17Z,9925.74,9868.56,9916.38,9729.48,39440.16
2026-09-04T07:20:27Z,9926.83,9874.29,9921.13,9732.25,39454.49
2026-09-04T07:21:30Z,9925.86,9875.71,9922.78,9734.23,39458.58
2026-09-04T07:22:31Z,9928.63,9878.25,9923.08,9738.24,39468.21
2026-09-04T07:23:40Z,9924.52,9873.43,9921.26,9731.53,39450.74
2026-09-04T07:24:51Z,9923.59,9871.75,9920.77,9724.43,39440.54
2026-09-04T07:26:01Z,9923.76,9873.45,9922.11,9718.99,39438.30
2026-09-04T07:27:04Z,9923.14,9873.68,9922.92,9728.76,39448.50
2026-09-04T07:30:13Z,9926.36,9876.58,9921.44,9751.02,39475.40
2026-09-04T07:31:23Z,9926.13,9876.99,9920.79,9750.08,39473.98
2026-09-04T07:32:26Z,9926.99,9880.40,9921.87,9748.41,39477.66
2026-09-04T07:33:27Z,9924.85,9877.24,9921.74,9746.39,39470.22
2026-09-04T07:34:37Z,9927.02,9880.60,9923.49,9756.39,39487.50
2026-09-04T07:35:45Z,9928.58,9882.21,9924.32,9758.71,39493.82
2026-09-04T07:36:56Z,9925.78,9879.01,9922.56,9750.14,39477.48
2026-09-04T07:37:59Z,9923.61,9879.67,9923.56,9751.63,39478.47
2026-09-04T07:41:14Z,9917.56,9853.19,9913.00,9733.72,39417.47
2026-09-04T07:42:25Z,9920.41,9867.26,9913.00,9740.87,39441.54
2026-09-04T07:43:28Z,9921.85,9869.07,9913.00,9743.17,39447.09
2026-09-04T07:44:31Z,9921.42,9868.57,9913.00,9743.38,39446.37
2026-09-04T07:47:13Z,9923.02,9872.70,9913.00,9738.01,39446.72
2026-09-04T07:48:23Z,9917.87,9868.97,9913.00,9731.00,39430.84
2026-09-04T07:49:23Z,9918.45,9870.11,9913.00,9729.60,39431.16
2026-09-04T07:50:24Z,9920.42,9872.14,9913.00,9731.43,39436.99
2026-09-04T07:56:31Z,9917.09,9861.54,9913.00,9719.04,39410.67
2026-09-04T07:57:42Z,9915.29,9861.26,9913.00,9718.90,39408.45
2026-09-04T08:00:03Z,9908.38,9851.26,9913.00,9712.85,39385.49
2026-09-04T08:01:03Z,9907.22,9852.59,9913.00,9707.30,39380.11
2026-09-04T08:02:14Z,9907.09,9852.18,9913.00,9709.71,39381.97
2026-09-04T08:03:24Z,9907.73,9854.09,9913.00,9715.60,39390.41
2026-09-04T08:04:39Z,9904.14,9848.97,9913.00,9725.99,39392.10
2026-09-04T08:05:39Z,9905.83,9850.24,9913.00,9737.14,39406.21
2026-09-04T08:06:46Z,9905.24,9851.73,9913.00,9740.57,39410.53
2026-09-04T08:07:56Z,9898.55,9845.12,9913.00,9732.88,39389.55
2026-09-04T08:09:08Z,9908.80,9854.17,9913.00,9747.87,39423.84
2026-09-04T08:11:06Z,9912.25,9856.26,9913.00,9759.28,39440.78
2026-09-04T08:12:07Z,9913.45,9858.26,9911.20,9756.53,39439.44
2026-09-04T08:13:18Z,9913.03,9854.88,9908.90,9765.28,39442.09
2026-09-04T08:14:28Z,9914.28,9857.99,9910.92,9764.29,39447.49
2026-09-04T08:15:50Z,9913.17,9856.00,9910.50,9753.34,39433.02
2026-09-04T08:16:50Z,9913.89,9858.55,9910.50,9755.25,39438.19
2026-09-04T08:17:51Z,9916.34,9859.75,9910.42,9751.84,39438.35
2026-09-04T08:19:01Z,9914.62,9857.59,9909.47,9748.11,39429.79
2026-09-04T08:22:17Z,9919.78,9868.07,9908.97,9755.05,39451.87
2026-09-04T08:23:18Z,9918.27,9867.73,9908.33,9753.03,39447.36
2026-09-04T08:24:29Z,9916.41,9867.40,9908.81,9753.98,39446.60
2026-09-04T08:25:30Z,9916.52,9865.53,9907.10,9760.14,39449.29
2026-09-04T08:26:41Z,9920.04,9865.24,9906.98,9764.41,39456.67
2026-09-04T08:27:53Z,9920.61,9865.32,9906.78,9765.06,39457.77
2026-09-04T08:28:53Z,9923.40,9871.35,9908.79,9772.12,39475.66
2026-09-04T08:30:23Z,9922.10,9869.61,9908.88,9775.15,39475.74
2026-09-04T08:35:16Z,9916.63,9865.85,9905.79,9776.36,39464.62
2026-09-04T08:36:27Z,9918.50,9867.82,9907.25,9780.25,39473.81
2026-09-04T08:37:28Z,9921.74,9873.54,9909.50,9778.43,39483.20
2026-09-04T08:38:29Z,9920.72,9873.78,9909.95,9776.21,39480.66
2026-09-04T08:39:39Z,9922.10,9875.80,9911.27,9778.18,39487.35
2026-09-04T08:40:49Z,9921.15,9876.24,9910.32,9772.00,39479.71
2026-09-04T08:42:19Z,9919.50,9875.25,9910.11,9771.04,39475.90
2026-09-04T08:43:23Z,9922.19,9882.57,9915.45,9781.56,39501.77
2026-09-04T08:46:17Z,9920.68,9879.66,9913.66,9790.86,39504.86
2026-09-04T08:47:33Z,9920.60,9878.54,9913.22,9790.40,39502.76
2026-09-04T08:48:36Z,9917.71,9875.74,9912.51,9783.04,39489.00
2026-09-04T08:49:37Z,9920.76,9881.07,9916.56,9797.84,39516.23
2026-09-04T08:50:40Z,9922.98,9885.24,9918.47,9796.72,39523.42
2026-09-04T08:51:48Z,9924.06,9886.60,9919.37,9802.09,39532.13
2026-09-04T08:52:58Z,9931.39,9917.80,9937.89,9826.85,39613.93
2026-09-04T08:54:01Z,9931.39,9917.80,9937.89,9826.85,39613.93
2026-09-04T08:56:02Z,9937.69,9945.81,9955.98,9852.62,39692.10
2026-09-04T08:57:10Z,9944.79,9963.68,9955.77,9868.69,39732.93
2026-09-04T08:58:21Z,9944.79,9963.68,9955.77,9868.69,39732.93
2026-09-04T08:59:25Z,9948.21,9973.19,9964.56,9881.77,39767.73
2026-09-04T09:03:16Z,9949.17,9986.01,9963.55,9899.23,39797.96
2026-09-04T09:04:26Z,9950.82,9962.01,9955.70,9889.98,39758.51
2026-09-04T09:05:27Z,9956.65,9967.15,9966.77,9903.17,39793.75
2026-09-04T09:06:27Z,9957.87,9966.69,9965.66,9900.55,39790.76
2026-09-04T09:07:40Z,9959.46,9969.20,9966.05,9896.56,39791.26
2026-09-04T09:08:51Z,9960.05,9966.31,9965.10,9896.39,39787.85
2026-09-04T09:10:11Z,9960.95,9955.56,9956.06,9896.69,39769.26
2026-09-04T09:11:14Z,9964.87,9960.94,9954.32,9897.87,39777.99
2026-09-04T09:14:35Z,9964.45,9969.65,9966.82,9901.17,39802.09
2026-09-04T09:15:48Z,9959.44,9962.14,9963.00,9894.98,39779.56
2026-09-04T09:16:54Z,9959.92,9960.27,9963.92,9892.21,39776.32
2026-09-04T09:17:58Z,9961.20,9964.40,9966.65,9896.88,39789.14
2026-09-04T09:18:39Z,9961.20,9964.40,9966.65,9896.88,39789.14
2026-09-04T09:19:49Z,9969.55,9973.83,9973.83,9923.15,39840.36
2026-09-04T09:20:55Z,9971.99,9977.39,9975.33,9925.80,39850.51
2026-09-04T09:21:58Z,9973.19,9979.53,9978.52,9945.14,39876.38
2026-09-04T09:23:01Z,9965.14,9965.52,9970.64,9920.78,39822.09
2026-09-04T09:25:16Z,9954.64,9940.42,9953.36,9895.76,39744.17
2026-09-04T09:26:23Z,9948.42,9934.82,9948.73,9880.51,39712.48
2026-09-04T09:27:31Z,9946.26,9931.15,9947.90,9881.78,39707.09
2026-09-04T09:28:34Z,9944.14,9936.29,9946.41,9885.19,39712.02
2026-09-04T09:29:39Z,9950.39,9946.01,9950.00,9903.11,39749.51
2026-09-04T09:30:48Z,9948.50,9939.26,9948.29,9899.71,39735.77
2026-09-04T09:31:51Z,9947.66,9937.23,9948.09,9902.34,39735.32
2026-09-04T09:32:58Z,9944.81,9932.37,9946.79,9903.36,39727.32
2026-09-04T09:34:03Z,9945.91,9935.51,9947.43,9903.14,39732.00
2026-09-04T09:36:14Z,9955.67,9954.26,9963.01,9917.41,39790.35
2026-09-04T09:37:17Z,9954.01,9940.44,9954.78,9939.55,39788.79
2026-09-04T09:38:22Z,9956.40,9950.43,9964.08,9950.85,39821.77
2026-09-04T09:39:46Z,9960.97,9958.61,9967.99,9962.68,39850.26
2026-09-04T09:40:40Z,9960.97,9958.61,9967.99,9962.68,39850.26
2026-09-04T09:41:48Z,9961.69,9952.58,9969.40,9950.90,39834.57
2026-09-04T09:42:51Z,9961.64,9953.11,9969.46,9954.99,39839.20
2026-09-04T09:43:57Z,9961.26,9944.75,9960.55,9943.75,39810.31
2026-09-04T09:45:02Z,9959.75,9941.40,9958.89,9943.17,39803.21
2026-09-04T09:47:14Z,9959.02,9942.00,9958.33,9947.81,39807.16
2026-09-04T09:48:18Z,9960.52,9949.83,9958.70,9965.27,39834.33
2026-09-04T09:50:11Z,9955.88,9946.62,9954.74,9967.95,39825.19
2026-09-04T09:51:14Z,9948.99,9935.79,9950.22,9963.70,39798.69
2026-09-04T09:51:40Z,9948.99,9935.79,9950.22,9963.70,39798.69
2026-09-04T09:52:49Z,9948.52,9937.11,9950.23,9960.39,39796.25
2026-09-04T09:53:52Z,9945.96,9933.69,9948.86,9970.44,39798.95
2026-09-04T09:54:53Z,9942.49,9932.62,9947.09,9978.02,39800.21
2026-09-04T09:56:01Z,9942.92,9933.71,9947.12,9982.02,39805.77
2026-09-04T09:56:58Z,9948.72,9941.35,9952.12,9994.39,39836.58
2026-09-04T09:58:06Z,9948.22,9940.34,9951.60,9991.39,39831.54
2026-09-04T09:59:09Z,9952.80,9954.53,9962.22,9998.64,39868.20
2026-09-04T10:00:09Z,9945.65,9939.68,9950.57,9969.72,39805.63
2026-09-04T10:01:18Z,9945.65,9939.68,9950.57,9969.72,39805.63
2026-09-04T10:04:18Z,9946.43,9937.64,9954.57,9969.93,39808.57
2026-09-04T10:05:24Z,9946.43,9937.64,9954.57,9969.93,39808.57
2026-09-04T10:06:32Z,9949.53,9941.61,9957.44,9964.91,39813.49
2026-09-04T10:07:41Z,9946.47,9937.75,9955.02,9958.46,39797.71
2026-09-04T10:08:44Z,9940.39,9934.57,9952.22,9948.01,39775.18
2026-09-04T10:09:54Z,9937.36,9937.34,9952.17,9941.23,39768.09
2026-09-04T10:11:04Z,9933.56,9936.77,9952.27,9940.72,39763.32
2026-09-04T10:12:04Z,9929.42,9930.95,9949.10,9932.30,39741.77
2026-09-04T10:15:16Z,9927.56,9925.79,9944.60,9955.87,39753.82
2026-09-04T10:16:26Z,9926.88,9922.94,9943.10,9949.33,39742.25
2026-09-04T10:17:27Z,9925.53,9922.51,9942.48,9958.57,39749.09
2026-09-04T10:18:28Z,9922.81,9913.38,9940.19,9948.20,39724.58
2026-09-04T10:19:40Z,9920.62,9895.96,9929.81,9939.82,39686.21
2026-09-04T10:20:52Z,9921.32,9899.35,9931.09,9938.64,39690.40
2026-09-04T10:22:01Z,9921.59,9900.95,9931.65,9937.28,39691.46
2026-09-04T10:23:02Z,9923.75,9914.82,9941.71,9940.33,39720.61
2026-09-04T10:26:17Z,9924.30,9904.90,9934.46,9934.42,39698.08
2026-09-04T10:27:27Z,9926.10,9906.20,9934.89,9938.63,39705.82
2026-09-04T10:28:33Z,9927.70,9907.65,9935.61,9938.51,39709.46
2026-09-04T10:29:34Z,9927.44,9906.43,9935.47,9931.46,39700.79
2026-09-04T10:30:41Z,9927.44,9906.43,9935.47,9931.46,39700.79
2026-09-04T10:31:46Z,9935.32,9923.67,9949.04,9947.85,39755.87
2026-09-04T10:32:56Z,9934.22,9921.09,9947.86,9953.02,39756.19
2026-09-04T10:34:02Z,9934.33,9918.54,9948.07,9950.02,39750.96
2026-09-04T10:37:12Z,9936.02,9921.95,9948.13,9958.09,39764.18
2026-09-04T10:38:22Z,9939.20,9925.00,9948.59,9970.06,39782.84
2026-09-04T10:39:28Z,9944.95,9932.64,9952.43,9976.01,39806.03
2026-09-04T10:40:31Z,9945.64,9933.67,9952.24,9978.09,39809.64
2026-09-04T10:41:41Z,9947.02,9936.22,9953.56,9985.07,39821.87
2026-09-04T10:42:47Z,9948.61,9939.04,9953.74,9996.28,39837.67
2026-09-04T10:43:57Z,9943.58,9933.51,9950.58,9988.84,39816.51
2026-09-04T10:45:00Z,9943.28,9932.83,9950.55,9984.63,39811.29
2026-09-04T10:46:03Z,9943.44,9933.40,9951.03,9982.17,39810.05
2026-09-04T10:48:11Z,9944.00,9934.11,9951.23,9976.67,39806.00
2026-09-04T10:49:21Z,9948.27,9939.84,9953.86,9976.71,39818.68
2026-09-04T10:50:31Z,9948.27,9939.84,9953.86,9976.71,39818.68
2026-09-04T10:51:33Z,9948.12,9940.83,9954.93,9985.41,39829.30
2026-09-04T10:52:39Z,9947.71,9941.44,9954.24,9980.51,39823.90
2026-09-04T10:53:44Z,9944.45,9937.04,9952.45,9975.43,39809.37
2026-09-04T10:54:55Z,9944.46,9938.30,9952.35,9984.53,39819.65
2026-09-04T10:55:58Z,9944.47,9937.37,9951.56,9986.64,39820.03
2026-09-04T10:57:00Z,9948.99,9941.67,9954.78,9988.76,39834.20
2026-09-04T10:57:55Z,9948.99,9941.67,9954.78,9988.76,39834.20
2026-09-04T10:59:00Z,9950.95,9946.04,9955.72,9989.70,39842.42
2026-09-04T11:00:20Z,9951.35,9944.51,9955.72,9994.86,39846.43
2026-09-04T11:01:23Z,9951.45,9945.79,9956.45,9989.01,39842.71
2026-09-04T11:05:20Z,9945.62,9934.73,9951.14,10001.04,39832.53
2026-09-04T11:06:29Z,9946.72,9934.94,9951.67,10001.14,39834.47
2026-09-04T11:07:31Z,9949.28,9938.93,9953.80,10006.54,39848.55
2026-09-04T11:08:50Z,9948.82,9939.31,9953.47,9997.87,39839.47
2026-09-04T11:09:44Z,9951.45,9941.06,9954.57,10008.15,39855.22
2026-09-04T11:10:55Z,9953.34,9942.66,9955.06,10019.30,39870.36
2026-09-04T11:12:05Z,9954.15,9942.97,9955.29,10010.04,39862.45
2026-09-04T11:13:06Z,9949.42,9940.02,9952.56,9999.03,39841.03
2026-09-04T11:16:17Z,9949.17,9942.38,9953.20,10014.18,39858.94
2026-09-04T11:17:34Z,9948.23,9940.80,9952.01,10020.02,39861.06
2026-09-04T11:18:45Z,9952.97,9945.82,9955.00,10031.98,39885.78
2026-09-04T11:19:46Z,9952.10,9946.49,9954.33,10032.39,39885.31
2026-09-04T11:20:42Z,9952.10,9946.49,9954.33,10032.39,39885.31
2026-09-04T11:21:55Z,9950.90,9942.83,9954.12,10031.13,39878.98
2026-09-04T11:23:06Z,9953.88,9944.72,9955.56,10040.35,39894.50
2026-09-04T11:24:09Z,9951.52,9940.44,9953.00,10035.66,39880.63
2026-09-04T11:27:16Z,9955.77,9945.04,9954.95,10060.64,39916.40
2026-09-04T11:28:26Z,9954.83,9946.98,9954.02,10067.67,39923.50
2026-09-04T11:29:32Z,9959.72,9950.24,9957.89,10093.61,39961.45
2026-09-04T11:30:35Z,9960.35,9951.65,9958.39,10083.54,39953.94
2026-09-04T11:31:42Z,9964.31,9953.75,9960.73,10098.55,39977.34
2026-09-04T11:32:50Z,9958.89,9948.29,9956.15,10077.20,39940.53
2026-09-04T11:33:58Z,9960.75,9948.52,9956.85,10092.35,39958.47
2026-09-04T11:35:04Z,9961.39,9949.42,9956.61,10099.84,39967.26
2026-09-04T11:38:19Z,9962.21,9953.27,9957.74,10106.36,39979.58
2026-09-04T11:39:32Z,9963.77,9954.93,9958.93,10111.25,39988.88
2026-09-04T11:40:35Z,9966.65,9957.66,9960.93,10119.52,40004.76
2026-09-04T11:41:39Z,9965.17,9959.31,9960.81,10117.12,40002.42
2026-09-04T11:42:43Z,9965.67,9960.49,9961.23,10115.15,40002.55
2026-09-04T11:43:53Z,9963.88,9956.97,9959.87,10117.97,39998.69
2026-09-04T11:45:10Z,9963.50,9954.85,9959.58,10119.95,39997.88
2026-09-04T11:46:11Z,9964.47,9957.09,9959.69,10119.22,40000.47
2026-09-04T11:49:18Z,9963.16,9957.67,9959.28,10102.49,39982.60
2026-09-04T11:50:28Z,9963.16,9957.67,9959.28,10102.49,39982.60
2026-09-04T11:51:29Z,9963.76,9960.51,9959.46,10110.54,39994.26
2026-09-04T11:52:37Z,9964.19,9963.65,9959.93,10104.75,39992.53
2026-09-04T11:53:49Z,9962.61,9959.67,9959.02,10093.12,39974.42
2026-09-04T11:55:00Z,9964.08,9960.37,9960.89,10092.04,39977.39
2026-09-04T11:56:11Z,9962.65,9960.83,9959.85,10086.47,39969.80
2026-09-04T11:57:11Z,9964.91,9962.39,9960.41,10082.39,39970.10
2026-09-04T11:59:05Z,9964.35,9960.93,9959.93,10073.85,39959.06
2026-09-04T12:00:17Z,9961.29,9959.54,9957.18,10058.54,39936.55
2026-09-04T12:01:27Z,9961.00,9958.19,9956.94,10053.09,39929.22
2026-09-04T12:02:28Z,9962.82,9962.66,9958.67,10053.02,39937.16
2026-09-04T12:06:17Z,9954.22,9948.42,9951.68,10033.38,39887.71
2026-09-04T12:07:47Z,9957.74,9952.47,9952.83,10044.80,39907.84
2026-09-04T12:08:49Z,9954.39,9950.84,9950.62,10046.59,39902.44
2026-09-04T12:09:50Z,9955.31,9951.87,9952.11,10034.16,39893.44
2026-09-04T12:10:41Z,9955.31,9951.87,9952.11,10034.16,39893.44
2026-09-04T12:11:58Z,9965.17,9959.53,9956.44,10048.88,39930.02
2026-09-04T12:13:09Z,9962.67,9953.00,9953.66,10040.10,39909.43
2026-09-04T12:14:15Z,9960.48,9950.81,9952.05,10015.22,39878.57
2026-09-04T12:17:11Z,9961.19,9951.61,9952.87,10021.49,39887.16
2026-09-04T12:18:22Z,9965.06,9956.13,9956.38,10037.43,39915.00
2026-09-04T12:19:45Z,9961.38,9951.13,9953.41,10026.37,39892.29
2026-09-04T12:20:45Z,9958.59,9947.15,9951.08,10018.39,39875.21
2026-09-04T12:21:49Z,9958.59,9948.34,9951.01,10022.09,39880.03
2026-09-04T12:22:55Z,9961.72,9951.39,9953.50,10026.65,39893.26
2026-09-04T12:24:06Z,9960.01,9949.49,9953.19,10025.60,39888.30
2026-09-04T12:25:12Z,9962.20,9953.22,9956.17,10019.52,39891.11
2026-09-04T12:28:43Z,9962.92,9952.94,9955.41,10020.99,39892.26
2026-09-04T12:29:53Z,9967.96,9962.57,9959.65,10018.34,39908.52
2026-09-04T12:31:00Z,9969.27,9965.19,9960.23,10019.35,39914.05
2026-09-04T12:32:00Z,9973.04,9983.68,9972.39,10024.27,39953.38
2026-09-04T12:33:00Z,9973.04,9983.68,9972.39,10024.27,39953.38
2026-09-04T12:34:03Z,9888.29,9847.99,9872.16,9830.27,39438.72
2026-09-04T12:39:31Z,9857.79,9805.75,9842.47,9749.39,39255.40
2026-09-04T12:40:42Z,9845.02,9780.68,9831.76,9704.92,39162.38
2026-09-04T12:42:32Z,9867.89,9829.98,9846.22,9753.72,39297.82
2026-09-04T12:43:38Z,9870.61,9835.89,9846.53,9764.98,39318.00
2026-09-04T12:47:20Z,9838.27,9780.76,9832.85,9695.72,39147.60
2026-09-04T12:48:26Z,9824.89,9753.09,9833.02,9652.85,39063.84
2026-09-04T12:49:45Z,9816.26,9747.91,9833.30,9636.93,39034.40
2026-09-04T12:50:48Z,9828.71,9777.46,9842.64,9662.53,39111.35
2026-09-04T12:51:41Z,9828.71,9777.46,9842.64,9662.53,39111.35
2026-09-04T12:52:52Z,9837.25,9783.35,9842.35,9685.03,39147.97
2026-09-04T12:54:07Z,9844.55,9794.96,9845.41,9692.66,39177.59
2026-09-04T13:01:19Z,9837.47,9795.25,9839.45,9665.82,39137.99
2026-09-04T13:02:30Z,9832.02,9785.83,9836.80,9641.53,39096.17
2026-09-04T13:04:02Z,9843.67,9796.53,9839.25,9658.20,39137.66
2026-09-04T13:05:03Z,9843.67,9796.53,9839.25,9658.20,39137.66
2026-09-04T13:05:43Z,9843.67,9796.53,9839.25,9658.20,39137.66
2026-09-04T13:07:15Z,9837.91,9796.37,9840.31,9674.22,39148.80
2026-09-04T13:08:26Z,9832.54,9793.50,9841.94,9653.46,39121.44
2026-09-04T13:09:26Z,9832.54,9793.50,9841.94,9653.46,39121.44
2026-09-04T13:12:19Z,9839.67,9796.26,9841.24,9655.62,39132.79
2026-09-04T13:13:31Z,9830.97,9778.85,9834.26,9638.59,39082.66
2026-09-04T13:14:32Z,9828.30,9759.69,9819.82,9594.29,39002.10
2026-09-04T13:15:33Z,9831.69,9764.26,9819.82,9581.50,38997.27
2026-09-04T13:16:47Z,9829.67,9753.15,9819.82,9567.84,38970.48
2026-09-04T13:17:58Z,9827.39,9751.14,9819.82,9574.69,38973.04
2026-09-04T13:19:09Z,9836.03,9767.96,9819.82,9597.59,39021.40
2026-09-04T13:20:10Z,9834.08,9775.03,9819.82,9619.38,39048.31
2026-09-04T13:23:19Z,9840.82,9781.84,9819.82,9646.53,39089.01
2026-09-04T13:24:31Z,9841.17,9779.42,9819.82,9647.21,39087.62
2026-09-04T13:25:31Z,9843.77,9778.80,9819.82,9653.99,39096.40
2026-09-04T13:26:32Z,9842.88,9781.54,9819.82,9663.53,39107.77
2026-09-04T13:27:44Z,9836.14,9784.53,9819.82,9665.25,39105.74
2026-09-04T13:28:59Z,9833.57,9782.26,9819.82,9661.86,39097.52
2026-09-04T13:30:11Z,9836.40,9778.83,9819.82,9678.47,39113.53
2026-09-04T13:31:12Z,9832.27,9773.09,9819.82,9652.50,39077.68
2026-09-04T13:34:21Z,9844.17,9783.03,9819.82,9694.56,39141.59
2026-09-04T13:35:32Z,9841.77,9779.49,9819.82,9696.03,39137.12
2026-09-04T13:36:33Z,9828.68,9767.52,9819.82,9692.13,39108.15
2026-09-04T13:37:33Z,9823.50,9753.51,9819.82,9667.05,39063.88
2026-09-04T13:38:45Z,9813.15,9736.37,9819.82,9650.92,39020.26
2026-09-04T13:39:57Z,9828.74,9765.68,9819.82,9687.19,39101.43
2026-09-04T13:41:08Z,9839.56,9784.36,9819.82,9713.33,39157.06
2026-09-04T13:42:09Z,9837.66,9790.66,9819.82,9726.38,39174.53
2026-09-04T13:45:18Z,9837.17,9793.55,9819.82,9737.71,39188.26
2026-09-04T13:46:30Z,9836.67,9793.13,9819.82,9737.88,39187.51
2026-09-04T13:47:30Z,9837.50,9794.21,9819.82,9750.10,39201.63
2026-09-04T13:48:32Z,9849.59,9820.08,9819.82,9785.97,39275.47
2026-09-04T13:49:46Z,9861.55,9836.06,9819.82,9818.88,39336.31
2026-09-04T13:50:57Z,9857.53,9836.50,9819.82,9824.48,39338.33
2026-09-04T13:52:08Z,9858.48,9835.51,9819.82,9813.81,39327.62
2026-09-04T13:53:11Z,9852.58,9830.58,9819.82,9796.71,39299.69
2026-09-04T13:55:03Z,9849.10,9820.68,9819.82,9773.93,39263.53
2026-09-04T13:56:11Z,9838.04,9800.43,9819.82,9764.76,39223.06
2026-09-04T13:57:32Z,9826.96,9795.77,9819.82,9752.82,39195.37
2026-09-04T13:58:45Z,9832.55,9795.21,9819.82,9744.88,39192.47
2026-09-04T14:02:13Z,9829.17,9792.24,9819.82,9740.20,39181.43
2026-09-04T14:03:24Z,9831.49,9796.60,9819.82,9747.99,39195.90
2026-09-04T14:04:30Z,9829.91,9800.24,9819.82,9747.62,39197.59
2026-09-04T14:05:30Z,9831.39,9800.80,9819.82,9748.53,39200.54
2026-09-04T14:06:50Z,9832.01,9796.70,9819.82,9732.23,39180.76
2026-09-04T14:07:55Z,9833.90,9800.05,9819.82,9730.25,39184.03
2026-09-04T14:09:07Z,9831.64,9796.74,9819.82,9714.62,39162.81
2026-09-04T14:10:13Z,9826.12,9794.08,9819.82,9711.68,39151.69
2026-09-04T14:13:13Z,9813.15,9771.62,9819.82,9685.84,39090.44
2026-09-04T14:14:25Z,9812.63,9773.90,9819.82,9684.49,39090.85
2026-09-04T14:15:30Z,9815.67,9774.21,9819.82,9681.57,39091.27
2026-09-04T14:16:31Z,9819.81,9775.17,9819.82,9683.94,39098.75
2026-09-04T14:17:45Z,9822.10,9777.18,9819.82,9698.99,39118.08
2026-09-04T14:18:50Z,9819.62,9778.92,9819.82,9696.66,39115.02
2026-09-04T14:20:03Z,9809.56,9765.95,9819.82,9678.06,39073.39
2026-09-04T14:21:09Z,9812.13,9764.54,9819.82,9666.05,39062.55
2026-09-04T14:24:51Z,9811.49,9749.64,9819.82,9664.36,39045.31
2026-09-04T14:26:03Z,9819.41,9756.84,9819.82,9676.55,39072.62
2026-09-04T14:27:38Z,9818.18,9757.69,9819.82,9672.92,39068.61
2026-09-04T14:28:39Z,9825.01,9768.93,9819.82,9682.10,39095.87
2026-09-04T14:29:40Z,9828.29,9781.58,9819.82,9683.86,39113.56
2026-09-04T14:30:46Z,9823.01,9766.57,9819.82,9685.22,39094.63
2026-09-04T14:31:57Z,9820.58,9766.12,9819.82,9684.03,39090.56
2026-09-04T14:32:14Z,9820.58,9766.12,9819.82,9684.03,39090.56
2026-09-04T14:33:19Z,9805.42,9764.46,9819.82,9670.69,39060.39
2026-09-04T14:34:20Z,9806.04,9763.51,9819.82,9671.07,39060.43
2026-09-04T14:35:20Z,9798.97,9757.25,9819.82,9652.92,39028.95
2026-09-04T14:36:27Z,9799.84,9758.53,9819.82,9652.16,39030.35
2026-09-04T14:39:19Z,9810.36,9761.80,9819.82,9667.99,39059.97
2026-09-04T14:40:26Z,9803.93,9751.22,9819.82,9649.03,39024.00
2026-09-04T14:41:32Z,9803.62,9751.83,9819.82,9649.91,39025.18
2026-09-04T14:42:32Z,9804.55,9749.49,9819.82,9651.00,39024.86
2026-09-04T14:43:44Z,9794.38,9737.79,9819.82,9628.10,38980.10
2026-09-04T14:44:55Z,9790.37,9722.42,9819.82,9620.03,38952.64
2026-09-04T14:46:02Z,9784.79,9716.39,9819.82,9611.65,38932.65
2026-09-04T14:47:09Z,9774.19,9701.68,9819.82,9600.17,38895.86
2026-09-04T14:50:18Z,9778.73,9705.17,9819.82,9603.48,38907.20
2026-09-04T14:51:24Z,9766.73,9696.92,9819.82,9574.28,38857.76
2026-09-04T14:52:30Z,9764.54,9693.57,9819.82,9565.26,38843.20
2026-09-04T14:53:31Z,9768.65,9699.33,9819.82,9573.98,38861.78
2026-09-04T14:54:45Z,9774.58,9704.13,9819.82,9581.75,38880.28
2026-09-04T14:55:59Z,9769.03,9708.40,9819.82,9585.99,38883.24
2026-09-04T14:57:06Z,9764.16,9709.58,9819.82,9587.70,38881.26
2026-09-04T14:58:13Z,9776.92,9718.67,9819.82,9612.79,38928.20
2026-09-04T15:00:13Z,9772.38,9715.30,9819.82,9601.55,38909.05
2026-09-04T15:01:26Z,9772.09,9712.02,9819.82,9602.03,38905.95
2026-09-04T15:02:33Z,9772.25,9708.43,9819.82,9595.33,38895.82
2026-09-04T15:03:39Z,9766.41,9701.03,9819.82,9590.43,38877.70
2026-09-04T15:07:19Z,9781.53,9724.26,9819.82,9641.88,38967.50
2026-09-04T15:08:25Z,9784.37,9725.38,9819.82,9651.71,38981.28
2026-09-04T15:09:31Z,9785.36,9727.19,9819.82,9646.78,38979.15
2026-09-04T15:10:32Z,9792.07,9737.57,9819.82,9658.30,39007.76
2026-09-04T15:11:43Z,9790.30,9742.42,9819.82,9660.83,39013.37
2026-09-04T15:12:55Z,9787.45,9736.82,9819.82,9658.38,39002.48
2026-09-04T15:14:01Z,9787.20,9737.07,9819.82,9659.48,39003.58
2026-09-04T15:15:07Z,9787.48,9737.53,9819.82,9658.64,39003.47
2026-09-04T15:18:19Z,9795.56,9748.08,9819.82,9693.39,39056.86
2026-09-04T15:19:24Z,9794.27,9747.02,9819.82,9687.21,39048.33
2026-09-04T15:20:30Z,9794.27,9747.02,9819.82,9687.21,39048.33
2026-09-04T15:21:31Z,9793.34,9747.43,9819.82,9693.12,39053.71
2026-09-04T15:22:45Z,9793.28,9743.61,9819.82,9687.75,39044.46
2026-09-04T15:23:56Z,9791.84,9740.28,9819.82,9680.64,39032.58
2026-09-04T15:25:03Z,9797.24,9743.35,9819.82,9681.95,39042.36
2026-09-04T15:26:09Z,9799.32,9747.71,9819.82,9687.66,39054.51
2026-09-04T15:29:22Z,9795.72,9748.28,9819.82,9707.92,39071.75
2026-09-04T15:30:28Z,9798.79,9749.58,9819.82,9708.83,39077.02
2026-09-04T15:31:33Z,9804.29,9749.53,9819.82,9713.73,39087.37
2026-09-04T15:32:34Z,9804.66,9748.39,9819.82,9716.03,39088.90
2026-09-04T15:33:38Z,9807.91,9745.94,9819.82,9713.91,39087.58
2026-09-04T15:34:48Z,9803.21,9739.95,9819.82,9714.65,39077.64
2026-09-04T15:35:54Z,9796.74,9730.89,9819.82,9696.47,39043.92
2026-09-04T15:37:03Z,9798.53,9733.34,9819.82,9695.41,39047.10
2026-09-04T15:38:14Z,9802.33,9738.18,9819.82,9706.27,39066.60
2026-09-04T15:39:15Z,9804.61,9743.64,9819.82,9709.14,39077.22
2026-09-04T15:40:25Z,9805.27,9744.98,9819.82,9713.12,39083.19
2026-09-04T15:41:28Z,9807.67,9746.99,9819.82,9709.42,39083.90
2026-09-04T15:42:37Z,9813.24,9752.36,9819.82,9715.41,39100.83
2026-09-04T15:45:15Z,9812.02,9751.37,9819.82,9714.93,39098.14
2026-09-04T15:46:26Z,9816.36,9752.32,9819.82,9719.91,39108.41
2026-09-04T15:47:38Z,9814.53,9754.24,9819.82,9728.88,39117.48
2026-09-04T15:48:38Z,9812.25,9750.76,9819.82,9724.33,39107.17
2026-09-04T15:50:08Z,9811.08,9749.38,9819.82,9711.09,39091.37
2026-09-04T15:51:08Z,9813.05,9750.66,9819.82,9709.70,39093.24
2026-09-04T15:52:18Z,9807.79,9747.47,9819.82,9698.86,39073.94
2026-09-04T15:53:29Z,9811.67,9753.27,9819.82,9719.40,39104.17
2026-09-04T15:55:36Z,9812.53,9753.37,9819.82,9706.15,39091.87
2026-09-04T15:56:37Z,9815.70,9753.92,9819.82,9709.90,39099.34
2026-09-04T15:57:48Z,9816.73,9754.24,9819.82,9709.99,39100.78
2026-09-04T15:58:59Z,9816.11,9753.30,9819.82,9710.60,39099.83
2026-09-04T16:01:45Z,9814.44,9758.75,9819.82,9703.67,39096.68
2026-09-04T16:02:56Z,9810.61,9753.98,9819.82,9696.92,39081.34
2026-09-04T16:04:07Z,9810.90,9755.47,9819.82,9703.64,39089.84
2026-09-04T16:08:46Z,9822.65,9761.91,9819.82,9691.90,39096.29
2026-09-04T16:09:56Z,9826.78,9769.68,9819.82,9700.88,39117.16
2026-09-04T16:11:08Z,9828.90,9768.78,9819.82,9711.98,39129.48
2026-09-04T16:12:09Z,9829.22,9767.53,9819.82,9703.15,39119.72
2026-09-04T16:14:53Z,9831.35,9765.98,9819.82,9702.53,39119.69
2026-09-04T16:16:01Z,9831.35,9765.98,9819.82,9702.53,39119.69
2026-09-04T16:17:11Z,9829.43,9762.81,9818.32,9709.46,39120.02
2026-09-04T16:18:12Z,9835.80,9770.72,9824.14,9718.71,39149.38
2026-09-04T16:19:12Z,9834.58,9768.29,9822.69,9724.00,39149.56
2026-09-04T16:23:15Z,9841.00,9772.70,9823.87,9724.38,39161.95
2026-09-04T16:24:26Z,9839.53,9775.11,9825.14,9714.14,39153.92
2026-09-04T16:25:38Z,9837.65,9774.31,9824.17,9717.55,39153.69
2026-09-04T16:26:39Z,9840.58,9774.90,9824.82,9722.05,39162.34
2026-09-04T16:28:01Z,9841.42,9774.61,9824.59,9718.41,39159.02
2026-09-04T16:29:11Z,9840.92,9772.79,9825.13,9719.07,39157.92
2026-09-04T16:30:22Z,9840.92,9772.79,9825.13,9719.07,39157.92
2026-09-04T16:31:33Z,9842.17,9777.46,9826.90,9724.96,39171.50
2026-09-04T16:33:31Z,9847.64,9782.93,9832.47,9733.17,39196.21
2026-09-04T16:34:37Z,9857.54,9797.63,9840.69,9749.07,39244.92
2026-09-04T16:35:48Z,9877.52,9812.49,9843.13,9791.76,39324.89
2026-09-04T16:36:58Z,9869.40,9807.05,9843.13,9794.18,39313.78
2026-09-04T16:39:19Z,9869.91,9811.32,9843.13,9773.71,39298.08
2026-09-04T16:40:24Z,9867.97,9815.92,9843.13,9782.42,39309.45
2026-09-04T16:41:35Z,9866.72,9813.92,9843.13,9771.97,39295.75
2026-09-04T16:43:06Z,9868.23,9812.85,9843.13,9767.46,39291.68
2026-09-04T16:43:48Z,9868.23,9812.85,9843.13,9767.46,39291.68
2026-09-04T16:45:02Z,9872.89,9819.81,9843.13,9779.75,39315.59
2026-09-04T16:46:06Z,9871.41,9815.52,9843.13,9770.76,39300.82
2026-09-04T16:47:18Z,9873.72,9818.68,9843.13,9777.41,39312.94
2026-09-04T16:51:17Z,9897.09,9842.19,9843.13,9797.81,39380.23
2026-09-04T16:52:32Z,9899.67,9848.60,9843.13,9803.92,39395.33
2026-09-04T16:53:41Z,9898.70,9847.23,9843.13,9796.53,39385.59
2026-09-04T16:54:44Z,9896.37,9848.41,9843.13,9794.52,39382.44
2026-09-04T16:55:41Z,9896.37,9848.41,9843.13,9794.52,39382.44
2026-09-04T16:56:51Z,9892.00,9846.73,9843.13,9798.50,39380.37
2026-09-04T16:58:08Z,9893.64,9846.23,9843.13,9804.11,39387.12
2026-09-04T16:59:17Z,9884.04,9839.33,9843.13,9797.44,39363.95
2026-09-04T17:02:14Z,9876.98,9837.21,9843.13,9792.84,39350.16
2026-09-04T17:03:25Z,9879.67,9839.50,9843.13,9796.96,39359.26
2026-09-04T17:04:36Z,9878.84,9841.73,9843.13,9779.20,39342.91
2026-09-04T17:05:42Z,9880.00,9844.25,9843.13,9773.27,39340.66
2026-09-04T17:10:15Z,9881.12,9847.55,9843.13,9755.81,39327.61
2026-09-04T17:11:25Z,9886.16,9852.58,9843.13,9761.55,39343.42
2026-09-04T17:12:35Z,9884.07,9852.30,9843.13,9763.73,39343.24
2026-09-04T17:13:36Z,9888.13,9859.61,9843.13,9768.69,39359.57
2026-09-04T17:14:47Z,9882.54,9857.43,9843.13,9767.91,39351.01
2026-09-04T17:15:57Z,9881.72,9855.31,9843.13,9768.23,39348.39
2026-09-04T17:17:09Z,9879.04,9850.80,9843.13,9762.40,39335.37
2026-09-04T17:18:19Z,9857.27,9823.55,9841.63,9730.57,39253.02
2026-09-04T17:21:16Z,9858.79,9823.48,9841.63,9734.59,39258.49
2026-09-04T17:22:26Z,9863.79,9826.21,9840.13,9753.38,39283.51
2026-09-04T17:23:38Z,9857.18,9821.30,9841.63,9743.35,39263.45
2026-09-04T17:24:39Z,9858.09,9825.62,9841.52,9747.01,39272.24
2026-09-04T17:25:44Z,9856.00,9821.29,9841.69,9744.50,39263.48
2026-09-04T17:26:53Z,9855.57,9820.10,9842.29,9737.44,39255.41
2026-09-04T17:28:04Z,9852.90,9816.34,9842.78,9730.47,39242.49
2026-09-04T17:29:16Z,9853.75,9819.66,9842.93,9736.33,39252.67
2026-09-04T17:31:21Z,9850.24,9813.50,9844.04,9728.07,39235.85
2026-09-04T17:32:32Z,9851.15,9819.39,9843.34,9734.08,39247.97
2026-09-04T17:33:44Z,9852.00,9816.46,9841.10,9741.53,39251.09
2026-09-04T17:34:54Z,9850.92,9809.73,9841.37,9731.89,39233.91
2026-09-04T17:36:52Z,9851.43,9805.84,9841.37,9724.04,39222.69
2026-09-04T17:38:03Z,9850.83,9803.04,9839.74,9720.79,39214.41
2026-09-04T17:39:11Z,9847.62,9797.60,9849.57,9709.49,39204.29
2026-09-04T17:40:29Z,9848.03,9797.22,9849.04,9710.42,39204.70
2026-09-04T17:41:28Z,9849.39,9808.15,9841.12,9723.65,39222.31
2026-09-04T17:42:31Z,9848.27,9805.70,9849.16,9713.81,39216.95
2026-09-04T17:43:43Z,9849.44,9803.00,9847.94,9708.29,39208.67
2026-09-04T17:44:51Z,9846.68,9796.94,9850.53,9700.30,39194.45
2026-09-04T17:48:16Z,9846.59,9789.48,9852.22,9672.69,39160.99
2026-09-04T17:49:28Z,9848.27,9788.63,9849.60,9679.32,39165.82
2026-09-04T17:50:40Z,9847.69,9789.32,9850.68,9676.52,39164.22
2026-09-04T17:51:43Z,9847.87,9789.11,9850.39,9679.89,39167.26
2026-09-04T17:52:47Z,9847.28,9788.76,9851.24,9677.17,39164.45
2026-09-04T17:53:58Z,9845.61,9786.54,9853.02,9674.04,39159.22
2026-09-04T17:55:09Z,9843.64,9787.69,9854.85,9668.92,39155.09
2026-09-04T17:56:20Z,9841.97,9787.91,9856.92,9657.35,39144.15
2026-09-04T17:59:13Z,9841.11,9789.47,9856.25,9665.55,39152.38
2026-09-04T18:00:24Z,9841.23,9789.92,9855.27,9669.86,39156.28
2026-09-04T18:01:34Z,9842.30,9788.78,9853.96,9675.53,39160.56
2026-09-04T18:02:35Z,9842.96,9788.98,9853.52,9677.46,39162.93
2026-09-04T18:06:15Z,9846.06,9786.47,9842.48,9698.19,39173.19
2026-09-04T18:07:26Z,9848.23,9784.78,9840.20,9702.45,39175.66
2026-09-04T18:08:38Z,9849.32,9783.16,9839.96,9710.88,39183.31
2026-09-04T18:09:46Z,9850.58,9783.27,9838.71,9719.54,39192.10
2026-09-04T18:10:51Z,9847.36,9784.56,9841.44,9702.64,39176.00
2026-09-04T18:12:01Z,9849.98,9785.07,9839.33,9706.54,39180.92
2026-09-04T18:13:11Z,9850.84,9785.98,9839.26,9709.08,39185.17
2026-09-04T18:14:23Z,9849.40,9784.73,9840.27,9693.72,39168.12
2026-09-04T18:18:18Z,9848.75,9784.76,9841.13,9678.58,39153.21
2026-09-04T18:19:29Z,9849.96,9786.44,9840.29,9691.32,39168.00
2026-09-04T18:20:39Z,9846.53,9788.08,9844.34,9693.22,39172.16
2026-09-04T18:21:40Z,9846.32,9789.37,9844.85,9694.65,39175.19
2026-09-04T18:22:43Z,9847.45,9790.32,9843.85,9696.00,39177.62
2026-09-04T18:23:53Z,9847.35,9789.74,9842.83,9700.68,39180.59
2026-09-04T18:25:04Z,9847.37,9790.66,9843.36,9701.68,39183.08
2026-09-04T18:26:15Z,9848.82,9791.75,9843.02,9700.23,39183.82
2026-09-04T18:28:14Z,9844.65,9789.73,9845.30,9698.25,39177.93
2026-09-04T18:29:24Z,9846.31,9789.71,9843.98,9697.73,39177.72
2026-09-04T18:30:35Z,9843.83,9788.33,9844.77,9694.42,39171.35
2026-09-04T18:31:55Z,9839.80,9788.35,9848.64,9686.45,39163.24
2026-09-04T18:33:25Z,9842.29,9787.64,9846.13,9693.31,39169.37
2026-09-04T18:34:36Z,9845.74,9791.06,9844.45,9703.17,39184.42
2026-09-04T18:35:47Z,9846.36,9789.51,9842.99,9707.81,39186.67
2026-09-04T18:36:57Z,9847.28,9790.72,9840.89,9709.51,39188.40
2026-09-04T18:38:07Z,9846.03,9789.03,9840.31,9708.96,39184.33
2026-09-04T18:39:08Z,9843.47,9790.07,9839.96,9704.05,39177.56
2026-09-04T18:40:16Z,9844.23,9789.29,9839.05,9709.15,39181.72
2026-09-04T18:41:29Z,9844.23,9789.29,9839.05,9709.15,39181.72
2026-09-04T18:45:16Z,9852.61,9787.12,9836.23,9728.64,39204.60
2026-09-04T18:46:36Z,9855.05,9788.48,9834.38,9732.23,39210.14
2026-09-04T18:48:07Z,9855.72,9785.99,9834.13,9739.83,39215.67
2026-09-04T18:49:08Z,9856.70,9786.41,9831.70,9736.26,39211.07
2026-09-04T18:49:42Z,9856.70,9786.41,9831.70,9736.26,39211.07
2026-09-04T18:50:53Z,9853.52,9787.58,9833.25,9735.47,39209.81
2026-09-04T18:52:03Z,9854.73,9787.27,9830.98,9741.80,39214.77
2026-09-04T18:54:03Z,9853.60,9786.40,9830.54,9748.74,39219.27
2026-09-04T18:55:06Z,9853.36,9786.42,9829.64,9756.41,39225.83
2026-09-04T18:56:16Z,9855.77,9785.73,9830.87,9770.67,39243.04
2026-09-04T18:57:27Z,9855.77,9785.73,9830.87,9770.67,39243.04
2026-09-04T18:59:43Z,9856.32,9786.36,9828.81,9758.87,39230.35
2026-09-04T19:00:46Z,9855.90,9786.28,9828.43,9758.87,39229.48
2026-09-04T19:01:57Z,9858.21,9786.33,9826.27,9760.84,39231.65
2026-09-04T19:03:08Z,9859.72,9786.25,9825.54,9762.42,39233.93
2026-09-04T19:06:39Z,9864.60,9788.33,9823.58,9781.85,39258.36
2026-09-04T19:07:51Z,9864.85,9787.73,9822.19,9781.61,39256.39
2026-09-04T19:09:02Z,9867.75,9787.12,9819.83,9781.19,39255.89
2026-09-04T19:10:02Z,9866.51,9787.80,9821.65,9779.50,39255.46
2026-09-04T19:10:47Z,9866.51,9787.80,9821.65,9779.50,39255.46
2026-09-04T19:11:57Z,9867.14,9787.26,9821.51,9781.67,39257.58
2026-09-04T19:13:09Z,9864.59,9786.82,9819.00,9769.62,39240.02
2026-09-04T19:14:20Z,9863.78,9787.91,9821.55,9771.34,39244.58
2026-09-04T19:18:33Z,9867.33,9786.58,9821.23,9774.48,39249.63
2026-09-04T19:19:43Z,9870.23,9786.20,9821.52,9764.97,39242.93
2026-09-04T19:20:54Z,9871.01,9784.75,9819.78,9766.19,39241.73
2026-09-04T19:21:55Z,9870.38,9781.54,9822.05,9770.74,39244.71
2026-09-04T19:22:59Z,9870.10,9781.35,9823.30,9771.55,39246.30
2026-09-04T19:24:09Z,9870.77,9780.25,9820.15,9788.49,39259.66
2026-09-04T19:25:21Z,9870.75,9780.59,9820.23,9792.34,39263.92
2026-09-04T19:26:31Z,9871.17,9779.49,9823.93,9794.11,39268.71
2026-09-04T19:28:43Z,9869.80,9777.78,9824.45,9793.47,39265.49
2026-09-04T19:29:54Z,9871.48,9778.07,9822.59,9788.69,39260.82
2026-09-04T19:31:04Z,9873.16,9776.99,9820.69,9797.96,39268.81
2026-09-04T19:32:15Z,9874.69,9775.04,9818.26,9799.45,39267.44
2026-09-04T19:34:19Z,9870.25,9775.27,9820.67,9786.83,39253.02
2026-09-04T19:35:27Z,9871.56,9776.10,9821.48,9784.03,39253.16
2026-09-04T19:37:33Z,9872.38,9776.05,9821.56,9786.33,39256.33
2026-09-04T19:38:45Z,9872.76,9777.54,9821.78,9776.21,39248.29
2026-09-04T19:39:48Z,9872.19,9777.31,9821.14,9771.48,39242.12
2026-09-04T19:41:02Z,9871.22,9777.30,9821.83,9767.54,39237.90
2026-09-04T19:42:04Z,9869.77,9774.28,9824.22,9755.54,39223.81
2026-09-04T19:43:21Z,9871.63,9776.16,9823.75,9764.13,39235.67
2026-09-04T19:44:37Z,9872.00,9774.23,9823.59,9756.68,39226.50
2026-09-04T19:45:43Z,9872.08,9775.10,9822.68,9745.85,39215.70
2026-09-04T19:51:17Z,9876.82,9769.86,9818.92,9765.84,39231.43
2026-09-04T19:52:28Z,9877.62,9771.43,9817.38,9764.89,39231.32
2026-09-04T19:53:40Z,9876.92,9769.55,9819.06,9769.00,39234.54
2026-09-04T19:54:41Z,9874.16,9768.56,9819.22,9762.47,39224.41
2026-09-04T19:55:53Z,9871.33,9771.58,9819.61,9753.11,39215.64
2026-09-04T19:57:04Z,9873.77,9771.08,9819.60,9755.87,39220.32
2026-09-04T19:58:15Z,9875.58,9773.20,9819.34,9755.57,39223.69
2026-09-04T19:59:25Z,9876.85,9774.36,9821.26,9754.43,39226.90
2026-09-04T20:04:17Z,9877.26,9775.67,9821.26,9759.04,39233.24
2026-09-04T20:05:27Z,9875.58,9774.43,9822.87,9749.71,39222.59
2026-09-04T20:06:39Z,9877.39,9777.16,9823.37,9754.22,39232.13
2026-09-04T20:07:40Z,9877.10,9776.50,9822.70,9748.89,39225.19
2026-09-04T20:08:41Z,9877.19,9775.14,9821.73,9750.78,39224.83
2026-09-04T20:09:51Z,9876.61,9774.27,9820.25,9746.38,39217.51
2026-09-04T20:11:02Z,9875.68,9774.82,9822.51,9743.67,39216.69
2026-09-04T20:12:14Z,9878.07,9774.79,9822.94,9748.54,39224.34
2026-09-04T20:17:17Z,9879.14,9775.08,9823.69,9725.91,39203.81
2026-09-04T20:18:29Z,9882.65,9774.62,9822.61,9724.66,39204.55
2026-09-04T20:19:39Z,9881.36,9774.24,9824.07,9722.05,39201.71
2026-09-04T20:20:42Z,9881.48,9774.63,9824.66,9724.26,39205.04
2026-09-04T20:21:51Z,9882.38,9771.95,9823.09,9724.31,39201.73
2026-09-04T20:23:02Z,9883.93,9770.31,9821.79,9723.04,39199.07
2026-09-04T20:24:12Z,9881.86,9772.02,9819.11,9712.26,39185.26
2026-09-04T20:25:21Z,9879.40,9771.25,9818.30,9712.85,39181.81
2026-09-04T20:28:34Z,9874.50,9768.71,9820.64,9711.34,39175.18
2026-09-04T20:29:44Z,9877.07,9770.11,9822.25,9716.62,39186.04
2026-09-04T20:30:55Z,9877.48,9770.53,9822.99,9721.76,39192.76
2026-09-04T20:31:55Z,9878.75,9771.29,9822.30,9722.91,39195.25
2026-09-04T20:34:03Z,9879.28,9770.94,9826.10,9730.90,39207.22
2026-09-04T20:35:14Z,9880.61,9769.33,9828.27,9735.83,39214.04
2026-09-04T20:36:25Z,9880.66,9770.42,9825.31,9731.53,39207.92
2026-09-04T20:37:25Z,9881.14,9772.27,9825.06,9735.22,39213.69
2026-09-04T20:38:32Z,9882.15,9772.71,9821.90,9744.31,39221.06
2026-09-04T20:39:43Z,9886.16,9772.77,9819.09,9743.54,39221.56
2026-09-04T20:40:54Z,9885.73,9772.39,9819.75,9745.61,39223.48
2026-09-04T20:42:05Z,9884.93,9772.05,9820.69,9742.34,39220.01
2026-09-04T20:47:17Z,9884.54,9769.18,9820.70,9743.92,39218.35
2026-09-04T20:48:28Z,9884.10,9769.49,9819.75,9742.23,39215.57
2026-09-04T20:49:39Z,9884.59,9768.71,9820.63,9746.49,39220.42
2026-09-04T20:50:40Z,9885.56,9770.15,9820.83,9756.76,39233.29
2026-09-04T20:51:42Z,9885.18,9769.81,9821.27,9754.01,39230.28
2026-09-04T20:52:53Z,9882.26,9769.09,9820.74,9743.90,39215.99
2026-09-04T20:54:04Z,9879.94,9766.59,9821.58,9741.57,39209.67
2026-09-04T20:55:15Z,9878.17,9766.80,9816.92,9741.56,39203.45
2026-09-04T20:59:59Z,9881.05,9768.08,9817.16,9739.94,39206.24
2026-09-04T21:01:09Z,9879.65,9766.58,9816.89,9737.19,39200.32
2026-09-04T21:02:20Z,9879.65,9766.58,9816.89,9737.19,39200.32
2026-09-04T21:03:21Z,9875.32,9764.15,9819.42,9730.04,39188.92
2026-09-04T21:04:14Z,9875.32,9764.15,9819.42,9730.04,39188.92
2026-09-04T21:05:26Z,9876.49,9764.38,9818.35,9732.72,39191.93
2026-09-04T21:06:36Z,9875.40,9764.64,9819.35,9734.66,39194.06
2026-09-04T21:07:47Z,9875.77,9765.63,9818.41,9731.43,39191.25
2026-09-04T21:13:17Z,9877.49,9763.50,9817.63,9744.46,39203.09
2026-09-04T21:14:27Z,9876.58,9762.90,9817.46,9744.51,39201.45
2026-09-04T21:15:38Z,9878.95,9762.25,9816.16,9747.23,39204.59
2026-09-04T21:16:39Z,9877.19,9761.69,9815.60,9744.31,39198.78
2026-09-04T21:17:47Z,9877.71,9762.08,9815.47,9748.88,39204.14
2026-09-04T21:18:56Z,9879.33,9760.23,9818.23,9751.26,39209.06
2026-09-04T21:20:07Z,9879.33,9760.23,9818.23,9751.26,39209.06
2026-09-04T21:21:19Z,9882.25,9759.93,9820.51,9766.16,39228.85
2026-09-04T21:24:11Z,9885.29,9760.45,9818.51,9776.99,39241.24
2026-09-04T21:25:20Z,9872.38,9760.84,9816.40,9772.71,39222.34
2026-09-04T21:26:31Z,9864.06,9761.34,9816.32,9763.19,39204.91
2026-09-04T21:27:31Z,9864.25,9763.95,9814.83,9755.18,39198.21
2026-09-04T21:29:17Z,9860.55,9763.59,9815.82,9749.16,39189.12
2026-09-04T21:30:28Z,9857.08,9762.47,9818.86,9747.32,39185.73
2026-09-04T21:31:38Z,9856.63,9762.34,9817.73,9733.72,39170.42
2026-09-04T21:32:39Z,9858.14,9762.57,9816.43,9738.14,39175.28
2026-09-04T21:33:44Z,9855.77,9762.92,9816.45,9741.18,39176.32
2026-09-04T21:35:40Z,9858.14,9762.11,9815.84,9743.79,39179.88
2026-09-04T21:36:58Z,9851.19,9761.89,9812.87,9734.07,39160.02
2026-09-04T21:38:09Z,9854.60,9762.36,9813.39,9735.90,39166.26
2026-09-04T21:42:21Z,9852.18,9761.62,9815.37,9741.49,39170.67
2026-09-04T21:43:31Z,9852.91,9762.01,9813.05,9736.12,39164.08
2026-09-04T21:44:42Z,9852.92,9761.64,9813.06,9740.11,39167.73
2026-09-04T21:46:02Z,9851.03,9760.21,9814.03,9736.04,39161.31
2026-09-04T21:46:42Z,9851.03,9760.21,9814.03,9736.04,39161.31
2026-09-04T21:47:52Z,9852.52,9760.73,9813.29,9735.16,39161.70
2026-09-04T21:49:02Z,9852.81,9760.02,9813.30,9732.17,39158.30
2026-09-04T21:50:12Z,9852.50,9760.10,9813.85,9730.36,39156.80
2026-09-04T21:56:17Z,9824.81,9759.01,9828.25,9672.16,39084.23
2026-09-04T21:57:28Z,9823.82,9757.60,9828.21,9664.57,39074.20
2026-09-04T21:58:38Z,9824.56,9760.38,9828.09,9672.08,39085.12
2026-09-04T21:59:39Z,9825.45,9763.05,9827.19,9668.32,39084.01
2026-09-04T22:00:50Z,9825.60,9763.23,9826.62,9673.86,39089.32
2026-09-04T22:02:00Z,9825.94,9763.66,9827.16,9669.85,39086.61
2026-09-04T22:03:12Z,9829.62,9761.90,9826.33,9682.27,39100.11
2026-09-04T22:04:22Z,9828.50,9762.94,9825.84,9678.30,39095.59
2026-09-04T22:09:17Z,9826.99,9762.51,9822.09,9676.16,39087.75
2026-09-04T22:10:26Z,9827.87,9762.14,9822.92,9677.62,39090.55
2026-09-04T22:11:37Z,9829.86,9762.14,9821.88,9682.20,39096.08
2026-09-04T22:12:37Z,9827.70,9763.93,9818.81,9676.74,39087.18
2026-09-04T22:13:47Z,9827.32,9764.39,9818.54,9683.01,39093.26
2026-09-04T22:14:57Z,9825.09,9763.85,9820.12,9677.34,39086.40
2026-09-04T22:16:07Z,9823.61,9762.80,9820.34,9674.96,39081.71
2026-09-04T22:17:18Z,9826.35,9762.20,9820.39,9669.34,39078.29
2026-09-04T22:22:16Z,9834.82,9763.72,9820.86,9669.61,39089.01
2026-09-04T22:23:27Z,9834.82,9763.72,9820.86,9669.61,39089.01
2026-09-04T22:24:37Z,9836.04,9766.04,9819.73,9671.50,39093.31
2026-09-04T22:25:38Z,9837.44,9765.11,9819.44,9677.54,39099.53
2026-09-04T22:26:45Z,9837.94,9764.95,9819.82,9676.26,39098.96
2026-09-04T22:28:04Z,9836.44,9762.52,9820.69,9673.94,39093.59
2026-09-04T22:29:15Z,9837.82,9761.93,9821.05,9674.24,39095.04
2026-09-04T22:30:25Z,9837.18,9765.07,9821.39,9656.96,39080.61
2026-09-04T22:32:39Z,9837.98,9765.88,9820.94,9652.68,39077.48
2026-09-04T22:33:49Z,9838.97,9765.19,9820.75,9658.28,39083.19
2026-09-04T22:34:59Z,9836.74,9764.47,9821.28,9643.42,39065.91
2026-09-04T22:36:10Z,9833.29,9763.52,9823.33,9636.18,39056.32
2026-09-04T22:39:59Z,9838.23,9763.69,9820.53,9643.65,39066.10
2026-09-04T22:41:10Z,9837.95,9763.56,9822.19,9640.76,39064.46
2026-09-04T22:42:21Z,9839.20,9763.94,9821.43,9642.49,39067.06
2026-09-04T22:43:21Z,9840.35,9763.82,9820.54,9649.05,39073.77
2026-09-04T22:44:33Z,9840.51,9765.37,9820.65,9646.12,39072.65
2026-09-04T22:45:44Z,9839.23,9765.25,9820.83,9642.06,39067.37
2026-09-04T22:46:55Z,9837.55,9762.57,9822.44,9640.41,39062.97
2026-09-04T22:48:05Z,9836.23,9762.81,9823.40,9635.57,39058.00
2026-09-04T22:53:16Z,9835.52,9761.74,9833.09,9640.69,39071.04
2026-09-04T22:54:27Z,9837.04,9763.35,9831.16,9644.90,39076.45
2026-09-04T22:55:38Z,9835.68,9760.68,9832.95,9649.26,39078.56
2026-09-04T22:56:39Z,9833.84,9761.68,9833.92,9644.40,39073.84
2026-09-04T22:58:51Z,9836.17,9761.62,9833.65,9645.85,39077.30
2026-09-04T23:00:02Z,9836.80,9761.68,9826.84,9649.17,39074.49
2026-09-04T23:01:12Z,9833.98,9764.33,9826.23,9644.94,39069.48
2026-09-04T23:02:22Z,9833.98,9764.33,9826.23,9644.94,39069.48
2026-09-04T23:08:16Z,9839.86,9767.25,9820.17,9656.97,39084.25
2026-09-04T23:09:25Z,9843.07,9766.55,9817.38,9657.09,39084.09
2026-09-04T23:10:36Z,9841.24,9765.82,9817.33,9661.12,39085.51
2026-09-04T23:11:36Z,9841.96,9766.12,9817.63,9663.15,39088.87
2026-09-04T23:12:46Z,9841.02,9765.81,9818.51,9661.57,39086.91
2026-09-04T23:13:57Z,9842.95,9765.89,9818.56,9660.33,39087.72
2026-09-04T23:15:08Z,9843.67,9766.03,9818.23,9659.78,39087.71
2026-09-04T23:16:18Z,9838.82,9768.23,9818.51,9655.21,39080.77
2026-09-04T23:21:17Z,9840.48,9768.63,9818.70,9664.47,39092.28
2026-09-04T23:22:27Z,9842.64,9768.21,9817.41,9668.67,39096.93
2026-09-04T23:23:58Z,9845.25,9770.47,9817.23,9677.63,39110.57
2026-09-04T23:24:58Z,9848.90,9772.52,9814.91,9689.87,39126.20
2026-09-04T23:25:56Z,9848.90,9772.52,9814.91,9689.87,39126.20
2026-09-04T23:27:07Z,9850.00,9772.44,9816.23,9687.75,39126.42
2026-09-04T23:28:17Z,9850.88,9772.03,9816.55,9686.55,39126.01
2026-09-04T23:29:28Z,9852.09,9771.20,9813.90,9691.82,39129.02
2026-09-04T23:33:14Z,9838.98,9770.13,9816.31,9682.96,39108.38
2026-09-04T23:34:24Z,9841.06,9769.63,9813.61,9686.40,39110.70
2026-09-04T23:35:35Z,9844.03,9770.16,9812.19,9690.50,39116.87
2026-09-04T23:36:38Z,9843.94,9771.34,9811.77,9691.43,39118.48
2026-09-04T23:39:11Z,9852.38,9770.28,9805.84,9702.56,39131.06
2026-09-04T23:40:21Z,9852.38,9770.28,9805.84,9702.56,39131.06
2026-09-04T23:41:33Z,9852.30,9769.92,9806.43,9706.00,39134.66
2026-09-04T23:42:38Z,9853.44,9770.34,9805.24,9712.26,39141.27
2026-09-04T23:43:42Z,9854.28,9770.28,9802.58,9718.45,39145.58
2026-09-04T23:44:53Z,9852.91,9770.39,9802.54,9719.31,39145.15
2026-09-04T23:45:58Z,9852.05,9771.63,9802.74,9718.57,39144.99
2026-09-04T23:47:09Z,9851.99,9772.60,9802.66,9716.49,39143.74
2026-09-04T23:52:17Z,9850.18,9770.63,9803.05,9709.81,39133.68
2026-09-04T23:53:28Z,9848.94,9767.61,9803.68,9712.54,39132.76
2026-09-04T23:54:37Z,9848.30,9767.86,9803.64,9713.23,39133.04
2026-09-04T23:55:38Z,9846.83,9767.97,9803.64,9709.70,39128.15
2026-09-04T23:56:43Z,9845.50,9769.10,9803.80,9703.89,39122.29
2026-09-04T23:57:54Z,9845.48,9769.36,9803.76,9703.74,39122.33
2026-09-04T23:59:04Z,9846.91,9769.48,9803.17,9705.12,39124.67
2026-09-05T00:00:14Z,9846.42,9770.95,9803.44,9707.04,39127.86
2026-09-05T00:05:15Z,9844.02,9769.83,9805.02,9704.21,39123.09
2026-09-05T00:06:38Z,9842.19,9769.90,9804.98,9699.46,39116.53
2026-09-05T00:07:55Z,9843.85,9769.78,9804.79,9700.71,39119.13
2026-09-05T00:08:58Z,9843.89,9768.38,9805.15,9707.87,39125.29
2026-09-05T00:09:46Z,9843.89,9768.38,9805.15,9707.87,39125.29
2026-09-05T00:10:56Z,9840.37,9766.20,9814.38,9703.90,39124.85
2026-09-05T00:12:07Z,9842.94,9766.47,9812.07,9710.32,39131.80
2026-09-05T00:13:17Z,9846.52,9765.15,9810.63,9720.96,39143.27
2026-09-05T00:19:21Z,9843.48,9771.22,9810.54,9706.61,39131.84
2026-09-05T00:20:32Z,9843.48,9771.22,9810.54,9706.61,39131.84
2026-09-05T00:21:42Z,9843.55,9771.75,9810.35,9709.28,39134.93
2026-09-05T00:22:42Z,9842.76,9770.89,9810.74,9714.53,39138.92
2026-09-05T00:23:52Z,9842.93,9774.11,9810.19,9718.68,39145.90
2026-09-05T00:25:01Z,9841.32,9770.77,9811.02,9718.83,39141.94
2026-09-05T00:26:18Z,9842.69,9772.08,9810.54,9716.13,39141.44
2026-09-05T00:27:28Z,9843.94,9772.75,9810.19,9713.38,39140.25
2026-09-05T00:30:06Z,9845.74,9773.56,9810.43,9721.82,39151.54
2026-09-05T00:31:16Z,9845.55,9773.25,9809.91,9726.20,39154.92
2026-09-05T00:32:26Z,9844.75,9772.72,9809.68,9723.68,39150.82
2026-09-05T00:33:31Z,9846.18,9774.48,9809.47,9729.76,39159.90
2026-09-05T00:35:41Z,9842.81,9773.15,9811.26,9723.94,39151.16
2026-09-05T00:36:52Z,9841.84,9772.60,9812.08,9719.10,39145.62
2026-09-05T00:38:03Z,9844.23,9772.66,9811.96,9711.67,39140.53
2026-09-05T00:39:09Z,9847.13,9771.86,9811.32,9708.34,39138.65
2026-09-05T00:40:15Z,9847.13,9771.86,9811.32,9708.34,39138.65
2026-09-05T00:41:20Z,9848.64,9769.73,9810.68,9697.16,39126.22
2026-09-05T00:42:31Z,9852.23,9768.95,9809.97,9699.15,39130.29
2026-09-05T00:43:41Z,9852.48,9768.33,9809.93,9695.11,39125.85
2026-09-05T00:46:50Z,9854.84,9761.37,9809.18,9715.10,39140.48
2026-09-05T00:48:00Z,9850.47,9763.26,9809.04,9701.25,39124.02
2026-09-05T00:49:10Z,9843.44,9763.94,9811.10,9683.79,39102.27
2026-09-05T00:56:16Z,9854.09,9759.02,9808.50,9692.96,39114.56
2026-09-05T00:57:27Z,9850.83,9757.11,9810.25,9689.29,39107.48
2026-09-05T00:58:37Z,9850.83,9757.11,9810.25,9689.29,39107.48
2026-09-05T00:59:37Z,9849.36,9758.93,9810.69,9689.07,39108.05
2026-09-05T01:00:45Z,9843.57,9759.18,9814.36,9682.96,39100.07
2026-09-05T01:01:56Z,9843.28,9759.51,9816.11,9674.94,39093.83
2026-09-05T01:03:06Z,9844.08,9760.92,9815.15,9675.66,39095.82
2026-09-05T01:04:17Z,9837.59,9763.69,9816.42,9676.30,39094.00
2026-09-05T01:09:34Z,9843.37,9754.14,9816.20,9716.28,39129.98
2026-09-05T01:10:44Z,9844.88,9753.09,9814.33,9719.52,39131.82
2026-09-05T01:11:55Z,9845.77,9751.49,9813.54,9727.73,39138.53
2026-09-05T01:12:56Z,9848.44,9748.51,9812.94,9730.44,39140.34
2026-09-05T01:16:54Z,9843.75,9751.79,9814.96,9719.71,39130.21
2026-09-05T01:18:04Z,9843.25,9753.04,9815.12,9716.09,39127.49
2026-09-05T01:19:15Z,9845.87,9751.77,9813.53,9732.00,39143.17
2026-09-05T01:20:16Z,9845.87,9751.77,9813.53,9732.00,39143.17
2026-09-05T01:24:13Z,9846.65,9752.80,9814.59,9711.69,39125.73
2026-09-05T01:25:23Z,9846.25,9753.32,9814.91,9705.59,39120.07
2026-09-05T01:26:33Z,9850.05,9753.18,9814.43,9710.82,39128.48
2026-09-05T01:27:34Z,9850.63,9753.33,9813.95,9712.59,39130.50
2026-09-05T01:31:03Z,9857.28,9752.04,9814.85,9706.41,39130.59
2026-09-05T01:32:15Z,9861.83,9750.63,9812.60,9717.74,39142.80
2026-09-05T01:33:25Z,9859.79,9751.11,9811.54,9721.05,39143.49
2026-09-05T01:34:25Z,9861.27,9747.89,9810.91,9708.62,39128.68
2026-09-05T01:35:28Z,9859.69,9744.65,9811.73,9703.38,39119.45
2026-09-05T01:36:38Z,9859.99,9742.66,9811.65,9702.77,39117.07
2026-09-05T01:37:48Z,9857.86,9741.76,9810.98,9700.85,39111.46
2026-09-05T01:38:59Z,9855.72,9740.31,9811.17,9700.02,39107.23
2026-09-05T01:46:17Z,9856.64,9745.10,9810.36,9720.82,39132.92
2026-09-05T01:47:33Z,9854.78,9743.40,9812.89,9718.75,39129.82
2026-09-05T01:48:43Z,9854.35,9742.60,9812.85,9714.04,39123.84
2026-09-05T01:49:43Z,9854.37,9742.62,9812.82,9713.80,39123.61
2026-09-05T01:53:03Z,9845.48,9748.70,9814.51,9701.32,39110.01
2026-09-05T01:54:13Z,9850.78,9748.15,9814.08,9707.56,39120.56
2026-09-05T01:55:23Z,9854.93,9745.95,9814.06,9720.63,39135.56
2026-09-05T01:56:32Z,9850.69,9747.53,9813.40,9714.73,39126.35
2026-09-05T01:57:33Z,9845.48,9749.00,9813.03,9708.08,39115.59
2026-09-05T01:58:42Z,9849.37,9749.76,9812.96,9703.22,39115.30
2026-09-05T01:59:52Z,9845.96,9750.75,9810.79,9697.51,39105.00
2026-09-05T02:01:02Z,9841.00,9752.50,9811.25,9691.37,39096.12
2026-09-05T02:02:36Z,9839.22,9751.39,9811.51,9688.38,39090.51
2026-09-05T02:03:46Z,9839.54,9751.99,9812.42,9686.89,39090.84
2026-09-05T02:04:53Z,9838.43,9752.16,9813.09,9665.14,39068.81
2026-09-05T02:06:03Z,9834.77,9753.97,9815.27,9646.34,39050.35
2026-09-05T02:07:06Z,9839.24,9754.77,9814.27,9633.59,39041.88
2026-09-05T02:08:09Z,9845.34,9753.36,9812.28,9634.89,39045.88
2026-09-05T02:09:19Z,9844.36,9754.10,9812.80,9633.57,39044.83
2026-09-05T02:10:24Z,9844.36,9754.10,9812.80,9633.57,39044.83
2026-09-05T02:11:34Z,9850.31,9753.24,9809.63,9663.86,39077.04
2026-09-05T02:24:17Z,9851.42,9749.89,9807.43,9720.35,39129.10
2026-09-05T02:25:28Z,9855.23,9750.50,9806.82,9732.41,39144.97
2026-09-05T02:26:39Z,9856.51,9750.20,9806.44,9724.24,39137.40
2026-09-05T02:27:40Z,9856.05,9744.96,9805.41,9727.96,39134.38
2026-09-05T02:28:40Z,9857.00,9742.97,9805.06,9727.32,39132.36
2026-09-05T02:29:52Z,9858.87,9744.81,9805.30,9714.94,39123.93
2026-09-05T02:31:03Z,9854.37,9748.91,9807.78,9706.68,39117.73
2026-09-05T02:32:13Z,9859.54,9748.89,9806.91,9712.70,39128.05
2026-09-05T02:36:53Z,9857.00,9747.91,9806.79,9704.73,39116.43
2026-09-05T02:38:03Z,9857.02,9746.67,9806.73,9708.17,39118.59
2026-09-05T02:39:14Z,9860.64,9744.72,9806.41,9715.24,39127.00
2026-09-05T02:40:14Z,9865.75,9744.05,9805.34,9721.97,39137.11
2026-09-05T02:41:15Z,9865.60,9745.30,9804.19,9727.50,39142.59
2026-09-05T02:42:25Z,9867.71,9744.76,9803.93,9731.67,39148.07
2026-09-05T02:43:36Z,9870.82,9744.08,9803.57,9736.97,39155.43
2026-09-05T02:44:46Z,9870.16,9745.18,9803.80,9732.03,39151.17
2026-09-05T02:53:34Z,9872.74,9743.07,9804.33,9713.00,39133.13
2026-09-05T02:54:51Z,9875.67,9742.09,9804.23,9713.72,39135.70
2026-09-05T02:56:01Z,9878.75,9741.60,9802.28,9712.33,39134.95
2026-09-05T02:57:02Z,9881.05,9740.54,9801.51,9713.46,39136.56
2026-09-05T02:58:03Z,9883.48,9737.61,9803.41,9715.69,39140.20
2026-09-05T02:59:13Z,9883.48,9737.61,9803.41,9715.69,39140.20
2026-09-05T03:00:22Z,9885.14,9739.24,9802.80,9713.66,39140.85
2026-09-05T03:01:32Z,9886.13,9739.83,9801.28,9711.29,39138.54
2026-09-05T03:23:48Z,9882.19,9741.89,9797.60,9739.89,39161.57
2026-09-05T03:25:00Z,9885.46,9743.24,9798.09,9745.01,39171.79
2026-09-05T03:26:10Z,9886.72,9743.58,9798.28,9745.62,39174.20
2026-09-05T03:27:15Z,9884.97,9742.41,9801.74,9759.13,39188.24
2026-09-05T03:28:16Z,9886.22,9741.50,9801.65,9762.07,39191.44
2026-09-05T03:29:28Z,9894.21,9739.07,9804.05,9769.76,39207.08
2026-09-05T03:30:37Z,9892.91,9739.95,9803.57,9761.69,39198.12
2026-09-05T03:31:43Z,9893.53,9738.50,9802.74,9761.67,39196.43
2026-09-05T03:54:18Z,9897.10,9739.68,9799.11,9744.49,39180.39
2026-09-05T03:55:28Z,9896.75,9740.48,9799.68,9740.03,39176.94
2026-09-05T03:56:38Z,9892.87,9740.80,9799.45,9726.86,39159.99
2026-09-05T03:57:39Z,9891.52,9742.22,9799.46,9729.05,39162.25
2026-09-05T03:58:40Z,9891.94,9740.46,9800.22,9722.81,39155.43
2026-09-05T03:59:50Z,9887.71,9741.28,9799.75,9715.59,39144.33
2026-09-05T04:01:01Z,9888.32,9740.06,9800.06,9713.42,39141.85
2026-09-05T04:02:11Z,9887.93,9739.94,9799.42,9716.00,39143.29
2026-09-05T04:24:34Z,9886.96,9735.59,9798.16,9712.50,39133.21
2026-09-05T04:25:53Z,9882.59,9734.51,9796.83,9715.04,39128.96
2026-09-05T04:27:03Z,9879.08,9734.28,9797.20,9716.48,39127.03
2026-09-05T04:28:04Z,9880.30,9732.58,9797.18,9713.33,39123.39
2026-09-05T04:29:04Z,9884.19,9731.20,9797.39,9716.37,39129.14
2026-09-05T04:30:14Z,9884.19,9731.20,9797.39,9716.37,39129.14
2026-09-05T04:31:24Z,9884.67,9734.28,9795.82,9715.43,39130.19
2026-09-05T04:32:34Z,9884.76,9735.12,9795.72,9713.99,39129.59
2026-09-05T04:54:11Z,9876.69,9731.23,9790.06,9705.26,39103.24
2026-09-05T04:55:29Z,9878.81,9729.12,9788.72,9707.14,39103.79
2026-09-05T04:56:40Z,9882.58,9727.74,9788.97,9717.75,39117.04
2026-09-05T04:57:41Z,9878.74,9729.43,9787.61,9723.66,39119.44
2026-09-05T04:58:41Z,9881.11,9727.84,9788.22,9727.99,39125.16
2026-09-05T04:59:51Z,9879.80,9724.94,9784.84,9722.87,39112.45
2026-09-05T05:01:01Z,9882.22,9725.01,9784.54,9722.84,39114.60
2026-09-05T05:02:11Z,9878.98,9728.52,9785.26,9713.75,39106.51
2026-09-05T05:03:12Z,9878.98,9728.52,9785.26,9713.75,39106.51
2026-09-05T05:04:13Z,9869.28,9729.00,9785.93,9692.36,39076.57
2026-09-05T05:05:32Z,9866.26,9729.28,9786.29,9686.71,39068.54
2026-09-05T05:06:43Z,9867.90,9729.48,9786.20,9690.05,39073.62
2026-09-05T05:07:55Z,9871.27,9729.50,9786.16,9687.06,39074.00
2026-09-05T05:09:01Z,9868.76,9730.01,9786.18,9682.17,39067.12
2026-09-05T05:10:03Z,9867.38,9727.90,9786.02,9676.76,39058.06
2026-09-05T05:11:09Z,9870.07,9726.15,9785.75,9678.15,39060.12
2026-09-05T05:12:20Z,9873.34,9726.02,9785.94,9694.34,39079.64
2026-09-05T05:13:30Z,9875.61,9726.11,9786.69,9699.66,39088.07
2026-09-05T05:14:45Z,9877.40,9726.67,9786.83,9700.89,39091.78
2026-09-05T05:15:45Z,9880.58,9726.68,9788.09,9711.80,39107.15
2026-09-05T05:16:51Z,9882.18,9726.51,9786.90,9711.93,39107.51
2026-09-05T05:18:01Z,9880.87,9728.69,9786.70,9702.62,39098.87
2026-09-05T05:19:11Z,9880.92,9728.05,9787.28,9700.01,39096.26
2026-09-05T05:20:17Z,9881.71,9726.62,9786.66,9699.10,39094.10
2026-09-05T05:21:18Z,9885.73,9726.46,9785.48,9709.64,39107.30
2026-09-05T05:22:23Z,9882.08,9725.72,9785.26,9704.63,39097.69
2026-09-05T05:23:33Z,9882.54,9726.72,9786.19,9703.59,39099.04
2026-09-05T05:23:58Z,9882.54,9726.72,9786.19,9703.59,39099.04
2026-09-05T05:25:25Z,9879.58,9728.90,9786.69,9690.69,39085.86
2026-09-05T05:26:33Z,9882.01,9730.04,9786.53,9688.56,39087.13
2026-09-05T05:27:39Z,9880.35,9731.30,9786.40,9687.66,39085.71
2026-09-05T05:28:49Z,9880.05,9732.05,9786.41,9688.96,39087.47
2026-09-05T05:29:50Z,9880.69,9731.29,9786.54,9693.61,39092.14
2026-09-05T05:31:01Z,9882.86,9730.95,9786.29,9695.96,39096.06
2026-09-05T05:32:09Z,9888.18,9730.37,9786.49,9705.87,39110.91
2026-09-05T05:34:36Z,9888.94,9732.98,9786.86,9715.60,39124.37
2026-09-05T05:35:39Z,9888.67,9733.38,9786.95,9719.02,39128.01
2026-09-05T05:36:49Z,9887.91,9733.47,9787.01,9714.61,39123.00
2026-09-05T05:37:56Z,9887.93,9732.22,9787.22,9716.80,39124.18
2026-09-05T05:38:57Z,9886.10,9732.74,9787.33,9712.63,39118.81
2026-09-05T05:40:08Z,9886.19,9732.46,9787.21,9710.49,39116.35
2026-09-05T05:41:11Z,9886.95,9732.80,9787.25,9706.48,39113.48
2026-09-05T05:42:21Z,9886.24,9730.90,9788.27,9703.86,39109.26
2026-09-05T05:43:30Z,9886.24,9730.90,9786.77,9703.86,39107.76
2026-09-05T05:44:10Z,9886.24,9730.90,9786.77,9703.86,39107.76
2026-09-05T05:45:20Z,9889.93,9730.43,9785.31,9704.43,39110.10
2026-09-05T05:46:23Z,9884.50,9729.60,9786.57,9693.42,39094.09
2026-09-05T05:47:34Z,9881.84,9729.01,9786.59,9694.64,39092.08
2026-09-05T05:48:43Z,9882.27,9729.06,9786.69,9694.50,39092.52
2026-09-05T05:49:44Z,9879.96,9729.57,9786.75,9697.36,39093.64
2026-09-05T05:50:54Z,9879.96,9729.57,9786.75,9697.36,39093.64
2026-09-05T05:51:57Z,9879.96,9729.57,9786.75,9697.36,39093.64
2026-09-05T05:53:08Z,9879.96,9729.57,9786.75,9697.36,39093.64
2026-09-05T06:05:16Z,9875.33,9724.12,9780.10,9711.16,39090.71
2026-09-05T06:06:27Z,9874.74,9720.32,9777.50,9711.48,39084.04
2026-09-05T06:07:38Z,9875.65,9721.31,9777.49,9705.73,39080.17
2026-09-05T06:08:38Z,9881.95,9721.36,9777.55,9705.81,39086.68
2026-09-05T06:09:45Z,9881.30,9721.13,9776.71,9708.49,39087.64
2026-09-05T06:11:14Z,9877.14,9723.69,9779.16,9711.98,39091.97
2026-09-05T06:12:27Z,9883.15,9722.00,9775.44,9727.31,39107.89
2026-09-05T06:13:37Z,9886.86,9718.34,9776.81,9724.16,39106.17
2026-09-05T06:14:28Z,9886.86,9718.34,9776.81,9724.16,39106.17
2026-09-05T06:16:16Z,9887.81,9718.88,9774.25,9715.97,39096.91
2026-09-05T06:17:22Z,9888.15,9719.70,9774.77,9714.33,39096.95
2026-09-05T06:18:31Z,9891.73,9719.01,9774.87,9709.10,39094.71
2026-09-05T06:19:44Z,9892.58,9716.03,9773.19,9709.41,39091.22
2026-09-05T06:20:47Z,9888.09,9715.56,9775.18,9708.60,39087.43
2026-09-05T06:21:53Z,9886.42,9716.07,9776.46,9703.08,39082.02
2026-09-05T06:23:01Z,9888.38,9718.55,9776.18,9707.45,39090.56
2026-09-05T06:24:10Z,9890.39,9716.04,9775.72,9711.30,39093.45
2026-09-05T06:25:19Z,9890.00,9718.18,9774.73,9719.24,39102.15
2026-09-05T06:26:22Z,9890.14,9717.79,9774.18,9720.77,39102.88
2026-09-05T06:27:26Z,9889.26,9718.19,9774.56,9715.62,39097.63
2026-09-05T06:28:34Z,9886.18,9714.27,9773.39,9723.50,39097.34
2026-09-05T06:29:44Z,9886.65,9713.36,9772.44,9725.34,39097.79
2026-09-05T06:30:54Z,9886.80,9711.40,9772.06,9728.67,39098.93
2026-09-05T06:31:57Z,9886.20,9711.32,9771.81,9727.13,39096.46
2026-09-05T06:33:00Z,9889.07,9708.55,9771.04,9729.19,39097.86
2026-09-05T06:34:55Z,9893.09,9707.76,9770.69,9724.71,39096.25
2026-09-05T06:36:06Z,9896.68,9706.18,9770.16,9729.43,39102.45
2026-09-05T06:37:14Z,9897.97,9701.95,9771.41,9739.39,39110.72
2026-09-05T06:38:17Z,9899.25,9703.94,9772.17,9739.45,39114.81
2026-09-05T06:39:17Z,9899.71,9704.22,9771.22,9741.68,39116.83
2026-09-05T06:40:27Z,9899.89,9703.48,9773.23,9748.91,39125.51
2026-09-05T06:41:36Z,9904.13,9701.93,9773.53,9759.70,39139.29
2026-09-05T06:42:45Z,9904.70,9701.63,9774.50,9756.42,39137.24
2026-09-05T06:43:47Z,9903.69,9702.16,9774.31,9751.26,39131.43
2026-09-05T06:44:06Z,9903.69,9702.16,9774.31,9751.26,39131.43
2026-09-05T06:45:07Z,9903.73,9704.95,9773.57,9748.35,39130.60
2026-09-05T06:46:17Z,9903.03,9701.01,9772.62,9740.27,39116.93
2026-09-05T06:47:27Z,9903.05,9698.61,9772.21,9746.64,39120.51
2026-09-05T06:48:35Z,9906.91,9696.59,9769.61,9753.68,39126.79
2026-09-05T06:49:39Z,9906.26,9700.32,9769.29,9756.11,39131.98
2026-09-05T06:50:39Z,9906.05,9702.36,9767.98,9754.37,39130.77
2026-09-05T06:51:57Z,9906.16,9701.22,9767.85,9758.62,39133.86
2026-09-05T06:53:14Z,9906.02,9700.07,9767.96,9760.42,39134.46
2026-09-05T07:04:11Z,9911.06,9698.55,9762.82,9770.35,39142.78
2026-09-05T07:05:21Z,9914.86,9702.55,9764.05,9767.84,39149.31
2026-09-05T07:06:32Z,9921.39,9699.48,9761.92,9770.76,39153.55
2026-09-05T07:07:33Z,9922.21,9698.14,9762.17,9776.38,39158.90
2026-09-05T07:08:33Z,9919.93,9700.73,9760.58,9774.01,39155.25
2026-09-05T07:10:02Z,9918.74,9697.47,9759.42,9778.81,39154.45
2026-09-05T07:11:12Z,9917.77,9696.50,9758.93,9773.41,39146.62
2026-09-05T07:12:22Z,9912.37,9698.68,9760.73,9769.85,39141.63
2026-09-05T07:13:56Z,9912.61,9700.62,9760.76,9761.04,39135.03
2026-09-05T07:15:07Z,9913.57,9700.23,9761.32,9758.34,39133.46
2026-09-05T07:16:16Z,9925.33,9698.12,9765.92,9757.88,39147.24
2026-09-05T07:17:26Z,9922.42,9703.06,9768.66,9757.48,39151.63
2026-09-05T07:18:27Z,9924.29,9702.94,9767.47,9758.96,39153.67
2026-09-05T07:19:28Z,9927.35,9698.28,9766.59,9761.31,39153.53
2026-09-05T07:20:38Z,9926.18,9701.40,9766.75,9756.37,39150.71
2026-09-05T07:21:50Z,9926.55,9703.45,9767.23,9752.61,39149.84
2026-09-05T07:23:00Z,9925.39,9702.10,9768.78,9754.73,39150.99
2026-09-05T07:23:56Z,9927.63,9701.52,9768.86,9765.25,39163.26
2026-09-05T07:24:57Z,9926.44,9699.95,9769.44,9766.98,39162.80
2026-09-05T07:26:07Z,9925.30,9703.84,9769.66,9768.52,39167.33
2026-09-05T07:27:18Z,9926.50,9701.74,9769.69,9759.57,39157.50
2026-09-05T07:28:29Z,9926.50,9701.74,9769.69,9759.57,39157.50
2026-09-05T07:29:30Z,9926.59,9699.41,9769.92,9766.81,39162.73
2026-09-05T07:30:30Z,9925.95,9695.82,9772.93,9773.62,39168.33
2026-09-05T07:31:41Z,9924.13,9690.55,9774.11,9774.17,39162.95
2026-09-05T07:32:52Z,9925.09,9699.12,9774.25,9769.84,39168.29
2026-09-05T07:34:17Z,9924.72,9700.84,9773.85,9765.43,39164.83
2026-09-05T07:35:18Z,9930.03,9704.20,9773.20,9759.65,39167.07
2026-09-05T07:36:19Z,9933.23,9703.28,9772.97,9760.79,39170.28
2026-09-05T07:37:28Z,9929.74,9703.01,9773.51,9759.57,39165.84
2026-09-05T07:38:39Z,9930.64,9702.28,9773.58,9758.40,39164.90
2026-09-05T07:39:49Z,9932.36,9697.74,9773.58,9759.69,39163.36
2026-09-05T07:40:52Z,9933.12,9697.96,9772.89,9753.40,39157.37
2026-09-05T07:41:53Z,9931.32,9697.24,9774.71,9747.11,39150.39
2026-09-05T07:43:04Z,9930.01,9698.65,9773.71,9745.64,39148.00
2026-09-05T07:44:10Z,9928.38,9694.59,9774.13,9742.08,39139.17
2026-09-05T07:45:18Z,9931.45,9695.45,9774.53,9745.30,39146.73
2026-09-05T07:46:21Z,9934.15,9694.23,9773.22,9744.96,39146.56
2026-09-05T07:47:22Z,9934.91,9695.16,9772.42,9747.57,39150.06
2026-09-05T07:48:32Z,9938.69,9696.33,9771.44,9750.56,39157.02
2026-09-05T07:49:43Z,9936.20,9693.87,9771.39,9750.23,39151.69
2026-09-05T07:50:51Z,9936.10,9694.33,9771.06,9752.95,39154.44
2026-09-05T07:51:54Z,9927.58,9693.44,9771.67,9741.63,39134.32
2026-09-05T07:52:55Z,9925.07,9693.40,9772.35,9736.72,39127.54
2026-09-05T08:04:31Z,9919.62,9695.50,9775.29,9721.28,39111.69
2026-09-05T08:05:51Z,9921.78,9690.16,9775.00,9716.43,39103.37
2026-09-05T08:07:03Z,9915.40,9687.58,9775.31,9705.46,39083.75
2026-09-05T08:08:03Z,9915.10,9688.64,9775.06,9707.64,39086.44
2026-09-05T08:09:04Z,9915.71,9696.39,9775.40,9709.85,39097.35
2026-09-05T08:10:14Z,9915.71,9696.39,9775.40,9709.85,39097.35
2026-09-05T08:11:24Z,9914.78,9694.23,9775.89,9706.28,39091.19
2026-09-05T08:12:35Z,9915.58,9696.07,9775.61,9708.76,39096.03
2026-09-05T08:13:46Z,9919.03,9696.90,9775.44,9710.98,39102.36
2026-09-05T08:14:47Z,9920.84,9697.80,9775.27,9717.03,39110.95
2026-09-05T08:15:56Z,9917.66,9698.09,9775.88,9714.97,39106.59
2026-09-05T08:17:07Z,9915.93,9697.46,9776.41,9711.25,39101.05
2026-09-05T08:18:15Z,9921.47,9696.86,9775.16,9718.84,39112.33
2026-09-05T08:19:18Z,9926.35,9697.69,9775.10,9725.44,39124.58
2026-09-05T08:20:19Z,9926.35,9697.69,9775.10,9725.44,39124.58
2026-09-05T08:21:28Z,9921.33,9695.56,9775.55,9714.52,39106.96
2026-09-05T08:22:39Z,9921.40,9689.35,9775.97,9711.32,39098.04
2026-09-05T08:23:16Z,9921.40,9689.35,9775.97,9711.32,39098.04
2026-09-05T08:24:20Z,9917.91,9690.46,9776.56,9706.05,39090.98
2026-09-05T08:25:23Z,9920.54,9690.05,9776.75,9694.36,39081.70
2026-09-05T08:26:33Z,9917.38,9683.75,9776.63,9684.19,39061.96
2026-09-05T08:27:43Z,9912.65,9681.38,9777.62,9674.54,39046.18
2026-09-05T08:28:54Z,9915.18,9680.71,9776.03,9673.32,39045.23
2026-09-05T08:29:55Z,9923.34,9689.33,9775.48,9681.62,39069.76
2026-09-05T08:30:55Z,9923.93,9689.88,9774.93,9682.39,39071.12
2026-09-05T08:32:05Z,9922.47,9689.39,9774.64,9680.92,39067.43
2026-09-05T08:34:01Z,9918.93,9688.33,9773.37,9679.19,39059.82
2026-09-05T08:35:11Z,9915.56,9680.25,9773.75,9670.32,39039.88
2026-09-05T08:36:12Z,9912.44,9679.73,9774.64,9663.61,39030.42
2026-09-05T08:37:22Z,9912.10,9681.02,9774.83,9664.17,39032.12
2026-09-05T08:38:22Z,9915.00,9680.73,9774.76,9673.10,39043.59
2026-09-05T08:39:32Z,9920.13,9680.13,9773.96,9678.95,39053.18
2026-09-05T08:40:41Z,9921.54,9682.39,9773.85,9680.01,39057.79
2026-09-05T08:41:54Z,9922.57,9682.70,9773.77,9677.38,39056.42
2026-09-05T08:43:28Z,9920.59,9680.23,9773.83,9676.24,39050.89
2026-09-05T08:44:38Z,9920.39,9679.11,9773.56,9680.40,39053.47
2026-09-05T08:45:45Z,9919.20,9686.16,9774.13,9686.14,39065.63
2026-09-05T08:46:45Z,9920.13,9679.57,9774.09,9683.75,39057.55
2026-09-05T08:47:51Z,9923.39,9679.70,9772.28,9680.61,39055.97
2026-09-05T08:49:01Z,9924.38,9686.14,9772.03,9681.53,39064.08
2026-09-05T08:50:12Z,9922.73,9678.02,9771.95,9676.21,39048.92
2026-09-05T08:51:18Z,9923.70,9678.98,9769.09,9673.87,39045.64
2026-09-05T08:52:18Z,9925.77,9685.49,9768.75,9675.75,39055.76
2026-09-05T09:04:19Z,9927.85,9692.42,9772.31,9690.54,39083.13
2026-09-05T09:05:29Z,9930.38,9693.23,9773.77,9695.75,39093.13
2026-09-05T09:06:39Z,9936.27,9693.78,9771.59,9706.21,39107.86
2026-09-05T09:07:42Z,9934.24,9694.03,9771.37,9705.63,39105.26
2026-09-05T09:08:49Z,9934.25,9692.97,9772.73,9708.62,39108.57
2026-09-05T09:10:06Z,9934.13,9692.05,9771.27,9716.26,39113.70
2026-09-05T09:11:17Z,9936.54,9700.01,9771.27,9718.09,39125.91
2026-09-05T09:12:25Z,9936.49,9693.65,9771.32,9719.89,39121.35
2026-09-05T09:13:53Z,9934.63,9691.22,9771.34,9721.01,39118.19
2026-09-05T09:14:54Z,9936.01,9689.99,9770.88,9718.74,39115.62
2026-09-05T09:16:04Z,9934.67,9688.77,9771.08,9715.82,39110.33
2026-09-05T09:17:15Z,9933.14,9688.13,9771.43,9714.70,39107.40
2026-09-05T09:18:23Z,9933.25,9688.42,9771.48,9699.57,39092.72
2026-09-05T09:19:25Z,9930.53,9688.68,9772.10,9691.90,39083.21
2026-09-05T09:20:26Z,9930.86,9688.65,9772.19,9688.43,39080.13
2026-09-05T09:21:37Z,9929.33,9688.56,9772.38,9687.28,39077.55
2026-09-05T09:22:48Z,9934.18,9687.63,9772.92,9687.86,39082.58
2026-09-05T09:23:43Z,9934.18,9687.63,9771.42,9687.86,39081.08
2026-09-05T09:24:45Z,9927.97,9687.51,9776.02,9689.83,39081.33
2026-09-05T09:25:46Z,9925.49,9687.66,9774.96,9693.36,39081.47
2026-09-05T09:27:01Z,9930.15,9688.73,9777.00,9696.83,39092.71
2026-09-05T09:28:12Z,9928.62,9689.65,9777.08,9709.57,39104.92
2026-09-05T09:29:21Z,9928.62,9689.65,9777.08,9709.57,39104.92
2026-09-05T09:30:28Z,9929.64,9681.43,9775.28,9712.52,39098.86
2026-09-05T09:31:29Z,9929.64,9681.43,9775.28,9712.52,39098.86
2026-09-05T09:32:32Z,9926.31,9680.91,9774.77,9707.29,39089.28
2026-09-05T09:34:08Z,9927.65,9687.53,9775.11,9710.06,39100.34
2026-09-05T09:35:19Z,9926.27,9688.90,9776.19,9711.26,39102.62
2026-09-05T09:36:27Z,9927.15,9688.86,9776.73,9712.75,39105.49
2026-09-05T09:37:27Z,9927.47,9688.77,9776.24,9717.32,39109.79
2026-09-05T09:38:31Z,9925.08,9686.50,9775.69,9720.84,39108.10
2026-09-05T09:39:40Z,9925.64,9686.57,9775.69,9723.24,39111.13
2026-09-05T09:40:50Z,9926.98,9686.85,9774.84,9728.96,39117.64
2026-09-05T09:41:58Z,9926.72,9686.87,9774.84,9732.12,39120.55
2026-09-05T09:44:05Z,9925.14,9685.51,9773.39,9731.53,39115.58
2026-09-05T09:45:15Z,9926.18,9688.56,9774.08,9741.72,39130.54
2026-09-05T09:46:25Z,9924.59,9686.75,9775.02,9739.71,39126.07
2026-09-05T09:47:33Z,9925.50,9687.21,9774.57,9730.56,39117.85
2026-09-05T09:48:34Z,9927.09,9689.21,9774.52,9735.97,39126.80
2026-09-05T09:49:37Z,9925.50,9688.91,9774.42,9738.20,39127.03
2026-09-05T09:50:49Z,9924.79,9688.54,9774.28,9733.66,39121.27
2026-09-05T09:51:59Z,9923.24,9688.42,9773.55,9735.03,39120.25
2026-09-05T09:53:09Z,9923.68,9689.03,9773.82,9732.56,39119.09
2026-09-05T10:04:08Z,9925.57,9703.19,9770.55,9739.08,39138.39
2026-09-05T10:05:18Z,9924.36,9696.79,9769.16,9737.54,39127.85
2026-09-05T10:06:29Z,9923.72,9697.37,9769.12,9734.61,39124.82
2026-09-05T10:07:29Z,9923.72,9697.37,9769.12,9734.61,39124.82
2026-09-05T10:08:49Z,9922.62,9696.05,9769.64,9728.04,39116.35
2026-09-05T10:09:59Z,9919.73,9698.25,9772.67,9730.80,39121.45
2026-09-05T10:11:09Z,9919.03,9696.00,9770.40,9728.24,39113.67
2026-09-05T10:12:20Z,9921.19,9702.53,9771.61,9733.52,39128.85
2026-09-05T10:13:27Z,9920.10,9702.62,9771.11,9732.18,39126.01
2026-09-05T10:14:27Z,9916.22,9709.11,9772.73,9727.65,39125.72
2026-09-05T10:15:38Z,9914.90,9708.09,9772.13,9729.91,39125.03
2026-09-05T10:16:49Z,9914.01,9708.48,9771.93,9726.20,39120.62
2026-09-05T10:18:00Z,9915.35,9708.02,9771.47,9732.89,39127.72
2026-09-05T10:19:01Z,9917.62,9708.25,9770.10,9739.40,39135.38
2026-09-05T10:20:01Z,9917.62,9708.25,9770.10,9739.40,39135.38
2026-09-05T10:21:12Z,9916.43,9707.41,9769.09,9744.64,39137.57
2026-09-05T10:22:23Z,9913.70,9707.05,9767.94,9744.04,39132.73
2026-09-05T10:24:05Z,9914.04,9706.48,9766.62,9741.70,39128.84
2026-09-05T10:25:06Z,9915.30,9706.45,9767.72,9740.50,39129.97
2026-09-05T10:26:16Z,9917.71,9706.79,9766.05,9742.32,39132.87
2026-09-05T10:27:27Z,9921.11,9707.91,9767.37,9743.87,39140.26
2026-09-05T10:28:27Z,9920.43,9706.83,9768.47,9741.01,39136.73
2026-09-05T10:29:37Z,9916.51,9705.73,9766.41,9732.28,39120.93
2026-09-05T10:30:40Z,9917.00,9699.27,9765.13,9727.92,39109.32
2026-09-05T10:31:51Z,9917.39,9699.30,9765.34,9727.69,39109.72
2026-09-05T10:33:02Z,9917.90,9706.07,9763.49,9732.02,39119.48
2026-09-05T10:34:41Z,9922.93,9706.29,9763.03,9731.74,39124.00
2026-09-05T10:35:44Z,9924.35,9714.77,9764.51,9740.32,39143.95
2026-09-05T10:36:49Z,9926.47,9715.41,9767.05,9741.36,39150.29
2026-09-05T10:37:52Z,9919.74,9707.25,9762.85,9725.97,39115.80
2026-09-05T10:39:02Z,9918.49,9707.03,9761.26,9724.86,39111.65
2026-09-05T10:40:12Z,9919.93,9706.31,9762.36,9722.67,39111.28
2026-09-05T10:41:19Z,9919.80,9705.11,9759.79,9725.23,39109.92
2026-09-05T10:42:26Z,9920.51,9705.09,9759.73,9724.74,39110.07
2026-09-05T10:43:28Z,9924.32,9712.40,9759.19,9727.51,39123.42
2026-09-05T10:43:49Z,9924.32,9712.40,9759.19,9727.51,39123.42
2026-09-05T10:45:00Z,9922.60,9710.36,9756.86,9724.57,39114.40
2026-09-05T10:46:05Z,9926.84,9703.00,9750.99,9728.85,39109.68
2026-09-05T10:47:13Z,9926.84,9703.00,9750.99,9728.85,39109.68
2026-09-05T10:48:21Z,9929.83,9701.98,9750.13,9727.66,39109.60
2026-09-05T10:49:27Z,9932.83,9701.98,9749.81,9720.94,39105.56
2026-09-05T10:50:37Z,9932.73,9702.53,9749.07,9718.39,39102.71
2026-09-05T10:51:43Z,9932.73,9702.53,9749.07,9718.39,39102.71
2026-09-05T10:52:56Z,9935.28,9702.27,9747.07,9720.52,39105.14
2026-09-05T11:04:21Z,9939.88,9709.81,9733.16,9707.11,39089.96
2026-09-05T11:05:31Z,9936.14,9704.39,9729.88,9706.32,39076.72
2026-09-05T11:06:42Z,9935.76,9704.92,9729.76,9706.19,39076.64
2026-09-05T11:07:42Z,9933.87,9704.34,9727.31,9706.57,39072.09
2026-09-05T11:08:43Z,9937.15,9704.21,9731.27,9715.94,39088.57
2026-09-05T11:09:52Z,9941.89,9710.16,9734.30,9719.65,39105.99
2026-09-05T11:11:02Z,9943.15,9709.69,9733.96,9717.95,39104.76
2026-09-05T11:12:12Z,9944.51,9710.57,9733.44,9716.95,39105.48
2026-09-05T11:13:42Z,9955.28,9711.62,9740.56,9712.73,39120.20
2026-09-05T11:14:42Z,9956.72,9712.28,9739.42,9711.91,39120.33
2026-09-05T11:15:53Z,9952.70,9712.64,9736.50,9711.03,39112.87
2026-09-05T11:17:02Z,9950.14,9712.64,9735.74,9713.00,39111.51
2026-09-05T11:18:12Z,9942.12,9712.30,9732.68,9704.61,39091.72
2026-09-05T11:19:15Z,9946.59,9703.99,9731.12,9699.82,39081.52
2026-09-05T11:20:15Z,9946.17,9704.63,9729.74,9706.94,39087.47
2026-09-05T11:21:25Z,9943.37,9705.13,9729.35,9705.53,39083.39
2026-09-05T11:22:33Z,9943.01,9705.52,9729.02,9705.79,39083.33
2026-09-05T11:23:59Z,9945.95,9699.34,9730.54,9705.69,39081.51
2026-09-05T11:25:03Z,9948.42,9697.77,9730.63,9706.75,39083.57
2026-09-05T11:26:03Z,9948.60,9697.86,9730.29,9705.91,39082.67
2026-09-05T11:27:13Z,9947.34,9697.86,9730.42,9698.40,39074.02
2026-09-05T11:28:21Z,9946.44,9697.62,9730.22,9700.46,39074.74
2026-09-05T11:29:32Z,9951.43,9707.20,9732.25,9706.59,39097.48
2026-09-05T11:30:35Z,9951.33,9707.12,9732.37,9710.74,39101.56
2026-09-05T11:31:36Z,9951.42,9708.03,9731.89,9708.44,39099.78
2026-09-05T11:32:46Z,9951.79,9701.12,9732.09,9710.47,39095.48
2026-09-05T11:34:30Z,9947.89,9700.49,9730.30,9708.53,39087.21
2026-09-05T11:35:39Z,9943.53,9698.80,9729.25,9707.92,39079.50
2026-09-05T11:36:40Z,9943.80,9706.17,9729.53,9717.20,39096.70
2026-09-05T11:37:50Z,9943.51,9708.07,9729.80,9720.67,39102.05
2026-09-05T11:38:51Z,9945.84,9708.61,9731.13,9720.98,39106.56
2026-09-05T11:40:02Z,9947.12,9708.89,9731.65,9727.21,39114.87
2026-09-05T11:41:11Z,9941.98,9713.33,9731.81,9730.65,39117.77
2026-09-05T11:42:12Z,9937.83,9714.51,9728.44,9727.67,39108.45
2026-09-05T11:43:22Z,9935.29,9715.09,9727.50,9727.16,39105.04
2026-09-05T11:43:46Z,9935.29,9715.09,9727.50,9727.16,39105.04
2026-09-05T11:44:47Z,9935.29,9715.09,9727.50,9727.16,39105.04
2026-09-05T11:45:57Z,9930.24,9709.38,9723.21,9718.67,39081.48
2026-09-05T11:47:09Z,9929.94,9707.74,9722.18,9714.64,39074.50
2026-09-05T11:48:09Z,9930.65,9716.05,9722.34,9712.57,39081.61
2026-09-05T11:49:21Z,9929.34,9715.99,9721.21,9710.07,39076.60
2026-09-05T11:50:21Z,9929.34,9715.99,9721.21,9710.07,39076.60
2026-09-05T11:51:31Z,9937.05,9723.17,9726.75,9719.85,39106.82
2026-09-05T11:52:41Z,9937.49,9722.80,9727.24,9724.51,39112.04
2026-09-05T12:11:29Z,9947.43,9730.60,9735.37,9742.14,39155.55
2026-09-05T12:12:39Z,9948.54,9730.78,9734.72,9741.56,39155.60
2026-09-05T12:13:49Z,9946.67,9730.99,9735.39,9747.50,39160.56
2026-09-05T12:14:52Z,9948.59,9731.33,9736.31,9746.27,39162.50
2026-09-05T12:15:52Z,9950.15,9737.78,9738.05,9763.15,39189.13
2026-09-05T12:17:03Z,9948.36,9730.73,9736.76,9758.49,39174.34
2026-09-05T12:18:13Z,9947.96,9728.39,9734.96,9755.33,39166.64
2026-09-05T12:19:24Z,9949.38,9722.53,9734.68,9749.30,39155.89
2026-09-05T12:20:45Z,9948.70,9716.88,9734.16,9745.40,39145.14
2026-09-05T12:21:46Z,9950.40,9704.10,9733.35,9742.54,39130.39
2026-09-05T12:22:55Z,9950.56,9697.74,9733.78,9735.68,39117.76
2026-09-05T12:24:03Z,9952.19,9704.56,9734.46,9729.75,39120.96
2026-09-05T12:25:19Z,9955.46,9702.49,9732.88,9723.33,39114.16
2026-09-05T12:26:25Z,9956.98,9704.51,9734.31,9719.26,39115.06
2026-09-05T12:27:25Z,9956.68,9707.43,9733.80,9721.26,39119.18
2026-09-05T12:28:35Z,9956.68,9707.43,9733.80,9721.26,39119.18
2026-09-05T12:29:51Z,9956.29,9705.22,9731.52,9711.11,39104.14
2026-09-05T12:30:13Z,9956.29,9705.22,9731.52,9711.11,39104.14
2026-09-05T12:31:23Z,9963.90,9707.59,9733.18,9710.12,39114.79
2026-09-05T12:32:26Z,9956.88,9702.99,9732.87,9702.19,39094.93
2026-09-05T12:33:36Z,9963.28,9710.10,9737.20,9707.95,39118.53
2026-09-05T12:34:37Z,9968.47,9711.34,9738.77,9719.88,39138.46
2026-09-05T12:35:45Z,9980.60,9711.92,9747.98,9737.04,39177.55
2026-09-05T12:36:56Z,9984.43,9711.84,9750.08,9751.27,39197.62
2026-09-05T12:37:59Z,9984.25,9715.37,9751.85,9754.71,39206.18
2026-09-05T12:39:09Z,9989.06,9712.39,9758.24,9767.80,39227.49
2026-09-05T12:41:15Z,9993.18,9713.05,9761.34,9791.21,39258.78
2026-09-05T12:42:31Z,9987.82,9714.08,9761.64,9789.05,39252.58
2026-09-05T12:43:34Z,9985.38,9713.65,9762.83,9784.67,39246.52
2026-09-05T12:44:52Z,9986.38,9708.66,9762.91,9786.12,39244.07
2026-09-05T12:45:59Z,9982.88,9707.25,9759.42,9791.09,39240.65
2026-09-05T12:47:08Z,9980.73,9704.57,9756.31,9785.71,39227.32
2026-09-05T12:48:27Z,9980.85,9707.17,9756.04,9787.62,39231.68
2026-09-05T12:50:01Z,9982.67,9699.01,9757.97,9784.91,39224.56
2026-09-05T12:50:21Z,9982.67,9699.01,9757.97,9784.91,39224.56
2026-09-05T12:51:31Z,9986.33,9701.05,9759.34,9793.33,39240.05
2026-09-05T12:52:41Z,9986.97,9700.91,9757.51,9788.09,39233.48
2026-09-05T12:54:02Z,9989.15,9694.84,9759.32,9781.97,39225.27
2026-09-05T12:55:12Z,9990.43,9694.59,9761.76,9771.82,39218.61
2026-09-05T12:56:33Z,9990.15,9694.07,9769.18,9772.24,39225.65
2026-09-05T12:57:41Z,9997.45,9700.76,9775.99,9787.50,39261.71
2026-09-05T13:05:11Z,10004.50,9704.64,9776.20,9788.87,39274.21
2026-09-05T13:06:24Z,10004.27,9702.70,9777.75,9786.91,39271.63
2026-09-05T13:07:34Z,10004.36,9700.94,9778.88,9787.73,39271.92
2026-09-05T13:08:35Z,10002.20,9701.72,9777.33,9781.68,39262.94
2026-09-05T13:09:36Z,10005.71,9701.57,9780.04,9785.22,39272.54
2026-09-05T13:11:10Z,10005.51,9702.07,9780.63,9780.14,39268.34
2026-09-05T13:12:21Z,10006.23,9700.65,9781.13,9774.06,39262.06
2026-09-05T13:13:31Z,10004.46,9692.54,9781.11,9768.93,39247.03
2026-09-05T13:14:12Z,10004.46,9692.54,9781.11,9768.93,39247.03
2026-09-05T13:15:13Z,10006.24,9693.37,9782.62,9766.39,39248.62
2026-09-05T13:16:24Z,10011.75,9703.84,9786.38,9767.71,39269.67
2026-09-05T13:17:34Z,10012.02,9702.84,9785.16,9782.53,39282.56
2026-09-05T13:18:45Z,10009.22,9696.15,9781.04,9778.65,39265.06
2026-09-05T13:19:45Z,10012.48,9698.54,9781.95,9778.75,39271.70
2026-09-05T13:20:46Z,10015.15,9698.21,9781.38,9780.84,39275.59
2026-09-05T13:21:57Z,10015.62,9699.67,9779.53,9789.84,39284.65
2026-09-05T13:23:08Z,10019.14,9702.43,9780.92,9795.33,39297.82
2026-09-05T13:23:33Z,10019.14,9702.43,9780.92,9795.33,39297.82
2026-09-05T13:24:42Z,10018.39,9701.84,9783.39,9805.23,39308.86
2026-09-05T13:25:51Z,10022.45,9699.95,9788.96,9809.60,39320.95
2026-09-05T13:27:01Z,10018.34,9698.39,9784.28,9814.39,39315.41
2026-09-05T13:28:11Z,10014.11,9697.93,9780.08,9810.82,39302.93
2026-09-05T13:29:12Z,10016.65,9697.89,9780.47,9808.84,39303.84
2026-09-05T13:30:23Z,10016.65,9697.89,9780.47,9808.84,39303.84
2026-09-05T13:31:29Z,10013.87,9698.92,9777.17,9800.15,39290.10
2026-09-05T13:32:40Z,10012.05,9700.41,9776.92,9783.07,39272.43
2026-09-05T13:34:20Z,10015.33,9694.76,9781.11,9783.32,39274.52
2026-09-05T13:35:33Z,10008.37,9696.27,9775.32,9771.88,39251.84
2026-09-05T13:36:38Z,10013.48,9697.99,9777.65,9774.17,39263.29
2026-09-05T13:37:54Z,10012.96,9697.86,9778.63,9767.51,39256.97
2026-09-05T13:39:05Z,10012.91,9696.46,9779.81,9765.28,39254.46
2026-09-05T13:40:20Z,10009.28,9695.57,9776.49,9758.48,39239.83
2026-09-05T13:41:43Z,10008.41,9695.91,9776.10,9755.49,39235.92
2026-09-05T13:42:56Z,10012.37,9695.49,9780.15,9766.00,39254.00
2026-09-05T13:43:31Z,10012.37,9695.49,9780.15,9766.00,39254.00
2026-09-05T13:44:44Z,10000.20,9692.60,9775.61,9745.64,39214.05
2026-09-05T13:46:00Z,9993.21,9684.95,9772.22,9734.15,39184.53
2026-09-05T13:47:15Z,9999.57,9696.42,9776.82,9743.17,39215.98
2026-09-05T13:48:25Z,10000.20,9689.46,9778.08,9741.37,39209.11
2026-09-05T13:49:26Z,10001.14,9696.31,9778.06,9742.21,39217.72
2026-09-05T13:51:20Z,9997.16,9691.50,9775.74,9741.93,39206.33
2026-09-05T13:52:31Z,9985.94,9686.90,9765.77,9721.87,39160.48
2026-09-05T13:53:16Z,9985.86,9689.76,9767.43,9739.78,39182.83
2026-09-05T13:55:07Z,9982.18,9689.15,9761.30,9748.97,39181.60
2026-09-05T13:58:45Z,9981.28,9688.07,9762.14,9766.62,39198.11
2026-09-05T14:00:18Z,9978.18,9686.44,9760.33,9757.54,39182.49
2026-09-05T14:01:28Z,9980.67,9686.94,9760.81,9760.51,39188.93
2026-09-05T14:04:03Z,9981.50,9687.81,9763.70,9763.99,39197.01
2026-09-05T14:05:11Z,9982.57,9689.40,9763.84,9767.73,39203.54
2026-09-05T14:06:17Z,9981.44,9691.21,9761.42,9763.38,39197.44
2026-09-05T14:07:28Z,9985.91,9692.17,9764.23,9765.71,39208.02
2026-09-05T14:08:29Z,9988.67,9691.22,9764.80,9768.92,39213.61
2026-09-05T14:09:37Z,9991.47,9691.69,9767.16,9772.23,39222.54
2026-09-05T14:10:46Z,9992.30,9691.80,9766.97,9772.48,39223.56
2026-09-05T14:11:51Z,9991.69,9691.23,9766.16,9774.39,39223.47
2026-09-05T14:13:02Z,9992.19,9692.74,9766.23,9769.84,39221.01
2026-09-05T14:13:20Z,9992.19,9692.74,9766.23,9769.84,39221.01
2026-09-05T14:14:20Z,9989.18,9685.93,9764.29,9767.12,39206.52
2026-09-05T14:15:29Z,9991.38,9686.50,9763.60,9766.48,39207.96
2026-09-05T14:16:37Z,9991.51,9686.27,9762.76,9763.27,39203.81
2026-09-05T14:17:42Z,9990.92,9686.43,9762.73,9763.37,39203.46
2026-09-05T14:18:52Z,9990.43,9685.35,9763.11,9760.83,39199.71
2026-09-05T14:19:55Z,9990.02,9685.36,9763.66,9755.81,39194.85
2026-09-05T14:21:04Z,9991.22,9691.79,9763.48,9750.98,39197.47
2026-09-05T14:22:12Z,9993.22,9685.46,9764.87,9755.30,39198.85
2026-09-05T14:23:06Z,9993.22,9685.46,9764.87,9755.30,39198.85
2026-09-05T14:24:15Z,9986.46,9683.18,9762.20,9755.07,39186.92
2026-09-05T14:25:18Z,9982.87,9682.41,9760.88,9753.76,39179.92
2026-09-05T14:26:26Z,9984.72,9681.73,9762.23,9757.43,39186.12
2026-09-05T14:27:35Z,9985.13,9685.47,9763.22,9753.72,39187.54
2026-09-05T14:28:40Z,9987.04,9692.27,9764.45,9764.71,39208.48
2026-09-05T14:29:48Z,9993.50,9691.04,9766.32,9773.54,39224.40
2026-09-05T14:30:51Z,9994.71,9690.95,9767.37,9786.46,39239.48
2026-09-05T14:31:58Z,9991.69,9692.83,9763.76,9793.92,39242.20
2026-09-05T14:32:24Z,9991.69,9692.83,9763.76,9793.92,39242.20
2026-09-05T14:33:32Z,9999.42,9692.97,9767.27,9799.63,39259.28
2026-09-05T14:34:51Z,10001.02,9691.44,9766.85,9798.60,39257.90
2026-09-05T14:36:00Z,9998.71,9692.35,9765.67,9795.72,39252.45
2026-09-05T14:37:07Z,10002.68,9691.83,9768.38,9801.95,39264.84
2026-09-05T14:38:08Z,9999.99,9690.00,9769.05,9802.08,39261.12
2026-09-05T14:39:17Z,10002.14,9689.62,9770.08,9795.29,39257.14
2026-09-05T14:40:23Z,10003.21,9692.03,9770.76,9799.88,39265.88
2026-09-05T14:41:34Z,9999.62,9690.58,9771.28,9798.25,39259.73
2026-09-05T14:43:23Z,9997.40,9692.46,9769.46,9796.93,39256.26
2026-09-05T14:44:31Z,9995.35,9690.58,9768.38,9789.35,39243.66
2026-09-05T14:45:37Z,9998.04,9697.49,9769.61,9783.40,39248.53
2026-09-05T14:46:48Z,9986.76,9696.51,9765.18,9775.37,39223.81
2026-09-05T14:47:48Z,9989.82,9690.73,9764.83,9775.92,39221.30
2026-09-05T14:49:04Z,9990.02,9691.10,9763.34,9772.49,39216.96
2026-09-05T14:50:12Z,9991.47,9692.06,9763.73,9776.65,39223.91
2026-09-05T14:51:23Z,9994.39,9692.10,9765.01,9773.44,39224.96
2026-09-05T14:52:44Z,9994.39,9692.10,9765.01,9773.44,39224.96
2026-09-05T14:53:47Z,9993.82,9691.24,9765.26,9769.93,39220.25
2026-09-05T14:54:55Z,9994.82,9691.92,9765.37,9770.78,39222.90
2026-09-05T14:56:06Z,9995.95,9691.20,9764.41,9767.95,39219.51
2026-09-05T14:57:14Z,9999.45,9691.47,9766.96,9772.98,39230.86
2026-09-05T14:58:22Z,9999.16,9691.33,9765.73,9761.30,39217.53
2026-09-05T14:59:25Z,10002.05,9691.53,9766.72,9765.09,39225.38
2026-09-05T15:00:31Z,10002.66,9691.22,9768.01,9771.37,39233.25
2026-09-05T15:01:38Z,10002.98,9689.89,9767.83,9770.82,39231.52
2026-09-05T15:04:18Z,10002.41,9690.39,9760.23,9759.87,39212.91
2026-09-05T15:05:28Z,9999.88,9683.86,9758.50,9761.73,39203.97
2026-09-05T15:06:38Z,10001.55,9685.21,9758.72,9763.38,39208.86
2026-09-05T15:07:39Z,9998.76,9684.49,9758.00,9760.27,39201.52
2026-09-05T15:08:39Z,10001.27,9684.57,9761.04,9767.85,39214.72
2026-09-05T15:09:50Z,10001.14,9684.89,9759.77,9759.83,39205.63
2026-09-05T15:11:06Z,10005.06,9692.26,9759.59,9758.91,39215.82
2026-09-05T15:12:16Z,10005.15,9691.33,9758.69,9759.20,39214.36
2026-09-05T15:13:31Z,10006.77,9690.81,9760.91,9762.67,39221.16
2026-09-05T15:14:31Z,10005.62,9687.92,9761.25,9763.00,39217.79
2026-09-05T15:15:41Z,10004.67,9686.68,9761.85,9759.94,39213.14
2026-09-05T15:16:49Z,10008.44,9682.01,9763.80,9766.22,39220.47
2026-09-05T15:17:59Z,10010.69,9681.12,9765.54,9771.21,39228.57
2026-09-05T15:19:05Z,10002.32,9681.33,9759.62,9759.39,39202.66
2026-09-05T15:20:05Z,10000.56,9672.38,9759.18,9750.07,39182.19
2026-09-05T15:21:17Z,10000.57,9676.86,9758.53,9747.83,39183.79
2026-09-05T15:22:25Z,10000.57,9676.86,9758.53,9747.83,39183.79
2026-09-05T15:23:18Z,10000.57,9676.86,9758.53,9747.83,39183.79
2026-09-05T15:24:23Z,10007.56,9679.85,9761.71,9764.70,39213.82
2026-09-05T15:25:26Z,10008.28,9671.63,9766.66,9756.04,39202.61
2026-09-05T15:26:36Z,10008.41,9669.84,9765.78,9750.32,39194.34
2026-09-05T15:27:46Z,10007.55,9668.57,9765.61,9751.62,39193.34
2026-09-05T15:28:54Z,10008.95,9670.74,9771.32,9750.79,39201.80
2026-09-05T15:29:57Z,10010.79,9669.41,9771.56,9753.20,39204.97
2026-09-05T15:30:58Z,10004.54,9668.37,9762.06,9745.91,39180.87
2026-09-05T15:32:08Z,10003.22,9668.65,9761.60,9739.88,39173.35
2026-09-05T15:32:35Z,10003.22,9668.65,9761.60,9739.88,39173.35
2026-09-05T15:33:45Z,10003.55,9667.79,9761.03,9741.42,39173.78
2026-09-05T15:34:53Z,10003.55,9667.79,9761.03,9741.42,39173.78
2026-09-05T15:35:56Z,10002.04,9656.46,9761.81,9723.81,39144.12
2026-09-05T15:36:57Z,10001.55,9646.92,9760.95,9720.28,39129.70
2026-09-05T15:38:07Z,9999.75,9643.70,9762.75,9720.71,39126.90
2026-09-05T15:39:18Z,10008.59,9666.52,9755.94,9732.56,39163.61
2026-09-05T15:40:26Z,10008.59,9666.52,9755.94,9732.56,39163.61
2026-09-05T15:41:29Z,10010.15,9674.81,9752.93,9736.74,39174.63
2026-09-05T15:42:55Z,10008.02,9672.31,9751.96,9731.86,39164.15
2026-09-05T15:44:06Z,10007.96,9672.51,9751.30,9725.55,39157.33
2026-09-05T15:45:17Z,10006.58,9672.90,9749.35,9722.41,39151.24
2026-09-05T15:46:25Z,10010.58,9676.84,9751.65,9717.21,39156.28
2026-09-05T15:47:29Z,10003.33,9676.04,9749.96,9718.90,39148.22
2026-09-05T15:48:30Z,10005.35,9676.91,9751.12,9726.86,39160.24
2026-09-05T15:49:40Z,10004.22,9675.13,9749.72,9718.15,39147.23
2026-09-05T15:50:52Z,10002.29,9676.97,9747.91,9711.14,39138.32
2026-09-05T15:51:59Z,10004.84,9675.03,9748.35,9711.73,39139.96
2026-09-05T15:52:21Z,10004.84,9675.03,9748.35,9711.73,39139.96
2026-09-05T15:53:24Z,10009.52,9677.12,9751.09,9720.90,39158.63
2026-09-05T15:54:25Z,10004.89,9678.34,9750.00,9722.52,39155.75
2026-09-05T15:55:35Z,10008.54,9679.39,9746.16,9731.14,39165.22
2026-09-05T15:56:45Z,10008.50,9679.97,9746.34,9725.14,39159.95
2026-09-05T15:57:53Z,10011.13,9680.43,9746.49,9728.17,39166.22
2026-09-05T15:58:56Z,10008.14,9680.02,9744.29,9733.97,39166.42
2026-09-05T15:59:57Z,10009.14,9680.54,9744.34,9739.74,39173.76
2026-09-05T16:01:08Z,10008.30,9680.59,9742.59,9737.23,39168.70
2026-09-05T16:03:55Z,10007.76,9682.56,9746.11,9748.86,39185.29
2026-09-05T16:05:06Z,10006.05,9682.47,9745.84,9753.37,39187.73
2026-09-05T16:06:17Z,10009.85,9682.45,9751.14,9757.31,39200.75
2026-09-05T16:07:18Z,10012.41,9683.29,9754.09,9764.07,39213.87
2026-09-05T16:08:19Z,10012.56,9683.51,9752.63,9759.96,39208.66
2026-09-05T16:09:29Z,10013.94,9680.79,9751.91,9751.44,39198.07
2026-09-05T16:10:39Z,10014.30,9680.18,9752.63,9754.47,39201.58
2026-09-05T16:11:51Z,10014.67,9683.70,9753.69,9759.80,39211.86
2026-09-05T16:13:08Z,10014.00,9682.39,9752.01,9759.97,39208.37
2026-09-05T16:14:08Z,10020.19,9690.05,9758.40,9778.18,39246.82
2026-09-05T16:15:20Z,10021.57,9681.97,9757.92,9774.13,39235.60
2026-09-05T16:16:27Z,10020.45,9689.17,9757.51,9770.08,39237.22
2026-09-05T16:17:38Z,10021.99,9690.49,9758.54,9770.87,39241.90
2026-09-05T16:18:40Z,10024.66,9691.64,9761.38,9766.81,39244.48
2026-09-05T16:19:41Z,10020.61,9682.96,9757.91,9757.42,39218.89
2026-09-05T16:20:51Z,10021.66,9682.40,9758.22,9756.31,39218.59
2026-09-05T16:22:01Z,10018.64,9680.98,9756.36,9761.13,39217.11
2026-09-05T16:22:55Z,10018.64,9680.98,9756.36,9761.13,39217.11
2026-09-05T16:24:01Z,10019.33,9681.75,9756.60,9768.56,39226.23
2026-09-05T16:25:02Z,10019.15,9681.73,9757.69,9772.68,39231.25
2026-09-05T16:26:08Z,10018.70,9681.19,9758.53,9772.54,39230.97
2026-09-05T16:27:18Z,10017.42,9687.92,9758.24,9772.00,39235.57
2026-09-05T16:28:28Z,10017.50,9688.54,9759.15,9781.58,39246.78
2026-09-05T16:29:41Z,10013.01,9687.18,9756.39,9780.96,39237.55
2026-09-05T16:30:42Z,10011.44,9687.79,9754.41,9773.94,39227.57
2026-09-05T16:31:47Z,10012.70,9688.65,9754.71,9773.35,39229.40
2026-09-05T16:32:24Z,10012.70,9688.65,9754.71,9773.35,39229.40
2026-09-05T16:33:32Z,10014.13,9688.04,9754.56,9778.85,39235.58
2026-09-05T16:34:42Z,10020.65,9691.50,9764.89,9787.56,39264.61
2026-09-05T16:35:42Z,10020.65,9691.50,9764.89,9787.56,39264.61
2026-09-05T16:36:45Z,10021.53,9694.44,9757.53,9779.45,39252.94
2026-09-05T16:38:03Z,10019.30,9692.30,9757.03,9773.58,39242.21
2026-09-05T16:39:17Z,10019.23,9694.41,9757.59,9765.25,39236.49
2026-09-05T16:40:28Z,10019.23,9694.41,9757.59,9765.25,39236.49
2026-09-05T16:42:24Z,10017.18,9695.72,9757.33,9753.92,39224.15
2026-09-05T16:43:35Z,10016.65,9694.42,9757.10,9748.61,39216.79
2026-09-05T16:44:41Z,10017.42,9694.90,9756.84,9744.42,39213.58
2026-09-05T16:45:59Z,10018.81,9695.32,9756.72,9743.38,39214.23
2026-09-05T16:46:59Z,10022.43,9697.24,9756.73,9744.87,39221.27
2026-09-05T16:48:04Z,10025.23,9696.53,9756.26,9754.33,39232.35
2026-09-05T16:49:23Z,10019.44,9694.90,9754.87,9744.76,39213.96
2026-09-05T16:50:56Z,10019.44,9694.90,9754.87,9744.76,39213.96
2026-09-05T16:51:47Z,10019.44,9694.90,9754.87,9744.76,39213.96
2026-09-05T16:52:47Z,10026.41,9698.23,9757.59,9750.30,39232.53
2026-09-05T16:53:59Z,10025.71,9700.70,9757.58,9747.22,39231.21
2026-09-05T16:55:16Z,10027.61,9701.47,9757.84,9742.10,39229.01
2026-09-05T16:56:26Z,10030.17,9707.50,9764.45,9752.98,39255.10
2026-09-05T16:57:36Z,10033.94,9707.37,9764.99,9759.89,39266.19
2026-09-05T16:58:36Z,10044.63,9710.00,9763.49,9777.51,39295.64
2026-09-05T16:59:42Z,10046.72,9717.09,9762.44,9783.08,39309.33
2026-09-05T17:03:58Z,10044.17,9716.49,9756.98,9774.23,39291.87
2026-09-05T17:05:08Z,10043.95,9713.89,9756.50,9761.46,39275.80
2026-09-05T17:06:18Z,10047.16,9714.93,9758.72,9768.41,39289.22
2026-09-05T17:07:19Z,10047.16,9714.93,9758.72,9768.41,39289.22
2026-09-05T17:08:19Z,10052.45,9714.14,9762.34,9788.48,39317.41
2026-09-05T17:09:29Z,10057.40,9722.36,9768.51,9799.52,39347.79
2026-09-05T17:10:39Z,10057.40,9722.36,9768.51,9799.52,39347.79
2026-09-05T17:11:49Z,10060.16,9723.09,9771.62,9803.40,39358.26
2026-09-05T17:13:09Z,10059.54,9721.73,9774.26,9802.94,39358.48
2026-09-05T17:14:09Z,10060.22,9718.77,9772.22,9805.28,39356.50
2026-09-05T17:15:20Z,10062.85,9720.66,9773.89,9805.33,39362.72
2026-09-05T17:16:30Z,10064.60,9719.55,9773.53,9808.72,39366.40
2026-09-05T17:17:41Z,10055.81,9716.83,9767.03,9802.25,39341.92
2026-09-05T17:18:49Z,10055.80,9716.45,9768.12,9802.48,39342.85
2026-09-05T17:19:49Z,10050.66,9709.81,9763.75,9789.85,39314.07
2026-09-05T17:20:56Z,10051.35,9715.91,9765.20,9789.41,39321.87
2026-09-05T17:22:04Z,10050.07,9717.38,9765.29,9785.76,39318.50
2026-09-05T17:22:58Z,10050.07,9717.38,9765.29,9785.76,39318.50
2026-09-05T17:24:07Z,10054.20,9715.57,9771.13,9785.58,39326.49
2026-09-05T17:25:07Z,10057.60,9715.51,9774.39,9783.83,39331.33
2026-09-05T17:26:15Z,10057.60,9715.51,9774.39,9783.83,39331.33
2026-09-05T17:27:23Z,10061.63,9714.99,9776.78,9781.38,39334.78
2026-09-05T17:28:31Z,10058.48,9713.99,9772.60,9779.99,39325.05
2026-09-05T17:29:39Z,10050.61,9712.22,9764.34,9769.93,39297.10
2026-09-05T17:30:40Z,10052.09,9711.28,9764.43,9769.89,39297.69
2026-09-05T17:31:48Z,10056.40,9711.57,9767.13,9778.09,39313.19
2026-09-05T17:32:29Z,10056.40,9711.57,9767.13,9778.09,39313.19
2026-09-05T17:33:38Z,10059.19,9712.72,9768.39,9778.53,39318.83
2026-09-05T17:34:45Z,10062.81,9715.77,9770.04,9781.77,39330.39
2026-09-05T17:35:51Z,10065.13,9722.73,9772.57,9788.78,39349.20
2026-09-05T17:36:59Z,10057.00,9722.21,9769.66,9781.50,39330.36
2026-09-05T17:38:07Z,10053.18,9721.57,9766.94,9779.75,39321.44
2026-09-05T17:39:15Z,10041.81,9711.64,9763.80,9774.36,39291.62
2026-09-05T17:40:19Z,10041.81,9711.64,9763.80,9774.36,39291.62
2026-09-05T17:41:24Z,10036.86,9718.99,9759.19,9769.33,39284.37
2026-09-05T17:42:40Z,10042.50,9719.53,9761.28,9772.31,39295.62
2026-09-05T17:43:49Z,10042.04,9719.57,9761.24,9770.32,39293.17
2026-09-05T17:45:15Z,10041.30,9720.44,9761.46,9772.72,39295.92
2026-09-05T17:46:20Z,10046.40,9720.70,9765.71,9779.59,39312.41
2026-09-05T17:47:23Z,10043.96,9718.96,9765.33,9777.21,39305.45
2026-09-05T17:48:30Z,10046.84,9726.33,9766.89,9785.47,39325.52
2026-09-05T17:49:41Z,10049.85,9728.70,9769.34,9795.71,39343.60
2026-09-05T17:50:50Z,10045.32,9725.96,9767.85,9790.12,39329.25
2026-09-05T17:52:17Z,10049.41,9734.68,9770.18,9798.34,39352.60
2026-09-05T17:53:20Z,10050.80,9734.88,9770.24,9798.79,39354.72
2026-09-05T17:54:28Z,10052.29,9737.08,9769.77,9802.23,39361.37
2026-09-05T17:55:38Z,10049.47,9735.65,9768.50,9804.43,39358.05
2026-09-05T17:56:46Z,10049.89,9741.80,9770.86,9811.47,39374.02
2026-09-05T17:57:49Z,10051.20,9734.54,9769.86,9807.76,39363.36
2026-09-05T17:58:52Z,10050.30,9732.70,9773.18,9812.17,39368.35
2026-09-05T17:59:59Z,10053.74,9734.10,9775.21,9814.14,39377.18
2026-09-05T18:01:09Z,10057.29,9733.00,9785.52,9817.82,39393.63
2026-09-05T18:04:03Z,10058.96,9743.30,9776.43,9821.09,39399.78
2026-09-05T18:05:12Z,10060.76,9745.74,9774.67,9818.73,39399.89
2026-09-05T18:06:23Z,10062.31,9747.21,9772.98,9819.30,39401.80
2026-09-05T18:07:30Z,10062.81,9753.22,9773.12,9819.97,39409.11
2026-09-05T18:08:31Z,10065.90,9755.00,9776.29,9824.17,39421.37
2026-09-05T18:09:41Z,10065.18,9749.38,9774.72,9816.45,39405.73
2026-09-05T18:10:51Z,10064.84,9748.60,9775.29,9815.86,39404.59
2026-09-05T18:12:09Z,10061.03,9740.69,9773.62,9808.38,39383.72
2026-09-05T18:13:29Z,10056.79,9732.36,9772.53,9801.12,39362.80
2026-09-05T18:14:31Z,10054.47,9738.20,9778.60,9812.84,39384.12
2026-09-05T18:15:43Z,10055.76,9737.24,9780.71,9816.24,39389.96
2026-09-05T18:16:52Z,10055.27,9737.24,9781.51,9816.70,39390.72
2026-09-05T18:17:59Z,10054.63,9737.08,9781.48,9816.87,39390.06
2026-09-05T18:19:02Z,10055.04,9731.03,9780.48,9814.26,39380.80
2026-09-05T18:20:03Z,10054.29,9730.41,9777.52,9811.83,39374.05
2026-09-05T18:21:13Z,10060.83,9737.40,9784.39,9826.01,39408.64
2026-09-05T18:22:25Z,10060.83,9737.40,9784.39,9826.01,39408.64
2026-09-05T18:23:16Z,10060.83,9737.40,9784.39,9826.01,39408.64
2026-09-05T18:24:19Z,10061.03,9734.03,9784.95,9829.42,39409.43
2026-09-05T18:25:19Z,10061.96,9734.69,9785.33,9828.26,39410.24
2026-09-05T18:26:29Z,10059.57,9727.34,9783.28,9822.50,39392.69
2026-09-05T18:27:40Z,10057.25,9726.47,9782.19,9821.56,39387.47
2026-09-05T18:28:48Z,10057.16,9733.88,9782.34,9824.98,39398.36
2026-09-05T18:29:51Z,10054.58,9727.12,9780.94,9818.43,39381.07
2026-09-05T18:30:52Z,10052.33,9726.15,9778.36,9815.56,39372.41
2026-09-05T18:32:03Z,10050.44,9719.63,9776.58,9809.18,39355.84
2026-09-05T18:32:29Z,10050.44,9719.63,9776.58,9809.18,39355.84
2026-09-05T18:33:39Z,10054.54,9726.39,9779.69,9821.68,39382.29
2026-09-05T18:34:47Z,10049.25,9712.82,9774.55,9811.11,39347.73
2026-09-05T18:35:50Z,10043.81,9712.96,9770.93,9808.64,39336.34
2026-09-05T18:36:51Z,10044.03,9712.88,9774.08,9813.35,39344.34
2026-09-05T18:38:01Z,10040.93,9712.98,9770.81,9811.19,39335.91
2026-09-05T18:39:10Z,10045.45,9721.96,9776.27,9820.63,39364.31
2026-09-05T18:40:19Z,10044.30,9719.15,9776.25,9818.33,39358.02
2026-09-05T18:41:23Z,10043.46,9713.12,9775.61,9815.22,39347.40
2026-09-05T18:43:07Z,10042.77,9714.65,9773.64,9812.76,39343.83
2026-09-05T18:44:19Z,10043.47,9714.83,9773.99,9812.74,39345.03
2026-09-05T18:45:27Z,10043.18,9716.95,9771.69,9807.27,39339.08
2026-09-05T18:46:29Z,10043.63,9715.40,9773.21,9807.69,39339.92
2026-09-05T18:47:30Z,10044.75,9722.13,9775.83,9813.15,39355.86
2026-09-05T18:48:40Z,10045.03,9722.92,9776.09,9813.54,39357.57
2026-09-05T18:49:51Z,10045.68,9729.86,9775.63,9817.99,39369.16
2026-09-05T18:50:59Z,10042.94,9722.81,9773.36,9809.81,39348.92
2026-09-05T18:52:21Z,10042.20,9723.98,9771.97,9807.32,39345.47
2026-09-05T18:53:21Z,10044.85,9726.82,9771.25,9805.12,39348.04
2026-09-05T18:54:32Z,10043.02,9724.82,9769.25,9802.15,39339.23
2026-09-05T18:55:42Z,10041.72,9726.85,9768.49,9800.33,39337.40
2026-09-05T18:56:52Z,10041.03,9725.00,9768.37,9797.59,39331.99
2026-09-05T18:57:56Z,10043.85,9727.75,9768.24,9800.05,39339.89
2026-09-05T18:58:56Z,10045.81,9727.31,9770.32,9801.27,39344.70
2026-09-05T19:00:05Z,10045.77,9727.88,9770.78,9800.62,39345.04
2026-09-05T19:01:16Z,10043.46,9728.93,9768.61,9798.45,39339.45
2026-09-05T19:04:18Z,10036.05,9720.29,9766.30,9787.23,39309.87
2026-09-05T19:05:28Z,10036.26,9718.70,9766.01,9785.96,39306.92
2026-09-05T19:06:38Z,10037.82,9718.77,9768.32,9788.78,39313.69
2026-09-05T19:07:39Z,10040.07,9718.93,9771.27,9792.92,39323.19
2026-09-05T19:08:39Z,10040.20,9727.27,9770.45,9799.31,39337.23
2026-09-05T19:09:50Z,10039.39,9722.66,9768.77,9794.20,39325.03
2026-09-05T19:11:01Z,10036.73,9728.64,9766.05,9798.42,39329.84
2026-09-05T19:12:29Z,10039.00,9728.70,9766.67,9801.88,39336.25
2026-09-05T19:13:32Z,10043.57,9728.24,9769.92,9804.96,39346.69
2026-09-05T19:14:33Z,10041.71,9728.19,9769.38,9804.60,39343.87
2026-09-05T19:15:43Z,10042.05,9728.54,9769.20,9806.91,39346.71
2026-09-05T19:16:53Z,10043.03,9728.01,9769.67,9808.96,39349.67
2026-09-05T19:18:04Z,10043.06,9727.65,9772.14,9811.65,39354.50
2026-09-05T19:19:05Z,10044.44,9728.03,9772.53,9809.46,39354.46
2026-09-05T19:20:05Z,10044.44,9728.03,9772.53,9809.46,39354.46
2026-09-05T19:21:16Z,10045.76,9726.02,9772.64,9815.88,39360.30
2026-09-05T19:22:27Z,10046.11,9726.25,9773.24,9818.81,39364.42
2026-09-05T19:23:22Z,10046.11,9726.25,9773.24,9818.81,39364.42
2026-09-05T19:24:22Z,10042.20,9727.48,9769.09,9814.38,39353.16
2026-09-05T19:25:23Z,10043.60,9727.45,9771.03,9817.79,39359.87
2026-09-05T19:26:34Z,10046.51,9728.10,9772.74,9826.11,39373.45
2026-09-05T19:27:45Z,10049.62,9729.25,9773.82,9824.63,39377.32
2026-09-05T19:28:54Z,10051.05,9733.08,9774.22,9827.18,39385.54
2026-09-05T19:29:55Z,10047.46,9738.94,9770.88,9832.51,39389.78
2026-09-05T19:30:55Z,10046.63,9738.44,9770.29,9835.50,39390.85
2026-09-05T19:32:05Z,10045.42,9730.11,9768.83,9830.90,39375.25
2026-09-05T19:32:33Z,10045.42,9730.11,9768.83,9830.90,39375.25
2026-09-05T19:33:43Z,10048.77,9735.73,9771.58,9837.42,39393.50
2026-09-05T19:34:52Z,10047.97,9734.52,9770.29,9834.96,39387.74
2026-09-05T19:35:53Z,10048.97,9733.93,9769.63,9838.88,39391.41
2026-09-05T19:36:54Z,10043.45,9724.35,9763.96,9827.79,39359.54
2026-09-05T19:38:04Z,10040.28,9724.48,9761.78,9822.35,39348.89
2026-09-05T19:39:15Z,10035.39,9717.13,9759.92,9813.53,39325.97
2026-09-05T19:40:25Z,10030.49,9711.80,9757.97,9803.39,39303.66
2026-09-05T19:41:25Z,10026.68,9707.85,9749.40,9794.86,39278.79
2026-09-05T19:42:32Z,10035.70,9716.85,9759.92,9816.80,39329.26
2026-09-05T19:43:43Z,10037.30,9718.57,9760.71,9817.64,39334.22
2026-09-05T19:44:53Z,10036.51,9721.43,9760.18,9816.06,39334.18
2026-09-05T19:46:04Z,10036.08,9724.48,9760.51,9814.84,39335.92
2026-09-05T19:47:04Z,10036.85,9724.29,9760.74,9815.11,39336.99
2026-09-05T19:48:05Z,10032.24,9720.07,9757.84,9805.82,39315.98
2026-09-05T19:49:15Z,10032.24,9720.07,9757.84,9805.82,39315.98
2026-09-05T19:50:25Z,10025.84,9720.85,9755.14,9797.79,39299.62
2026-09-05T19:51:35Z,10024.37,9709.10,9745.92,9790.10,39269.49
2026-09-05T19:51:55Z,10024.37,9709.10,9745.92,9790.10,39269.49
2026-09-05T19:52:56Z,10021.08,9704.41,9743.21,9781.06,39249.77
2026-09-05T19:53:57Z,10025.36,9718.51,9752.50,9793.47,39289.85
2026-09-05T19:55:06Z,10024.49,9712.69,9751.82,9788.76,39277.75
2026-09-05T19:56:17Z,10019.73,9705.30,9749.72,9781.50,39256.25
2026-09-05T19:57:27Z,10019.73,9705.30,9749.72,9781.50,39256.25
2026-09-05T19:58:30Z,10023.64,9708.43,9751.01,9786.80,39269.87
2026-09-05T19:59:31Z,10025.60,9704.37,9751.16,9788.10,39269.22
2026-09-05T20:00:41Z,10025.03,9704.48,9751.07,9786.05,39266.63
2026-09-05T20:03:54Z,10021.50,9710.79,9750.21,9787.01,39269.51
2026-09-05T20:05:04Z,10014.20,9701.80,9746.94,9777.48,39240.42
2026-09-05T20:06:15Z,10010.19,9693.75,9737.95,9763.40,39205.29
2026-09-05T20:07:15Z,10010.19,9693.75,9736.45,9763.40,39203.79
2026-09-05T20:08:16Z,10016.95,9708.94,9745.74,9779.13,39250.76
2026-09-05T20:09:26Z,10020.19,9709.08,9747.43,9787.43,39264.13
2026-09-05T20:10:37Z,10021.79,9710.98,9748.06,9784.03,39264.86
2026-09-05T20:11:47Z,10020.54,9710.01,9749.58,9782.76,39262.89
2026-09-05T20:13:06Z,10021.59,9710.83,9749.76,9788.19,39270.37
2026-09-05T20:14:07Z,10032.66,9701.32,9748.74,9798.35,39281.07
2026-09-05T20:15:18Z,10032.83,9696.20,9749.14,9800.34,39278.51
2026-09-05T20:16:27Z,10026.20,9693.07,9747.83,9789.67,39256.77
2026-09-05T20:17:39Z,10025.42,9698.03,9748.06,9790.50,39262.02
2026-09-05T20:18:40Z,10026.73,9697.89,9747.05,9790.37,39262.04
2026-09-05T20:19:41Z,10021.79,9696.42,9745.81,9790.16,39254.18
2026-09-05T20:20:52Z,10019.22,9690.93,9737.59,9779.47,39227.22
2026-09-05T20:22:02Z,10014.16,9687.14,9737.59,9772.60,39211.49
2026-09-05T20:22:57Z,10014.16,9687.14,9737.59,9772.60,39211.49
2026-09-05T20:23:58Z,10018.66,9697.38,9744.32,9785.44,39245.80
2026-09-05T20:24:59Z,10017.84,9695.72,9744.63,9784.38,39242.58
2026-09-05T20:26:09Z,10016.66,9687.76,9738.38,9777.18,39219.97
2026-09-05T20:27:20Z,10022.19,9692.60,9744.43,9791.97,39251.19
2026-09-05T20:28:31Z,10024.87,9690.43,9744.45,9793.72,39253.48
2026-09-05T20:29:34Z,10022.29,9685.62,9745.58,9788.99,39242.48
2026-09-05T20:30:34Z,10015.49,9675.16,9736.04,9772.28,39198.98
2026-09-05T20:31:44Z,10015.03,9679.19,9736.61,9769.43,39200.26
2026-09-05T20:32:23Z,10015.03,9679.19,9735.13,9769.43,39198.77
2026-09-05T20:33:32Z,10011.49,9686.62,9737.87,9765.05,39201.03
2026-09-05T20:34:34Z,10005.99,9683.67,9737.19,9759.77,39186.62
2026-09-05T20:35:35Z,10002.93,9679.64,9736.65,9755.60,39174.82
2026-09-05T20:36:42Z,10010.13,9676.19,9733.36,9759.51,39179.19
2026-09-05T20:37:52Z,10013.02,9674.60,9733.19,9759.28,39180.08
2026-09-05T20:39:02Z,10015.35,9674.25,9732.61,9764.42,39186.63
2026-09-05T20:40:05Z,10021.57,9674.33,9733.04,9768.42,39197.36
2026-09-05T20:41:06Z,10019.44,9672.86,9734.43,9764.97,39191.70
2026-09-05T20:42:39Z,10020.29,9670.25,9735.46,9766.36,39192.37
2026-09-05T20:43:48Z,10021.98,9677.37,9735.11,9771.54,39205.99
2026-09-05T20:44:58Z,10022.58,9678.78,9736.29,9771.14,39208.79
2026-09-05T20:46:01Z,10023.86,9680.82,9736.10,9773.30,39214.08
2026-09-05T20:47:02Z,10026.43,9682.83,9735.81,9778.54,39223.60
2026-09-05T20:48:11Z,10025.99,9681.12,9736.71,9776.81,39220.64
2026-09-05T20:49:22Z,10025.45,9683.27,9737.03,9778.18,39223.93
2026-09-05T20:50:33Z,10027.11,9681.12,9737.99,9780.76,39226.98
2026-09-05T20:51:56Z,10028.73,9683.26,9736.36,9781.63,39229.97
2026-09-05T20:52:56Z,10030.76,9687.90,9736.91,9778.79,39234.37
2026-09-05T20:54:04Z,10028.58,9693.30,9737.35,9776.94,39236.17
2026-09-05T20:55:14Z,10024.16,9693.92,9734.91,9772.47,39225.46
2026-09-05T20:56:23Z,10022.69,9690.42,9733.05,9766.75,39212.91
2026-09-05T20:57:27Z,10022.14,9687.70,9733.31,9766.36,39209.51
2026-09-05T20:58:27Z,10021.83,9680.95,9734.13,9763.21,39200.11
2026-09-05T20:59:35Z,10021.29,9683.19,9734.13,9760.89,39199.49
2026-09-05T21:00:46Z,10022.50,9680.44,9734.26,9762.95,39200.15
2026-09-05T21:04:09Z,10022.06,9681.89,9734.52,9760.96,39199.43
2026-09-05T21:05:19Z,10023.42,9678.36,9734.00,9760.32,39196.10
2026-09-05T21:06:47Z,10022.61,9673.03,9734.36,9753.93,39183.94
2026-09-05T21:07:48Z,10020.25,9669.59,9733.02,9749.17,39172.03
2026-09-05T21:08:48Z,10023.11,9672.65,9734.64,9746.74,39177.14
2026-09-05T21:10:07Z,10024.62,9672.76,9736.07,9748.34,39181.80
2026-09-05T21:11:16Z,10027.53,9670.64,9733.70,9759.91,39191.78
2026-09-05T21:12:27Z,10030.32,9668.71,9732.78,9761.11,39192.92
2026-09-05T21:13:21Z,10034.62,9667.25,9731.18,9766.35,39199.39
2026-09-05T21:14:21Z,10033.56,9664.97,9733.21,9769.44,39201.19
2026-09-05T21:15:32Z,10032.75,9663.15,9731.89,9770.83,39198.63
2026-09-05T21:16:41Z,10032.36,9661.31,9731.32,9770.90,39195.89
2026-09-05T21:17:52Z,10031.54,9663.42,9731.35,9769.93,39196.24
2026-09-05T21:18:54Z,10030.56,9661.27,9731.51,9769.25,39192.60
2026-09-05T21:19:54Z,10029.54,9658.36,9732.46,9770.19,39190.55
2026-09-05T21:21:05Z,10030.36,9671.95,9733.90,9777.84,39214.05
2026-09-05T21:22:15Z,10032.96,9671.79,9734.60,9780.62,39219.97
2026-09-05T21:23:13Z,10032.96,9671.79,9734.60,9780.62,39219.97
2026-09-05T21:24:13Z,10040.79,9681.97,9736.20,9786.08,39245.04
2026-09-05T21:25:14Z,10043.10,9688.86,9737.62,9789.85,39259.44
2026-09-05T21:26:24Z,10041.06,9682.58,9738.35,9792.03,39254.03
2026-09-05T21:27:35Z,10040.59,9683.24,9736.81,9790.46,39251.10
2026-09-05T21:28:47Z,10040.67,9683.91,9739.26,9798.85,39262.69
2026-09-05T21:29:47Z,10042.92,9682.01,9739.06,9803.74,39267.73
2026-09-05T21:30:48Z,10041.80,9680.55,9741.45,9804.94,39268.74
2026-09-05T21:31:58Z,10041.98,9685.41,9742.24,9805.78,39275.41
2026-09-05T21:32:26Z,10041.98,9685.41,9742.24,9805.78,39275.41
2026-09-05T21:33:36Z,10043.17,9684.43,9743.62,9812.26,39283.47
2026-09-05T21:34:47Z,10039.56,9688.64,9743.00,9812.61,39283.81
2026-09-05T21:35:48Z,10040.30,9693.47,9742.58,9808.76,39285.11
2026-09-05T21:36:56Z,10041.79,9696.62,9742.77,9809.11,39290.28
2026-09-05T21:38:02Z,10038.94,9690.06,9739.49,9799.00,39267.49
2026-09-05T21:39:13Z,10041.09,9696.43,9741.56,9797.89,39276.98
2026-09-05T21:40:21Z,10041.09,9696.43,9741.56,9797.89,39276.98
2026-09-05T21:41:26Z,10044.48,9703.94,9741.60,9804.10,39294.13
2026-09-05T21:43:25Z,10046.52,9699.81,9736.63,9803.57,39286.53
2026-09-05T21:44:36Z,10049.91,9701.47,9739.33,9811.40,39302.11
2026-09-05T21:45:44Z,10048.72,9691.44,9737.47,9806.68,39284.32
2026-09-05T21:46:50Z,10048.61,9696.86,9737.24,9807.79,39290.50
2026-09-05T21:48:09Z,10051.05,9695.24,9735.31,9810.42,39292.02
2026-09-05T21:49:19Z,10050.31,9697.40,9734.80,9811.43,39293.94
2026-09-05T21:50:27Z,10050.31,9697.40,9734.80,9811.43,39293.94
2026-09-05T21:51:35Z,10047.63,9699.14,9735.81,9804.88,39287.46
2026-09-05T21:52:41Z,10048.48,9692.27,9735.82,9804.57,39281.14
2026-09-05T21:53:42Z,10049.95,9690.40,9734.51,9809.81,39284.67
2026-09-05T21:54:52Z,10048.37,9689.48,9734.01,9809.25,39281.11
2026-09-05T21:56:00Z,10047.90,9689.96,9732.47,9808.09,39278.42
2026-09-05T21:57:11Z,10047.83,9690.68,9729.77,9807.85,39276.13
2026-09-05T21:58:16Z,10046.81,9691.72,9728.93,9803.85,39271.32
2026-09-05T21:59:17Z,10047.62,9697.28,9728.23,9815.06,39288.20
2026-09-05T22:00:26Z,10047.79,9696.84,9729.95,9816.56,39291.13
2026-09-05T22:01:32Z,10047.17,9696.83,9731.11,9817.58,39292.69
2026-09-05T22:04:12Z,10050.33,9699.95,9733.85,9829.94,39314.07
2026-09-05T22:05:23Z,10046.92,9697.49,9734.26,9824.51,39303.19
2026-09-05T22:06:34Z,10046.70,9698.44,9734.60,9828.25,39307.98
2026-09-05T22:07:34Z,10044.81,9699.10,9733.64,9824.44,39301.99
2026-09-05T22:08:35Z,10044.81,9699.10,9733.64,9824.44,39301.99
2026-09-05T22:09:46Z,10052.43,9702.49,9734.88,9820.06,39309.86
2026-09-05T22:10:56Z,10050.88,9703.75,9732.32,9816.93,39303.89
2026-09-05T22:12:05Z,10046.94,9703.04,9731.66,9812.14,39293.79
2026-09-05T22:13:26Z,10051.23,9706.27,9733.15,9820.35,39311.00
2026-09-05T22:14:26Z,10051.35,9706.61,9734.68,9824.14,39316.78
2026-09-05T22:15:37Z,10050.97,9707.91,9736.56,9824.09,39319.53
2026-09-05T22:16:47Z,10051.41,9705.88,9735.23,9820.64,39313.16
2026-09-05T22:17:57Z,10046.99,9703.13,9734.55,9819.53,39304.21
2026-09-05T22:18:57Z,10046.57,9703.34,9732.13,9819.11,39301.15
2026-09-05T22:19:58Z,10053.96,9709.46,9737.42,9826.87,39327.72
2026-09-05T22:21:09Z,10048.20,9702.42,9736.04,9821.40,39308.06
2026-09-05T22:22:19Z,10043.57,9694.66,9731.47,9821.71,39291.42
2026-09-05T22:22:47Z,10043.57,9694.66,9731.47,9821.71,39291.42
2026-09-05T22:23:57Z,10042.49,9696.47,9731.65,9819.10,39289.70
2026-09-05T22:24:58Z,10040.82,9695.64,9729.63,9815.94,39282.03
2026-09-05T22:26:15Z,10040.72,9700.44,9724.62,9816.94,39282.72
2026-09-05T22:27:25Z,10040.72,9700.44,9724.62,9816.94,39282.72
2026-09-05T22:28:28Z,10035.63,9694.70,9719.72,9809.04,39259.09
2026-09-05T22:29:38Z,10035.00,9693.68,9714.63,9804.58,39247.90
2026-09-05T22:30:39Z,10035.40,9694.37,9713.49,9802.84,39246.10
2026-09-05T22:31:48Z,10033.29,9693.10,9712.13,9800.00,39238.52
2026-09-05T22:33:16Z,10040.95,9696.65,9714.37,9816.56,39268.53
2026-09-05T22:34:19Z,10041.25,9698.75,9712.11,9811.15,39263.26
2026-09-05T22:35:29Z,10043.75,9699.05,9713.47,9820.42,39276.67
2026-09-05T22:36:30Z,10044.69,9700.26,9713.95,9820.86,39279.76
2026-09-05T22:37:37Z,10041.23,9697.46,9712.79,9820.84,39272.31
2026-09-05T22:38:46Z,10040.70,9699.07,9711.74,9821.89,39273.39
2026-09-05T22:39:50Z,10040.34,9698.15,9711.81,9824.09,39274.38
2026-09-05T22:41:00Z,10038.97,9700.69,9710.28,9823.16,39273.11
2026-09-05T22:42:09Z,10038.38,9700.08,9709.48,9818.36,39266.29
2026-09-05T22:42:56Z,10038.38,9700.08,9709.48,9818.36,39266.29
2026-09-05T22:44:06Z,10034.54,9693.84,9707.90,9819.86,39256.13
2026-09-05T22:45:11Z,10035.75,9697.14,9707.67,9820.82,39261.38
2026-09-05T22:46:15Z,10028.52,9682.65,9705.93,9809.74,39226.85
2026-09-05T22:47:22Z,10026.65,9682.76,9703.31,9805.23,39217.94
2026-09-05T22:48:28Z,10026.57,9683.72,9702.99,9805.55,39218.84
2026-09-05T22:49:39Z,10026.31,9687.50,9701.43,9807.30,39222.53
2026-09-05T22:50:44Z,10022.79,9675.87,9701.00,9799.54,39199.19
2026-09-05T22:51:47Z,10022.69,9675.35,9700.19,9799.11,39197.34
2026-09-05T22:52:11Z,10022.69,9675.35,9700.19,9799.11,39197.34
2026-09-05T22:53:18Z,10023.12,9676.54,9701.20,9802.26,39203.12
2026-09-05T22:54:24Z,10025.53,9679.47,9701.09,9810.17,39216.26
2026-09-05T22:55:34Z,10028.17,9678.72,9701.04,9813.35,39221.29
2026-09-05T22:56:42Z,10029.30,9680.70,9701.78,9814.01,39225.79
2026-09-05T22:57:46Z,10036.89,9693.18,9701.34,9814.14,39245.54
2026-09-05T22:58:54Z,10039.84,9700.72,9702.08,9810.82,39253.47
2026-09-05T22:59:59Z,10040.05,9698.23,9701.67,9813.85,39253.79
2026-09-05T23:01:07Z,10039.94,9694.67,9699.36,9805.61,39239.59
2026-09-05T23:04:09Z,10043.47,9708.49,9696.90,9806.40,39255.25
2026-09-05T23:05:19Z,10046.92,9706.47,9694.26,9805.23,39252.87
2026-09-05T23:06:30Z,10047.29,9703.49,9692.91,9801.11,39244.80
2026-09-05T23:07:30Z,10045.26,9700.13,9690.05,9797.28,39232.72
2026-09-05T23:08:31Z,10049.80,9708.30,9693.18,9807.61,39258.90
2026-09-05T23:09:42Z,10039.11,9706.13,9691.58,9798.76,39235.58
2026-09-05T23:10:52Z,10040.61,9707.43,9691.92,9802.39,39242.36
2026-09-05T23:12:03Z,10039.22,9705.00,9693.01,9802.38,39239.61
2026-09-05T23:13:19Z,10038.82,9707.60,9692.50,9799.08,39237.99
2026-09-05T23:14:20Z,10031.65,9692.40,9693.34,9802.13,39219.53
2026-09-05T23:15:29Z,10028.91,9697.93,9692.28,9799.67,39218.79
2026-09-05T23:16:40Z,10025.37,9690.79,9692.88,9797.80,39206.84
2026-09-05T23:17:50Z,10026.04,9693.57,9691.77,9795.24,39206.61
2026-09-05T23:18:51Z,10028.96,9694.39,9692.83,9796.62,39212.80
2026-09-05T23:19:51Z,10028.44,9691.12,9691.98,9800.83,39212.36
2026-09-05T23:21:02Z,10029.07,9688.19,9691.43,9800.44,39209.13
2026-09-05T23:22:13Z,10030.62,9696.02,9692.78,9806.69,39226.12
2026-09-05T23:23:14Z,10032.77,9700.63,9693.66,9807.07,39234.13
2026-09-05T23:24:15Z,10029.52,9702.29,9691.00,9800.03,39222.84
2026-09-05T23:25:16Z,10029.52,9702.29,9691.00,9800.03,39222.84
2026-09-05T23:26:27Z,10029.87,9697.19,9689.84,9791.77,39208.67
2026-09-05T23:27:36Z,10029.87,9697.19,9689.84,9791.77,39208.67
2026-09-05T23:28:46Z,10031.60,9701.05,9689.37,9790.71,39212.72
2026-09-05T23:29:46Z,10031.60,9702.56,9690.81,9792.43,39217.40
2026-09-05T23:30:47Z,10038.65,9702.53,9687.64,9798.42,39227.24
2026-09-05T23:31:59Z,10038.68,9704.02,9686.97,9796.65,39226.32
2026-09-05T23:32:27Z,10038.68,9704.02,9686.97,9796.65,39226.32
2026-09-05T23:33:37Z,10036.44,9695.88,9688.70,9799.23,39220.26
2026-09-05T23:34:48Z,10038.00,9692.89,9690.12,9802.03,39223.04
2026-09-05T23:35:48Z,10043.61,9699.17,9689.88,9799.78,39232.45
2026-09-05T23:36:59Z,10046.23,9699.15,9691.08,9802.96,39239.42
2026-09-05T23:38:00Z,10046.41,9697.77,9691.80,9804.06,39240.04
2026-09-05T23:39:09Z,10040.49,9693.81,9688.18,9795.21,39217.69
2026-09-05T23:40:19Z,10038.53,9691.47,9686.45,9791.10,39207.54
2026-09-05T23:41:20Z,10032.44,9691.23,9684.44,9784.13,39192.23
2026-09-05T23:43:41Z,10033.61,9690.71,9684.39,9785.00,39193.70
2026-09-05T23:44:54Z,10037.01,9693.57,9684.71,9784.35,39199.64
2026-09-05T23:46:10Z,10037.83,9691.92,9684.05,9782.88,39196.68
2026-09-05T23:47:17Z,10046.01,9701.25,9685.69,9789.45,39222.40
2026-09-05T23:48:18Z,10052.53,9709.63,9686.60,9794.35,39243.12
2026-09-05T23:49:26Z,10051.89,9710.51,9688.31,9795.27,39245.98
2026-09-05T23:50:32Z,10051.89,9710.51,9688.31,9795.27,39245.98
2026-09-05T23:51:41Z,10045.31,9699.95,9687.88,9793.70,39226.83
2026-09-05T23:52:54Z,10045.86,9699.15,9688.65,9793.10,39226.75
2026-09-05T23:53:55Z,10047.84,9701.24,9689.80,9793.58,39232.46
2026-09-05T23:55:03Z,10050.69,9701.67,9690.98,9794.93,39238.27
2026-09-05T23:56:09Z,10048.60,9699.11,9692.08,9794.96,39234.75
2026-09-05T23:57:20Z,10045.18,9694.38,9693.11,9794.14,39226.81
2026-09-05T23:58:29Z,10040.95,9693.66,9689.20,9783.43,39207.24
2026-09-05T23:59:32Z,10040.04,9694.49,9687.56,9780.63,39202.72
2026-09-06T00:00:39Z,10043.46,9697.90,9688.54,9783.56,39213.46
2026-09-06T00:01:45Z,10046.32,9703.25,9684.88,9782.57,39217.02
2026-09-06T00:04:10Z,10046.21,9696.52,9685.62,9786.37,39214.72
2026-09-06T00:05:18Z,10047.98,9692.10,9688.98,9782.67,39211.73
2026-09-06T00:06:28Z,10047.09,9695.65,9689.93,9784.60,39217.27
2026-09-06T00:07:33Z,10047.09,9695.65,9689.93,9784.60,39217.27
2026-09-06T00:08:36Z,10045.30,9699.24,9689.70,9781.34,39215.57
2026-09-06T00:09:47Z,10044.45,9699.25,9687.70,9774.45,39205.85
2026-09-06T00:10:52Z,10046.95,9702.82,9689.44,9777.89,39217.09
2026-09-06T00:12:00Z,10047.61,9701.94,9688.94,9776.89,39215.38
2026-09-06T00:13:23Z,10050.02,9701.30,9689.72,9777.98,39219.03
2026-09-06T00:14:26Z,10055.15,9704.37,9692.38,9786.26,39238.16
2026-09-06T00:15:36Z,10053.17,9704.52,9692.60,9785.29,39235.58
2026-09-06T00:16:41Z,10052.61,9704.45,9692.06,9785.16,39234.28
2026-09-06T00:17:51Z,10050.68,9701.48,9691.05,9785.37,39228.57
2026-09-06T00:18:59Z,10053.83,9706.16,9688.83,9788.12,39236.94
2026-09-06T00:20:00Z,10054.28,9706.36,9688.98,9793.14,39242.76
2026-09-06T00:21:11Z,10059.88,9712.68,9689.76,9803.93,39266.25
2026-09-06T00:22:17Z,10060.13,9710.78,9689.73,9809.11,39269.75
2026-09-06T00:23:01Z,10060.13,9710.78,9689.73,9809.11,39269.75
2026-09-06T00:24:12Z,10060.99,9710.12,9690.56,9812.24,39273.91
2026-09-06T00:25:14Z,10059.57,9715.68,9693.48,9817.77,39286.50
2026-09-06T00:26:32Z,10060.88,9717.09,9693.34,9817.94,39289.26
2026-09-06T00:27:42Z,10060.61,9723.68,9694.58,9824.09,39302.97
2026-09-06T00:28:50Z,10065.46,9723.08,9696.98,9828.21,39313.73
2026-09-06T00:30:12Z,10066.33,9723.35,9697.29,9825.66,39312.62
2026-09-06T00:31:17Z,10068.62,9725.57,9696.35,9825.74,39316.29
2026-09-06T00:32:20Z,10066.20,9724.29,9694.58,9820.68,39305.75
2026-09-06T00:33:28Z,10064.80,9729.32,9694.47,9820.82,39309.40
2026-09-06T00:34:34Z,10065.79,9730.85,9696.21,9823.37,39316.22
2026-09-06T00:35:42Z,10066.92,9733.10,9697.44,9824.26,39321.72
2026-09-06T00:36:46Z,10065.78,9735.06,9697.24,9820.93,39319.01
2026-09-06T00:37:54Z,10065.24,9732.77,9697.07,9825.55,39320.62
2026-09-06T00:38:59Z,10063.19,9731.10,9697.88,9824.87,39317.05
2026-09-06T00:40:06Z,10064.21,9729.56,9697.13,9828.28,39319.18
2026-09-06T00:41:14Z,10055.93,9703.20,9679.25,9804.46,39242.84
2026-09-06T00:42:40Z,10058.30,9698.28,9678.08,9807.29,39241.95
2026-09-06T00:43:48Z,10063.19,9707.14,9682.23,9819.49,39272.04
2026-09-06T00:44:50Z,10060.44,9707.80,9681.95,9813.53,39263.71
2026-09-06T00:45:59Z,10062.58,9710.85,9684.74,9815.17,39273.33
2026-09-06T00:47:10Z,10064.43,9707.54,9686.91,9813.10,39271.97
2026-09-06T00:48:16Z,10065.37,9711.75,9691.09,9812.53,39280.74
2026-09-06T00:49:25Z,10065.94,9718.27,9689.61,9818.36,39292.19
2026-09-06T00:50:28Z,10065.94,9718.27,9689.61,9818.36,39292.19
2026-09-06T00:51:34Z,10062.01,9713.48,9687.13,9816.31,39278.92
2026-09-06T00:51:52Z,10062.01,9713.48,9687.13,9816.31,39278.92
2026-09-06T00:53:02Z,10060.82,9713.72,9685.11,9815.36,39275.01
2026-09-06T00:54:08Z,10061.03,9714.49,9684.68,9814.74,39274.95
2026-09-06T00:57:42Z,10065.79,9714.62,9692.57,9818.75,39291.74
2026-09-06T00:58:54Z,10066.36,9723.23,9697.77,9817.64,39305.00
2026-09-06T01:00:27Z,10067.20,9733.64,9706.36,9820.45,39327.64
2026-09-06T01:03:52Z,10063.78,9732.61,9706.47,9818.41,39321.27
2026-09-06T01:05:02Z,10063.17,9728.89,9701.19,9811.98,39305.23
2026-09-06T01:06:12Z,10101.00,9748.88,9737.79,9851.07,39438.74
2026-09-06T01:07:13Z,10105.14,9753.07,9739.71,9850.97,39448.89
2026-09-06T01:07:57Z,10105.14,9753.07,9739.71,9850.97,39448.89
2026-09-06T01:09:08Z,10114.64,9762.25,9744.01,9860.49,39481.40
2026-09-06T01:10:18Z,10122.52,9764.05,9744.44,9873.82,39504.83
2026-09-06T01:11:29Z,10132.14,9773.92,9748.31,9889.56,39543.93
2026-09-06T01:13:00Z,10131.45,9787.25,9748.96,9890.29,39557.94
2026-09-06T01:14:10Z,10126.66,9795.77,9749.24,9886.26,39557.94
2026-09-06T01:15:19Z,10130.44,9793.87,9750.74,9892.36,39567.42
2026-09-06T01:16:29Z,10131.32,9797.27,9751.21,9893.66,39573.46
2026-09-06T01:18:54Z,10128.97,9802.55,9749.02,9885.63,39566.16
2026-09-06T01:20:12Z,10124.40,9799.52,9749.25,9887.43,39560.60
2026-09-06T01:21:22Z,10119.81,9799.04,9747.17,9891.12,39557.14
2026-09-06T01:22:32Z,10119.81,9799.04,9747.17,9891.12,39557.14
2026-09-06T01:23:32Z,10118.58,9794.25,9746.11,9892.95,39551.89
2026-09-06T01:24:34Z,10116.96,9786.94,9746.47,9892.38,39542.76
2026-09-06T01:25:43Z,10112.11,9782.38,9743.36,9889.19,39527.05
2026-09-06T01:26:53Z,10114.03,9786.16,9745.32,9896.83,39542.34
2026-09-06T01:28:05Z,10112.07,9782.57,9744.82,9897.85,39537.30
2026-09-06T01:29:04Z,10115.52,9787.86,9745.95,9902.87,39552.21
2026-09-06T01:30:05Z,10114.77,9766.72,9746.32,9896.65,39524.46
2026-09-06T01:31:15Z,10114.07,9768.50,9744.75,9897.46,39524.78
2026-09-06T01:32:22Z,10117.16,9769.49,9745.11,9902.45,39534.22
2026-09-06T01:33:32Z,10115.43,9768.31,9743.07,9896.59,39523.39
2026-09-06T01:34:37Z,10113.22,9771.84,9742.74,9901.11,39528.91
2026-09-06T01:35:38Z,10116.39,9774.07,9745.12,9905.47,39541.05
2026-09-06T01:36:48Z,10119.99,9769.83,9749.16,9909.92,39548.90
2026-09-06T01:39:26Z,10129.47,9782.89,9753.42,9912.26,39578.04
2026-09-06T01:40:36Z,10129.47,9782.89,9753.42,9912.26,39578.04
2026-09-06T01:41:36Z,10131.17,9779.70,9757.48,9918.50,39586.86
2026-09-06T01:42:47Z,10130.11,9787.40,9760.74,9915.94,39594.19
2026-09-06T01:44:10Z,10128.21,9785.11,9757.43,9912.96,39583.72
2026-09-06T01:45:20Z,10124.94,9784.72,9753.07,9907.40,39570.13
2026-09-06T01:46:30Z,10122.81,9783.80,9750.69,9905.85,39563.15
2026-09-06T01:47:36Z,10122.47,9785.21,9752.15,9905.11,39564.94
2026-09-06T01:49:44Z,10124.67,9783.17,9751.06,9909.46,39568.36
2026-09-06T01:50:54Z,10110.73,9771.17,9736.84,9902.20,39520.94
2026-09-06T01:52:13Z,10106.72,9765.68,9736.13,9894.68,39503.21
2026-09-06T01:53:36Z,10111.27,9766.37,9740.10,9898.76,39516.49
2026-09-06T01:54:45Z,10120.39,9778.38,9752.40,9915.50,39566.68
2026-09-06T01:56:11Z,10124.16,9780.22,9747.45,9911.69,39563.53
2026-09-06T01:57:30Z,10125.19,9778.28,9746.16,9908.41,39558.04
2026-09-06T02:04:06Z,10128.95,9763.88,9752.11,9916.39,39561.34
2026-09-06T02:05:16Z,10125.05,9756.63,9752.23,9908.58,39542.49
2026-09-06T02:06:26Z,10119.08,9755.45,9746.39,9904.97,39525.90
2026-09-06T02:07:26Z,10124.59,9755.64,9751.47,9914.19,39545.89
2026-09-06T02:08:27Z,10122.86,9764.73,9752.05,9916.22,39555.87
2026-09-06T02:09:38Z,10126.23,9767.16,9757.45,9921.03,39571.87
2026-09-06T02:10:48Z,10126.18,9764.06,9759.38,9925.67,39575.29
2026-09-06T02:12:03Z,10131.84,9773.79,9766.04,9933.96,39605.63
2026-09-06T02:13:39Z,10131.66,9772.24,9760.75,9930.96,39595.60
2026-09-06T02:14:48Z,10132.08,9778.66,9761.70,9928.29,39600.73
2026-09-06T02:15:57Z,10130.45,9776.84,9756.99,9923.28,39587.55
2026-09-06T02:17:07Z,10126.83,9777.61,9756.87,9920.82,39582.14
2026-09-06T02:18:08Z,10126.50,9777.35,9757.31,9917.15,39578.31
2026-09-06T02:19:11Z,10123.69,9775.27,9754.14,9913.05,39566.16
2026-09-06T02:20:20Z,10123.69,9775.27,9754.14,9913.05,39566.16
2026-09-06T02:21:31Z,10122.33,9764.34,9752.32,9909.57,39548.57
2026-09-06T02:22:42Z,10118.38,9760.64,9747.43,9899.42,39525.88
2026-09-06T02:23:12Z,10118.38,9760.64,9747.43,9899.42,39525.88
2026-09-06T02:24:15Z,10109.66,9754.76,9738.72,9885.55,39488.70
2026-09-06T02:25:23Z,10111.61,9754.64,9738.81,9885.76,39490.81
2026-09-06T02:26:33Z,10111.42,9753.10,9737.62,9883.80,39485.94
2026-09-06T02:27:43Z,10110.53,9752.45,9736.23,9881.44,39480.65
2026-09-06T02:28:46Z,10110.83,9748.40,9735.06,9882.35,39476.64
2026-09-06T02:29:49Z,10110.71,9749.16,9733.62,9876.75,39470.24
2026-09-06T02:30:55Z,10109.59,9747.47,9733.17,9878.13,39468.35
2026-09-06T02:32:05Z,10109.58,9741.11,9729.46,9883.84,39463.99
2026-09-06T02:34:12Z,10108.63,9740.61,9730.91,9884.64,39464.79
2026-09-06T02:35:17Z,10108.98,9739.67,9734.03,9887.67,39470.35
2026-09-06T02:36:22Z,10114.82,9745.57,9745.45,9900.42,39506.26
2026-09-06T02:37:33Z,10114.82,9745.57,9745.45,9900.42,39506.26
2026-09-06T02:38:33Z,10114.60,9749.55,9744.72,9888.16,39497.03
2026-09-06T02:39:44Z,10113.56,9749.09,9744.75,9885.46,39492.86
2026-09-06T02:40:50Z,10114.65,9753.33,9750.29,9890.02,39508.29
2026-09-06T02:41:56Z,10115.40,9754.98,9750.43,9890.52,39511.33
2026-09-06T02:43:07Z,10117.43,9755.74,9752.23,9892.58,39517.98
2026-09-06T02:43:26Z,10117.43,9755.74,9752.23,9892.58,39517.98
2026-09-06T02:44:27Z,10112.02,9756.61,9749.84,9886.60,39505.07
2026-09-06T02:45:37Z,10110.90,9757.24,9748.69,9882.69,39499.52
2026-09-06T02:46:43Z,10106.32,9756.52,9747.08,9879.05,39488.97
2026-09-06T02:47:49Z,10107.04,9759.74,9747.45,9880.20,39494.43
2026-09-06T02:49:00Z,10107.67,9754.84,9747.08,9883.43,39493.02
2026-09-06T02:50:01Z,10106.83,9747.55,9745.70,9880.32,39480.41
2026-09-06T02:51:12Z,10107.03,9747.06,9747.42,9880.47,39481.98
2026-09-06T02:52:18Z,10104.25,9734.02,9746.88,9874.50,39459.65
2026-09-06T03:04:02Z,10109.04,9739.89,9750.33,9879.78,39479.04
2026-09-06T03:05:13Z,10111.51,9739.73,9750.56,9872.60,39474.40
2026-09-06T03:06:23Z,10114.69,9740.48,9753.79,9881.56,39490.52
2026-09-06T03:07:24Z,10114.69,9740.48,9753.79,9881.56,39490.52
2026-09-06T03:08:25Z,10111.49,9736.83,9752.34,9875.78,39476.44
2026-09-06T03:09:35Z,10109.06,9728.18,9751.11,9870.42,39458.77
2026-09-06T03:10:45Z,10108.45,9742.01,9749.61,9866.04,39466.11
2026-09-06T03:11:56Z,10107.84,9735.15,9748.71,9860.73,39452.43
2026-09-06T03:13:41Z,10108.72,9733.31,9749.29,9861.98,39453.30
2026-09-06T03:14:52Z,10111.32,9731.29,9751.13,9865.83,39459.56
2026-09-06T03:16:02Z,10115.21,9729.95,9752.75,9872.81,39470.71
2026-09-06T03:17:13Z,10117.02,9728.91,9754.40,9877.58,39477.91
2026-09-06T03:18:16Z,10123.27,9732.62,9758.65,9884.31,39498.85
2026-09-06T03:19:18Z,10121.25,9732.12,9756.43,9884.61,39494.40
2026-09-06T03:20:29Z,10121.37,9738.56,9754.13,9882.99,39497.05
2026-09-06T03:21:39Z,10125.58,9742.81,9758.68,9885.99,39513.07
2026-09-06T03:22:47Z,10120.01,9736.60,9755.22,9879.83,39491.67
2026-09-06T03:23:55Z,10117.43,9734.87,9754.15,9878.79,39485.24
2026-09-06T03:24:58Z,10116.78,9729.67,9752.89,9872.18,39471.52
2026-09-06T03:26:09Z,10117.14,9733.74,9755.40,9874.73,39481.01
2026-09-06T03:27:19Z,10114.24,9732.18,9752.42,9871.34,39470.18
2026-09-06T03:28:29Z,10110.25,9725.00,9747.73,9860.29,39443.26
2026-09-06T03:29:30Z,10109.48,9733.51,9747.61,9861.89,39452.48
2026-09-06T03:30:33Z,10110.36,9733.46,9747.78,9861.71,39453.31
2026-09-06T03:31:41Z,10114.01,9734.40,9752.41,9865.81,39466.63
2026-09-06T03:32:51Z,10117.74,9734.51,9757.18,9872.03,39481.45
2026-09-06T03:34:11Z,10117.61,9736.05,9756.24,9871.64,39481.54
2026-09-06T03:35:12Z,10122.11,9747.52,9763.25,9879.99,39512.86
2026-09-06T03:36:15Z,10121.57,9744.81,9761.45,9880.83,39508.66
2026-09-06T03:37:30Z,10123.31,9743.68,9765.23,9884.44,39516.66
2026-09-06T03:38:41Z,10122.37,9740.07,9766.33,9886.69,39515.46
2026-09-06T03:40:12Z,10124.32,9738.07,9770.18,9891.07,39523.65
2026-09-06T03:41:20Z,10127.22,9739.74,9778.63,9901.79,39547.39
2026-09-06T03:42:21Z,10130.88,9743.49,9783.19,9906.48,39564.04
2026-09-06T03:44:11Z,10130.92,9742.35,9783.75,9909.76,39566.78
2026-09-06T03:45:21Z,10134.29,9748.02,9783.12,9914.85,39580.29
2026-09-06T03:46:32Z,10139.58,9763.42,9786.77,9921.15,39610.91
2026-09-06T03:47:33Z,10139.25,9760.72,9788.01,9920.85,39608.84
2026-09-06T03:48:33Z,10139.80,9753.88,9787.74,9915.39,39596.80
2026-09-06T03:49:42Z,10137.84,9751.07,9783.68,9913.14,39585.73
2026-09-06T03:50:52Z,10133.40,9747.29,9775.75,9903.84,39560.27
2026-09-06T03:52:02Z,10132.06,9744.88,9774.58,9898.28,39549.80
2026-09-06T04:04:21Z,10128.86,9749.67,9768.40,9895.58,39542.52
2026-09-06T04:05:31Z,10122.44,9738.94,9766.28,9885.66,39513.33
2026-09-06T04:06:42Z,10123.78,9740.89,9766.98,9886.14,39517.79
2026-09-06T04:07:43Z,10123.71,9747.63,9766.68,9887.74,39525.77
2026-09-06T04:08:43Z,10121.62,9749.98,9762.57,9883.44,39517.61
2026-09-06T04:09:53Z,10122.05,9748.13,9763.12,9881.92,39515.22
2026-09-06T04:11:03Z,10120.65,9742.68,9761.46,9874.64,39499.42
2026-09-06T04:12:14Z,10122.70,9745.72,9762.26,9878.17,39508.86
2026-09-06T04:14:18Z,10128.52,9746.63,9769.08,9880.49,39524.72
2026-09-06T04:15:29Z,10128.52,9746.63,9769.08,9880.49,39524.72
2026-09-06T04:16:38Z,10123.96,9733.19,9765.06,9867.99,39490.20
2026-09-06T04:17:50Z,10127.12,9734.27,9769.66,9869.10,39500.15
2026-09-06T04:18:50Z,10122.56,9729.89,9765.79,9862.32,39480.56
2026-09-06T04:19:51Z,10118.23,9730.33,9764.10,9862.59,39475.25
2026-09-06T04:21:01Z,10114.99,9729.96,9761.48,9856.17,39462.61
2026-09-06T04:22:12Z,10111.58,9724.46,9759.53,9851.55,39447.12
2026-09-06T04:23:23Z,10101.93,9684.51,9748.53,9831.05,39366.03
2026-09-06T04:23:47Z,10101.93,9684.51,9748.53,9831.05,39366.03
2026-09-06T04:24:48Z,10102.65,9680.96,9747.91,9827.66,39359.18
2026-09-06T04:25:48Z,10102.76,9678.97,9747.54,9828.56,39357.82
2026-09-06T04:26:59Z,10101.35,9679.75,9745.92,9827.79,39354.81
2026-09-06T04:28:10Z,10104.11,9685.61,9747.63,9832.63,39369.97
2026-09-06T04:29:23Z,10104.11,9683.74,9747.99,9832.23,39368.07
2026-09-06T04:30:33Z,10104.71,9690.66,9748.76,9831.54,39375.67
2026-09-06T04:31:34Z,10104.89,9691.90,9749.57,9832.86,39379.20
2026-09-06T04:32:42Z,10105.16,9683.36,9750.10,9826.70,39365.33
2026-09-06T04:33:38Z,10105.16,9683.36,9750.10,9826.70,39365.33
2026-09-06T04:35:23Z,10103.64,9694.09,9751.45,9826.88,39376.06
2026-09-06T04:36:34Z,10103.36,9694.24,9752.16,9824.25,39374.01
2026-09-06T04:37:44Z,10102.34,9693.87,9750.93,9824.70,39371.83
2026-09-06T04:38:58Z,10104.51,9698.82,9753.30,9829.02,39385.64
2026-09-06T04:39:59Z,10104.67,9696.08,9755.03,9830.42,39386.21
2026-09-06T04:41:04Z,10105.36,9690.99,9755.60,9830.40,39382.35
2026-09-06T04:42:11Z,10105.48,9685.00,9756.20,9828.87,39375.55
2026-09-06T04:43:31Z,10108.68,9694.88,9760.07,9832.93,39396.56
2026-09-06T04:44:38Z,10144.81,9744.07,9791.70,9864.70,39545.29
2026-09-06T04:45:39Z,10147.83,9743.49,9793.36,9869.62,39554.30
2026-09-06T04:46:44Z,10150.53,9747.78,9794.42,9872.92,39565.66
2026-09-06T04:48:01Z,10153.85,9760.05,9796.87,9880.65,39591.42
2026-09-06T04:49:12Z,10156.10,9820.79,9799.18,9914.99,39691.05
2026-09-06T04:50:20Z,10155.78,9802.18,9799.75,9904.26,39661.98
2026-09-06T04:51:23Z,10154.69,9813.51,9798.68,9913.20,39680.07
2026-09-06T05:04:12Z,10156.73,9804.93,9795.38,9895.18,39652.22
2026-09-06T05:05:22Z,10159.19,9813.69,9796.83,9900.19,39669.91
2026-09-06T05:06:32Z,10161.30,9822.95,9799.48,9906.69,39690.43
2026-09-06T05:07:32Z,10161.40,9825.49,9799.22,9907.54,39693.65
2026-09-06T05:08:33Z,10161.01,9817.61,9800.05,9907.36,39686.04
2026-09-06T05:09:43Z,10160.90,9825.89,9799.29,9912.06,39698.14
2026-09-06T05:10:53Z,10162.68,9838.55,9800.43,9919.55,39721.20
2026-09-06T05:12:03Z,10160.44,9832.17,9799.54,9915.43,39707.57
2026-09-06T05:13:23Z,10150.47,9800.42,9794.69,9894.91,39640.49
2026-09-06T05:14:24Z,10150.76,9800.76,9795.81,9894.82,39642.14
2026-09-06T05:15:34Z,10152.94,9815.01,9795.02,9899.77,39662.74
2026-09-06T05:16:43Z,10154.76,9810.87,9795.97,9897.30,39658.90
2026-09-06T05:17:54Z,10154.24,9808.18,9796.17,9901.10,39659.68
2026-09-06T05:18:55Z,10158.60,9816.32,9794.80,9902.13,39671.85
2026-09-06T05:19:55Z,10157.40,9815.40,9793.92,9902.36,39669.08
2026-09-06T05:21:06Z,10159.58,9830.24,9794.46,9907.53,39691.80
2026-09-06T05:22:16Z,10162.12,9833.56,9796.47,9915.28,39707.43
2026-09-06T05:23:36Z,10165.18,9841.46,9799.59,9926.57,39732.80
2026-09-06T05:24:36Z,10165.52,9847.79,9801.12,9932.06,39746.49
2026-09-06T05:25:37Z,10164.57,9845.35,9802.12,9933.34,39745.38
2026-09-06T05:26:47Z,10162.78,9841.89,9802.70,9932.82,39740.20
2026-09-06T05:27:57Z,10163.83,9843.52,9803.46,9940.23,39751.05
2026-09-06T05:29:06Z,10162.83,9835.34,9802.08,9928.59,39728.84
2026-09-06T05:30:07Z,10164.57,9835.19,9802.39,9928.96,39731.11
2026-09-06T05:31:07Z,10163.36,9847.32,9802.72,9937.76,39751.16
2026-09-06T05:32:17Z,10164.06,9847.28,9801.98,9934.89,39748.22
2026-09-06T05:33:39Z,10164.92,9838.35,9801.91,9930.73,39735.90
2026-09-06T05:34:50Z,10165.36,9837.09,9802.38,9930.98,39735.80
2026-09-06T05:35:50Z,10165.73,9836.83,9801.89,9929.68,39734.13
2026-09-06T05:36:51Z,10174.60,9881.77,9806.22,9961.20,39823.80
2026-09-06T05:38:08Z,10176.62,9882.28,9807.65,9964.55,39831.10
2026-09-06T05:39:18Z,10179.09,9878.40,9810.68,9964.05,39832.22
2026-09-06T05:40:28Z,10179.09,9878.40,9810.68,9964.05,39832.22
2026-09-06T05:41:31Z,10187.50,9900.70,9816.41,9980.93,39885.54
2026-09-06T05:43:38Z,10182.70,9879.54,9814.85,9973.33,39850.43
2026-09-06T05:44:49Z,10183.13,9893.92,9813.88,9979.85,39870.79
2026-09-06T05:46:00Z,10177.01,9884.57,9810.84,9973.01,39845.43
2026-09-06T05:47:06Z,10176.74,9887.81,9809.89,9972.78,39847.22
2026-09-06T05:48:06Z,10171.80,9875.61,9810.51,9971.18,39829.10
2026-09-06T05:49:14Z,10156.53,9854.17,9803.78,9954.69,39769.16
2026-09-06T05:50:24Z,10156.53,9854.17,9803.78,9954.69,39769.16
2026-09-06T05:51:33Z,10156.66,9851.43,9803.18,9953.77,39765.04
2026-09-06T06:04:18Z,10153.05,9819.55,9798.33,9942.15,39713.08
2026-09-06T06:05:29Z,10151.03,9818.53,9796.87,9942.51,39708.94
2026-09-06T06:06:40Z,10150.11,9826.18,9797.00,9949.44,39722.73
2026-09-06T06:07:41Z,10149.12,9826.03,9796.03,9945.10,39716.28
2026-09-06T06:08:42Z,10145.15,9823.95,9794.75,9941.62,39705.47
2026-09-06T06:09:51Z,10144.88,9823.79,9793.97,9941.46,39704.10
2026-09-06T06:11:02Z,10145.23,9823.90,9792.96,9939.85,39701.93
2026-09-06T06:12:18Z,10144.77,9821.65,9793.42,9934.83,39694.67
2026-09-06T06:14:09Z,10144.77,9821.65,9793.42,9934.83,39694.67
2026-09-06T06:15:20Z,10150.80,9848.00,9797.01,9946.28,39742.09
2026-09-06T06:16:31Z,10146.58,9848.52,9794.06,9939.45,39728.61
2026-09-06T06:17:41Z,10148.73,9859.28,9794.70,9945.42,39748.14
2026-09-06T06:18:49Z,10147.37,9856.21,9793.44,9944.48,39741.49
2026-09-06T06:19:52Z,10147.07,9847.20,9794.51,9937.12,39725.89
2026-09-06T06:20:59Z,10146.40,9845.95,9791.86,9931.98,39716.19
2026-09-06T06:22:08Z,10145.99,9845.46,9792.49,9933.13,39717.08
2026-09-06T06:23:34Z,10146.24,9844.88,9792.11,9931.09,39714.33
2026-09-06T06:24:35Z,10141.59,9837.82,9789.38,9924.56,39693.36
2026-09-06T06:25:38Z,10142.99,9837.19,9789.96,9925.39,39695.53
2026-09-06T06:26:46Z,10139.27,9833.58,9787.61,9919.98,39680.43
2026-09-06T06:27:56Z,10139.89,9835.98,9787.47,9920.29,39683.62
2026-09-06T06:29:06Z,10139.13,9837.78,9786.33,9920.17,39683.41
2026-09-06T06:30:06Z,10141.43,9838.01,9786.36,9920.90,39686.70
2026-09-06T06:31:09Z,10141.47,9834.31,9785.51,9919.98,39681.28
2026-09-06T06:32:17Z,10142.34,9835.80,9785.76,9924.64,39688.54
2026-09-06T06:34:02Z,10140.45,9832.18,9785.16,9918.68,39676.48
2026-09-06T06:35:13Z,10144.88,9835.13,9786.57,9927.66,39694.24
2026-09-06T06:36:16Z,10144.65,9836.12,9785.98,9926.75,39693.49
2026-09-06T06:37:24Z,10144.65,9836.12,9785.98,9926.75,39693.49
2026-09-06T06:38:25Z,10136.83,9838.98,9779.55,9920.74,39676.11
2026-09-06T06:39:37Z,10135.51,9829.86,9779.49,9916.17,39661.03
2026-09-06T06:41:06Z,10136.28,9832.68,9781.71,9921.10,39671.76
2026-09-06T06:42:09Z,10138.45,9836.42,9781.33,9923.90,39680.11
2026-09-06T06:44:06Z,10138.16,9844.37,9781.90,9928.30,39692.73
2026-09-06T06:45:16Z,10135.84,9835.42,9778.80,9923.55,39673.61
2026-09-06T06:46:26Z,10135.07,9852.23,9781.54,9931.04,39699.89
2026-09-06T06:47:29Z,10135.40,9847.26,9781.28,9932.07,39696.01
2026-09-06T06:48:29Z,10132.65,9848.07,9779.32,9929.03,39689.07
2026-09-06T06:49:36Z,10132.49,9850.74,9779.38,9928.83,39691.44
2026-09-06T06:50:47Z,10132.49,9850.74,9779.38,9928.83,39691.44
2026-09-06T06:51:57Z,10131.28,9842.26,9778.86,9923.77,39676.18
2026-09-06T06:53:00Z,10132.74,9846.23,9780.99,9927.00,39686.95
2026-09-06T07:04:24Z,10140.47,9880.87,9780.36,9949.72,39751.41
2026-09-06T07:05:33Z,10140.14,9875.61,9778.45,9945.60,39739.81
2026-09-06T07:06:42Z,10139.64,9875.10,9777.49,9944.67,39736.90
2026-09-06T07:07:50Z,10137.31,9873.38,9779.20,9942.06,39731.94
2026-09-06T07:08:50Z,10138.35,9869.91,9777.38,9942.67,39728.30
2026-09-06T07:10:01Z,10140.02,9878.96,9778.56,9944.34,39741.88
2026-09-06T07:11:22Z,10132.59,9856.11,9767.34,9929.66,39685.71
2026-09-06T07:12:30Z,10126.94,9837.94,9764.07,9924.98,39653.93
2026-09-06T07:14:39Z,10118.40,9806.86,9750.40,9901.90,39577.56
2026-09-06T07:15:48Z,10105.12,9788.80,9741.55,9878.70,39514.16
2026-09-06T07:17:07Z,10098.89,9788.12,9737.77,9867.86,39492.63
2026-09-06T07:18:17Z,10110.73,9809.01,9742.35,9888.48,39550.56
2026-09-06T07:19:20Z,10116.98,9814.22,9743.44,9896.80,39571.45
2026-09-06T07:20:24Z,10114.72,9803.75,9742.54,9891.65,39552.66
2026-09-06T07:21:29Z,10112.26,9801.56,9741.67,9888.10,39543.59
2026-09-06T07:22:39Z,10108.97,9806.91,9742.85,9886.71,39545.44
2026-09-06T07:23:48Z,10113.43,9811.55,9743.61,9894.27,39562.85
2026-09-06T07:24:54Z,10113.73,9810.45,9744.14,9893.85,39562.18
2026-09-06T07:25:57Z,10115.29,9811.31,9742.85,9897.47,39566.91
2026-09-06T07:27:03Z,10108.61,9797.73,9742.24,9886.25,39534.84
2026-09-06T07:28:12Z,10107.66,9799.91,9742.04,9886.55,39536.16
2026-09-06T07:29:22Z,10107.71,9797.87,9742.33,9891.25,39539.16
2026-09-06T07:30:27Z,10105.67,9803.04,9742.19,9893.32,39544.21
2026-09-06T07:31:30Z,10105.68,9803.80,9742.16,9893.73,39545.36
2026-09-06T07:32:36Z,10105.00,9801.41,9741.90,9891.49,39539.80
2026-09-06T07:34:10Z,10107.51,9806.19,9741.85,9898.11,39553.66
2026-09-06T07:35:20Z,10105.18,9808.31,9741.56,9899.26,39554.31
2026-09-06T07:36:26Z,10102.97,9811.41,9741.06,9899.85,39555.29
2026-09-06T07:37:28Z,10103.08,9811.58,9741.03,9900.77,39556.46
2026-09-06T07:38:53Z,10099.54,9804.78,9740.69,9895.83,39540.84
2026-09-06T07:40:08Z,10099.52,9790.31,9740.69,9894.65,39525.17
2026-09-06T07:41:18Z,10103.80,9807.77,9741.08,9907.18,39559.83
2026-09-06T07:42:24Z,10105.05,9805.10,9741.29,9908.73,39560.18
2026-09-06T07:43:59Z,10105.30,9803.75,9741.30,9911.13,39561.48
2026-09-06T07:45:16Z,10104.75,9810.19,9741.37,9917.12,39573.44
2026-09-06T07:46:25Z,10107.62,9816.53,9741.98,9922.43,39588.57
2026-09-06T07:47:31Z,10105.95,9810.04,9741.93,9916.84,39574.75
2026-09-06T07:48:32Z,10106.09,9811.81,9741.94,9918.43,39578.27
2026-09-06T07:49:37Z,10107.53,9818.16,9741.84,9920.24,39587.77
2026-09-06T07:50:47Z,10109.03,9817.14,9741.76,9919.81,39587.74
2026-09-06T07:51:57Z,10110.06,9818.87,9741.78,9920.77,39591.48
2026-09-06T08:04:20Z,10119.13,9834.73,9742.33,9941.21,39637.40
2026-09-06T08:05:30Z,10114.81,9833.78,9740.08,9936.15,39624.81
2026-09-06T08:06:39Z,10115.30,9834.38,9740.08,9933.65,39623.41
2026-09-06T08:07:40Z,10118.53,9845.74,9740.08,9938.40,39642.75
2026-09-06T08:08:40Z,10119.86,9846.02,9740.08,9935.61,39641.57
2026-09-06T08:09:51Z,10120.45,9838.08,9740.08,9935.17,39633.78
2026-09-06T08:11:01Z,10121.24,9846.80,9740.08,9940.03,39648.15
2026-09-06T08:12:11Z,10125.77,9857.93,9740.08,9954.42,39678.19
2026-09-06T08:13:51Z,10125.64,9859.80,9740.08,9956.51,39682.03
2026-09-06T08:15:02Z,10123.64,9861.88,9740.08,9959.28,39684.88
2026-09-06T08:16:13Z,10127.11,9874.29,9738.58,9968.48,39708.45
2026-09-06T08:17:23Z,10131.41,9879.09,9737.65,9973.82,39721.97
2026-09-06T08:18:24Z,10129.14,9869.65,9737.28,9964.01,39700.09
2026-09-06T08:19:24Z,10128.19,9865.42,9735.60,9962.18,39691.40
2026-09-06T08:20:35Z,10129.65,9855.85,9735.68,9957.67,39678.86
2026-09-06T08:21:45Z,10128.50,9849.18,9734.72,9953.63,39666.04
2026-09-06T08:23:18Z,10124.55,9845.93,9733.21,9951.03,39654.72
2026-09-06T08:23:50Z,10124.55,9845.93,9733.21,9951.03,39654.72
2026-09-06T08:24:56Z,10123.47,9833.85,9731.45,9942.17,39630.94
2026-09-06T08:26:05Z,10122.89,9831.13,9730.59,9943.04,39627.65
2026-09-06T08:27:14Z,10120.21,9819.25,9727.03,9940.92,39607.41
2026-09-06T08:28:23Z,10120.21,9819.25,9727.03,9940.92,39607.41
2026-09-06T08:29:32Z,10117.02,9791.87,9724.78,9920.11,39553.78
2026-09-06T08:30:37Z,10116.30,9798.96,9725.43,9922.47,39563.16
2026-09-06T08:31:48Z,10115.11,9797.97,9724.87,9920.04,39557.99
2026-09-06T08:32:54Z,10115.48,9798.15,9725.34,9919.26,39558.24
2026-09-06T08:34:55Z,10114.33,9804.65,9724.36,9921.56,39564.90
2026-09-06T08:36:00Z,10114.83,9806.87,9725.62,9922.11,39569.43
2026-09-06T08:37:11Z,10114.84,9806.94,9726.02,9921.99,39569.79
2026-09-06T08:38:17Z,10113.70,9797.70,9725.79,9910.66,39547.86
2026-09-06T08:39:17Z,10114.05,9798.45,9727.09,9908.20,39547.79
2026-09-06T08:40:28Z,10114.83,9810.16,9730.39,9911.20,39566.58
2026-09-06T08:41:34Z,10115.58,9806.79,9731.58,9911.04,39564.99
2026-09-06T08:42:42Z,10114.35,9805.97,9730.74,9910.95,39562.00
2026-09-06T08:43:47Z,10113.36,9806.73,9729.18,9910.97,39560.25
2026-09-06T08:44:06Z,10113.36,9806.73,9729.18,9910.97,39560.25
2026-09-06T08:45:07Z,10113.63,9804.31,9727.40,9908.94,39554.29
2026-09-06T08:46:19Z,10114.94,9804.19,9727.95,9908.41,39555.49
2026-09-06T08:47:24Z,10114.20,9800.04,9726.37,9906.35,39546.96
2026-09-06T08:48:34Z,10112.26,9794.44,9724.45,9906.21,39537.36
2026-09-06T08:49:40Z,10111.81,9792.86,9723.10,9905.94,39533.70
2026-09-06T08:50:41Z,10111.97,9791.52,9723.04,9905.37,39531.90
2026-09-06T08:51:50Z,10111.81,9792.92,9722.43,9905.63,39532.79
2026-09-06T08:52:58Z,10113.20,9800.54,9726.14,9908.26,39548.15
2026-09-06T09:04:05Z,10119.94,9836.34,9731.93,9934.00,39622.22
2026-09-06T09:05:16Z,10119.27,9835.69,9729.90,9932.00,39616.86
2026-09-06T09:06:27Z,10124.18,9853.24,9731.81,9943.14,39652.37
2026-09-06T09:07:28Z,10124.97,9858.10,9732.95,9947.47,39663.49
2026-09-06T09:08:28Z,10125.01,9859.95,9733.90,9947.64,39666.50
2026-09-06T09:09:40Z,10125.61,9867.63,9734.19,9952.02,39679.45
2026-09-06T09:10:49Z,10126.86,9875.53,9733.50,9958.82,39694.71
2026-09-06T09:11:59Z,10127.76,9880.70,9733.58,9964.47,39706.51
2026-09-06T09:13:24Z,10129.43,9874.17,9734.11,9963.93,39701.64
2026-09-06T09:14:25Z,10131.19,9910.33,9749.16,9972.29,39762.96
2026-09-06T09:15:36Z,10133.49,9917.99,9753.50,9974.91,39779.88
2026-09-06T09:16:46Z,10135.82,9920.92,9752.65,9975.27,39784.66
2026-09-06T09:17:56Z,10134.49,9917.10,9749.01,9973.35,39773.95
2026-09-06T09:18:57Z,10134.68,9909.89,9749.40,9973.51,39767.48
2026-09-06T09:19:58Z,10137.93,9917.58,9751.65,9980.25,39787.40
2026-09-06T09:21:08Z,10137.92,9909.61,9751.72,9976.60,39775.86
2026-09-06T09:22:19Z,10139.37,9909.38,9752.37,9976.08,39777.20
2026-09-06T09:23:30Z,10143.00,9917.64,9756.30,9985.41,39802.36
2026-09-06T09:25:10Z,10142.34,9920.87,9763.42,9983.15,39809.77
2026-09-06T09:26:19Z,10142.18,9916.00,9764.72,9980.93,39803.83
2026-09-06T09:27:37Z,10138.18,9908.09,9763.10,9973.49,39782.86
2026-09-06T09:28:46Z,10138.11,9908.17,9763.10,9973.65,39783.02
2026-09-06T09:29:52Z,10139.33,9906.01,9764.71,9974.28,39784.32
2026-09-06T09:30:53Z,10142.67,9914.84,9766.79,9980.12,39804.42
2026-09-06T09:32:03Z,10142.47,9907.17,9766.91,9977.51,39794.06
2026-09-06T09:35:15Z,10145.87,9910.99,9768.74,9979.39,39804.99
2026-09-06T09:36:27Z,10144.19,9909.89,9768.28,9977.87,39800.23
2026-09-06T09:37:37Z,10144.19,9909.89,9768.28,9977.87,39800.23
2026-09-06T09:38:44Z,10143.50,9911.40,9767.82,9977.40,39800.13
2026-09-06T09:39:53Z,10139.69,9913.63,9767.13,9976.07,39796.51
2026-09-06T09:41:02Z,10137.98,9910.81,9766.08,9970.09,39784.96
2026-09-06T09:42:13Z,10136.89,9909.20,9765.85,9968.65,39780.58
2026-09-06T09:43:23Z,10139.56,9924.25,9768.39,9981.94,39814.14
2026-09-06T09:48:14Z,10135.69,9924.58,9765.96,9979.20,39805.43
2026-09-06T09:49:23Z,10136.03,9922.27,9766.77,9980.19,39805.26
2026-09-06T09:50:32Z,10139.30,9931.75,9767.92,9990.07,39829.05
2026-09-06T09:51:32Z,10139.80,9934.22,9767.92,9990.55,39832.49
2026-09-06T09:52:33Z,10139.85,9936.32,9767.81,9992.39,39836.38
2026-09-06T09:53:43Z,10140.31,9930.25,9768.97,9990.26,39829.80
2026-09-06T09:54:55Z,10141.83,9938.78,9770.58,9995.37,39846.57
2026-09-06T09:56:05Z,10142.25,9940.58,9770.35,9995.25,39848.44
2026-09-06T10:04:10Z,10145.33,9944.57,9771.38,9993.61,39854.90
2026-09-06T10:05:20Z,10145.58,9933.69,9770.81,9996.45,39846.53
2026-09-06T10:06:30Z,10145.27,9933.63,9771.74,9994.99,39845.63
2026-09-06T10:07:31Z,10145.27,9933.63,9771.74,9994.99,39845.63
2026-09-06T10:08:31Z,10145.38,9933.30,9771.85,9992.94,39843.47
2026-09-06T10:09:43Z,10143.93,9930.86,9771.74,9989.69,39836.21
2026-09-06T10:10:53Z,10142.18,9920.91,9770.81,9974.61,39808.50
2026-09-06T10:12:04Z,10141.43,9919.17,9770.23,9974.69,39805.52
2026-09-06T10:14:01Z,10143.27,9919.14,9770.35,9975.87,39808.62
2026-09-06T10:15:10Z,10142.10,9911.43,9769.99,9969.70,39793.23
2026-09-06T10:16:21Z,10141.63,9912.65,9768.38,9966.07,39788.73
2026-09-06T10:17:31Z,10141.91,9919.87,9768.15,9972.17,39802.10
2026-09-06T10:18:32Z,10142.73,9920.04,9768.95,9973.91,39805.63
2026-09-06T10:19:32Z,10141.25,9918.69,9768.26,9972.65,39800.86
2026-09-06T10:20:43Z,10144.74,9917.76,9768.38,9982.62,39813.50
2026-09-06T10:21:52Z,10145.82,9911.75,9769.12,9981.49,39808.18
2026-09-06T10:23:02Z,10143.76,9907.88,9765.36,9977.25,39794.25
2026-09-06T10:24:00Z,10143.21,9914.67,9764.18,9982.90,39804.97
2026-09-06T10:25:01Z,10143.58,9914.39,9766.76,9984.42,39809.15
2026-09-06T10:26:13Z,10141.56,9907.58,9764.96,9977.38,39791.47
2026-09-06T10:27:23Z,10138.47,9905.31,9762.29,9972.15,39778.22
2026-09-06T10:28:34Z,10140.27,9913.82,9764.44,9980.91,39799.45
2026-09-06T10:29:35Z,10140.52,9906.33,9764.60,9979.47,39790.91
2026-09-06T10:30:35Z,10140.52,9906.33,9764.60,9979.47,39790.91
2026-09-06T10:31:46Z,10141.53,9906.56,9765.57,9980.62,39794.28
2026-09-06T10:32:55Z,10140.25,9902.90,9763.10,9975.98,39782.24
2026-09-06T10:34:29Z,10141.14,9902.08,9763.10,9977.76,39784.09
2026-09-06T10:35:29Z,10139.58,9900.64,9761.56,9978.09,39779.87
2026-09-06T10:36:30Z,10143.22,9910.58,9762.28,9988.49,39804.57
2026-09-06T10:37:40Z,10143.99,9908.32,9762.60,9987.27,39802.18
2026-09-06T10:38:51Z,10145.21,9927.85,9764.09,10004.35,39841.50
2026-09-06T10:40:01Z,10143.85,9927.45,9762.81,9997.60,39831.71
2026-09-06T10:41:01Z,10141.79,9932.99,9761.82,10001.99,39838.59
2026-09-06T10:42:02Z,10143.49,9929.55,9761.31,10000.53,39834.88
2026-09-06T10:43:12Z,10145.82,9925.96,9763.07,9998.38,39833.24
2026-09-06T10:44:25Z,10146.05,9924.21,9764.18,10001.66,39836.11
2026-09-06T10:45:33Z,10146.31,9923.38,9766.02,10000.88,39836.59
2026-09-06T10:46:34Z,10146.31,9923.38,9766.02,10000.88,39836.59
2026-09-06T10:47:34Z,10145.29,9924.16,9766.49,10000.24,39836.18
2026-09-06T10:48:45Z,10146.35,9924.96,9767.21,10001.93,39840.45
2026-09-06T10:49:56Z,10144.76,9923.95,9766.70,10002.51,39837.93
2026-09-06T10:51:05Z,10144.12,9927.52,9765.12,10008.72,39845.47
2026-09-06T10:52:09Z,10147.16,9921.69,9766.11,10006.07,39841.03
2026-09-06T10:53:09Z,10148.32,9920.81,9767.24,10006.27,39842.64
2026-09-06T11:05:10Z,10152.40,9924.49,9769.61,10008.75,39855.26
2026-09-06T11:06:19Z,10152.20,9920.56,9767.21,10008.36,39848.33
2026-09-06T11:07:30Z,10151.89,9923.11,9765.12,10007.43,39847.56
2026-09-06T11:08:30Z,10152.95,9926.90,9766.97,10008.38,39855.21
2026-09-06T11:09:31Z,10153.60,9921.09,9768.16,10006.02,39848.87
2026-09-06T11:10:42Z,10152.45,9919.67,9767.40,10003.91,39843.42
2026-09-06T11:11:52Z,10151.80,9924.51,9765.06,10005.87,39847.24
2026-09-06T11:13:02Z,10151.77,9916.89,9765.59,10002.01,39836.25
2026-09-06T11:14:50Z,10150.32,9921.68,9762.85,10002.95,39837.80
2026-09-06T11:15:59Z,10146.61,9921.04,9760.55,10000.59,39828.79
2026-09-06T11:17:10Z,10150.41,9924.41,9762.96,10010.71,39848.50
2026-09-06T11:18:21Z,10150.78,9925.20,9762.59,10012.80,39851.37
2026-09-06T11:19:24Z,10152.99,9934.10,9762.19,10025.96,39875.24
2026-09-06T11:20:24Z,10152.99,9934.10,9762.19,10025.96,39875.24
2026-09-06T11:21:34Z,10154.53,9935.48,9765.00,10023.57,39878.57
2026-09-06T11:22:44Z,10150.51,9927.00,9760.96,10013.75,39852.21
2026-09-06T11:23:54Z,10151.22,9930.35,9764.56,10015.04,39861.17
2026-09-06T11:24:49Z,10152.44,9931.47,9764.83,10015.82,39864.55
2026-09-06T11:25:50Z,10152.72,9929.49,9765.04,10016.19,39863.43
2026-09-06T11:26:58Z,10160.24,9938.35,9769.53,10023.03,39891.16
2026-09-06T11:28:08Z,10159.71,9933.40,9762.97,10018.26,39874.33
2026-09-06T11:29:18Z,10158.07,9944.23,9757.48,10021.61,39881.39
2026-09-06T11:30:21Z,10158.07,9944.23,9757.48,10021.61,39881.39
2026-09-06T11:31:21Z,10157.54,9951.08,9760.69,10025.39,39894.70
2026-09-06T11:32:29Z,10156.21,9947.37,9758.05,10017.53,39879.16
2026-09-06T11:33:40Z,10157.92,9950.83,9760.52,10025.03,39894.29
2026-09-06T11:35:50Z,10159.71,9949.57,9763.12,10025.57,39897.96
2026-09-06T11:36:54Z,10163.07,9946.68,9762.92,10027.10,39899.76
2026-09-06T11:38:03Z,10160.43,9946.99,9761.21,10021.75,39890.38
2026-09-06T11:39:13Z,10157.14,9945.48,9756.73,10020.46,39879.81
2026-09-06T11:40:13Z,10157.77,9943.99,9755.14,10021.25,39878.15
2026-09-06T11:41:23Z,10159.75,9946.90,9758.04,10022.56,39887.25
2026-09-06T11:42:27Z,10158.93,9947.06,9756.48,10020.71,39883.17
2026-09-06T11:43:34Z,10159.68,9950.54,9758.12,10022.96,39891.31
2026-09-06T11:44:45Z,10159.42,9951.47,9756.45,10021.74,39889.08
2026-09-06T11:45:42Z,10159.40,9949.37,9754.98,10023.13,39886.87
2026-09-06T11:46:52Z,10161.01,9953.42,9758.34,10021.19,39893.95
2026-09-06T11:47:55Z,10160.20,9955.55,9758.44,10023.73,39897.92
2026-09-06T11:49:03Z,10166.84,9975.38,9764.48,10042.53,39949.23
2026-09-06T11:50:11Z,10166.83,9974.08,9766.09,10041.39,39948.39
2026-09-06T11:51:14Z,10166.71,9974.71,9766.08,10044.44,39951.94
2026-09-06T11:52:24Z,10166.71,9974.71,9766.08,10044.44,39951.94
2026-09-06T11:53:27Z,10164.96,9962.45,9762.62,10036.06,39926.10
2026-09-06T11:54:35Z,10162.54,9961.75,9762.67,10031.24,39918.20
2026-09-06T12:09:41Z,10160.66,9948.65,9759.37,10012.31,39880.98
2026-09-06T12:10:53Z,10159.52,9941.96,9759.45,10008.82,39869.75
2026-09-06T12:12:12Z,10164.36,9950.55,9764.33,10019.16,39898.39
2026-09-06T12:13:18Z,10161.91,9945.21,9764.39,10017.06,39888.58
2026-09-06T12:14:18Z,10163.00,9934.08,9764.99,10010.49,39872.57
2026-09-06T12:15:29Z,10164.69,9934.69,9763.78,10010.66,39873.83
2026-09-06T12:16:38Z,10169.74,9936.91,9767.68,10018.03,39892.36
2026-09-06T12:18:04Z,10171.19,9947.13,9768.35,10024.79,39911.46
2026-09-06T12:19:30Z,10171.89,9944.17,9770.34,10022.31,39908.70
2026-09-06T12:20:41Z,10173.55,9950.98,9777.16,10023.64,39925.32
2026-09-06T12:21:51Z,10172.48,9945.81,9774.50,10020.72,39913.50
2026-09-06T12:22:51Z,10171.05,9941.61,9772.15,10018.76,39903.57
2026-09-06T12:23:57Z,10173.89,9949.69,9775.22,10026.14,39924.94
2026-09-06T12:25:02Z,10174.34,9953.02,9777.52,10024.10,39928.98
2026-09-06T12:26:13Z,10175.50,9939.84,9775.95,10017.88,39909.16
2026-09-06T12:27:23Z,10175.71,9935.67,9774.53,10012.23,39898.15
2026-09-06T12:29:23Z,10177.80,9936.59,9776.49,10007.44,39898.32
2026-09-06T12:30:28Z,10178.69,9938.08,9778.14,10010.77,39905.69
2026-09-06T12:31:38Z,10177.44,9932.58,9778.95,10003.42,39892.39
2026-09-06T12:32:49Z,10178.52,9934.85,9779.53,10008.56,39901.45
2026-09-06T12:33:52Z,10178.41,9943.18,9780.81,10013.44,39915.83
2026-09-06T12:34:59Z,10176.15,9937.76,9778.29,10011.86,39904.05
2026-09-06T12:36:05Z,10172.75,9936.00,9777.47,10006.41,39892.63
2026-09-06T12:37:21Z,10174.61,9938.05,9777.94,10008.05,39898.66
2026-09-06T12:42:44Z,10172.62,9947.22,9778.52,10016.25,39914.61
2026-09-06T12:44:03Z,10167.12,9931.80,9771.52,10007.20,39877.64
2026-09-06T12:45:15Z,10168.92,9938.99,9773.83,10012.76,39894.51
2026-09-06T12:46:23Z,10161.80,9931.49,9772.97,10004.61,39870.88
2026-09-06T12:47:33Z,10160.81,9927.95,9771.08,10003.24,39863.07
2026-09-06T12:48:56Z,10163.56,9935.34,9769.98,10007.28,39876.15
2026-09-06T12:50:31Z,10159.58,9927.84,9770.94,9998.17,39856.53
2026-09-06T12:51:45Z,10159.16,9929.33,9770.72,9995.31,39854.51
2026-09-06T12:52:54Z,10154.73,9919.95,9768.15,9986.35,39829.18
2026-09-06T12:56:27Z,10164.84,9913.31,9780.38,9998.06,39856.59
2026-09-06T12:58:25Z,10166.91,9914.92,9783.84,9997.15,39862.81
2026-09-06T13:05:03Z,10157.72,9905.85,9771.23,9988.16,39822.95
2026-09-06T13:06:15Z,10158.63,9904.24,9770.46,9995.52,39828.85
2026-09-06T13:07:24Z,10158.63,9904.24,9770.46,9995.52,39828.85
2026-09-06T13:08:25Z,10158.42,9906.99,9771.36,9991.38,39828.15
2026-09-06T13:09:25Z,10161.39,9907.95,9775.21,10000.26,39844.80
2026-09-06T13:10:37Z,10161.39,9907.95,9775.21,10000.26,39844.80
2026-09-06T13:11:46Z,10162.42,9924.62,9777.17,10007.81,39872.02
2026-09-06T13:12:57Z,10162.29,9925.19,9774.35,10008.52,39870.36
2026-09-06T13:15:20Z,10158.89,9922.60,9770.78,9999.64,39851.92
2026-09-06T13:16:31Z,10154.13,9924.24,9768.37,9995.26,39842.01
2026-09-06T13:17:42Z,10155.46,9919.43,9767.27,9995.01,39837.17
2026-09-06T13:18:51Z,10156.06,9918.24,9767.40,9994.00,39835.70
2026-09-06T13:19:54Z,10148.29,9893.97,9761.33,9971.00,39774.59
2026-09-06T13:21:01Z,10145.38,9885.12,9760.51,9965.27,39756.29
2026-09-06T13:22:11Z,10141.83,9890.58,9758.54,9967.33,39758.28
2026-09-06T13:23:21Z,10139.12,9886.12,9756.46,9958.11,39739.81
2026-09-06T13:24:46Z,10139.08,9887.93,9755.60,9958.82,39741.43
2026-09-06T13:26:07Z,10140.52,9890.24,9756.22,9963.82,39750.80
2026-09-06T13:27:18Z,10137.33,9894.08,9753.53,9960.65,39745.60
2026-09-06T13:29:07Z,10138.38,9889.50,9756.91,9958.69,39743.47
2026-09-06T13:30:16Z,10137.93,9889.95,9757.55,9959.64,39745.07
2026-09-06T13:31:22Z,10135.50,9883.71,9752.69,9954.78,39726.69
2026-09-06T13:32:31Z,10133.65,9872.83,9747.38,9945.07,39698.93
2026-09-06T13:33:40Z,10131.82,9880.94,9746.25,9949.52,39708.53
2026-09-06T13:35:00Z,10136.49,9893.09,9750.89,9959.65,39740.13
2026-09-06T13:36:08Z,10133.16,9890.49,9747.17,9957.55,39728.37
2026-09-06T13:37:20Z,10128.46,9886.64,9743.43,9951.21,39709.74
2026-09-06T13:38:31Z,10134.43,9906.45,9747.16,9969.35,39757.39
2026-09-06T13:39:41Z,10135.93,9911.93,9748.58,9974.56,39771.01
2026-09-06T13:40:57Z,10138.47,9915.59,9753.19,9983.96,39791.21
2026-09-06T13:42:07Z,10139.45,9923.54,9754.45,9989.27,39806.71
2026-09-06T13:43:12Z,10139.39,9922.92,9752.43,9991.17,39805.91
2026-09-06T13:46:36Z,10146.95,9933.97,9757.47,9996.56,39834.95
2026-09-06T13:47:55Z,10147.13,9940.85,9757.90,9999.77,39845.65
2026-09-06T13:49:06Z,10147.32,9945.25,9757.41,10004.10,39854.07
2026-09-06T13:50:06Z,10148.17,9955.70,9754.00,10012.74,39870.61
2026-09-06T13:51:07Z,10154.43,9956.94,9756.78,10021.34,39889.50
2026-09-06T13:52:18Z,10151.05,9939.25,9755.80,10009.86,39855.96
2026-09-06T13:53:35Z,10153.02,9947.50,9758.28,10018.29,39877.09
2026-09-06T14:04:30Z,10152.54,9953.38,9754.28,10036.09,39896.29
2026-09-06T14:05:48Z,10155.93,9960.20,9755.19,10046.60,39917.92
2026-09-06T14:06:58Z,10157.67,9963.51,9758.54,10057.07,39936.79
2026-09-06T14:07:59Z,10157.00,9960.08,9752.60,10055.71,39925.41
2026-09-06T14:09:05Z,10155.89,9950.14,9749.06,10051.73,39906.83
2026-09-06T14:10:16Z,10153.01,9945.99,9748.29,10042.12,39889.41
2026-09-06T14:11:26Z,10150.95,9939.70,9749.47,10027.03,39867.14
2026-09-06T14:13:56Z,10148.11,9922.37,9744.87,10015.01,39830.36
2026-09-06T14:14:57Z,10147.66,9926.54,9748.09,10017.13,39839.41
2026-09-06T14:16:08Z,10144.68,9916.17,9744.00,10008.10,39812.95
2026-09-06T14:17:18Z,10147.27,9925.31,9747.91,10018.48,39838.98
2026-09-06T14:18:19Z,10139.96,9902.09,9736.76,9995.76,39774.57
2026-09-06T14:19:35Z,10139.84,9908.03,9736.48,9995.84,39780.19
2026-09-06T14:20:38Z,10139.40,9907.04,9734.75,9996.95,39778.15
2026-09-06T14:23:43Z,10121.43,9877.29,9712.38,9967.37,39678.47
2026-09-06T14:24:54Z,10119.50,9873.29,9711.58,9962.49,39666.86
2026-09-06T14:26:04Z,10117.28,9868.62,9711.34,9959.43,39656.67
2026-09-06T14:27:04Z,10114.63,9865.89,9711.16,9947.48,39639.17
2026-09-06T14:28:05Z,10114.47,9866.62,9711.39,9944.46,39636.94
2026-09-06T14:29:16Z,10119.82,9869.36,9713.75,9949.29,39652.22
2026-09-06T14:30:27Z,10121.32,9874.08,9714.85,9955.95,39666.20
2026-09-06T14:33:31Z,10114.94,9852.57,9711.52,9942.95,39621.98
2026-09-06T14:34:41Z,10104.49,9834.92,9708.23,9925.47,39573.11
2026-09-06T14:36:16Z,10098.05,9822.52,9703.47,9913.45,39537.48
2026-09-06T14:37:23Z,10107.09,9842.07,9705.23,9935.34,39589.72
2026-09-06T14:38:32Z,10113.56,9852.70,9704.39,9946.01,39616.66
2026-09-06T14:39:42Z,10114.63,9856.68,9702.09,9952.98,39626.38
2026-09-06T14:44:07Z,10119.67,9880.39,9701.61,9962.47,39664.14
2026-09-06T14:45:18Z,10121.25,9883.92,9705.37,9961.29,39671.83
2026-09-06T14:46:29Z,10121.25,9883.92,9705.37,9961.29,39671.83
2026-09-06T14:47:38Z,10119.00,9886.73,9703.46,9960.39,39669.57
2026-09-06T14:48:39Z,10110.98,9872.75,9703.15,9939.32,39626.20
2026-09-06T14:49:49Z,10108.47,9865.90,9702.73,9935.21,39612.31
2026-09-06T14:51:00Z,10113.34,9871.24,9702.27,9944.29,39631.15
2026-09-06T15:04:37Z,10098.72,9857.80,9705.52,9904.52,39566.55
2026-09-06T15:05:48Z,10101.79,9860.45,9697.88,9908.31,39568.44
2026-09-06T15:06:59Z,10099.82,9852.07,9705.70,9902.77,39560.35
2026-09-06T15:08:00Z,10106.40,9861.70,9698.88,9917.28,39584.26
2026-09-06T15:09:01Z,10109.96,9862.79,9699.52,9922.61,39594.88
2026-09-06T15:10:11Z,10111.87,9866.10,9699.51,9925.46,39602.94
2026-09-06T15:11:22Z,10105.95,9855.86,9698.97,9913.58,39574.37
2026-09-06T15:13:51Z,10108.32,9860.80,9699.16,9914.41,39582.68
2026-09-06T15:14:52Z,10109.91,9864.17,9699.30,9916.96,39590.34
2026-09-06T15:16:02Z,10110.32,9864.11,9699.98,9915.56,39589.96
2026-09-06T15:17:13Z,10110.16,9867.25,9699.67,9912.88,39589.96
2026-09-06T15:18:13Z,10117.51,9872.12,9700.00,9925.12,39614.76
2026-09-06T15:19:23Z,10119.55,9871.68,9700.48,9922.62,39614.34
2026-09-06T15:20:24Z,10119.55,9871.68,9700.48,9922.62,39614.34
2026-09-06T15:23:50Z,10124.45,9879.22,9699.77,9924.99,39628.43
2026-09-06T15:25:06Z,10127.22,9885.01,9699.31,9924.57,39636.11
2026-09-06T15:26:24Z,10120.46,9877.90,9696.70,9911.95,39607.01
2026-09-06T15:27:24Z,10120.26,9879.31,9695.93,9912.93,39608.42
2026-09-06T15:28:32Z,10121.36,9876.69,9697.45,9917.40,39612.90
2026-09-06T15:29:41Z,10121.67,9876.24,9697.49,9917.63,39613.03
2026-09-06T15:33:30Z,10114.75,9877.95,9695.15,9912.19,39600.04
2026-09-06T15:34:40Z,10112.80,9879.26,9694.73,9910.89,39597.68
2026-09-06T15:35:50Z,10108.59,9871.27,9693.74,9902.82,39576.42
2026-09-06T15:36:51Z,10112.71,9876.53,9694.48,9910.93,39594.65
2026-09-06T15:37:51Z,10109.64,9870.88,9693.82,9903.81,39578.14
2026-09-06T15:39:03Z,10110.81,9875.99,9693.02,9906.53,39586.35
2026-09-06T15:40:14Z,10114.96,9881.80,9693.35,9920.58,39610.70
2026-09-06T15:43:29Z,10116.18,9883.57,9691.94,9934.29,39625.99
2026-09-06T15:44:40Z,10115.94,9883.28,9692.00,9933.91,39625.13
2026-09-06T15:45:51Z,10113.70,9876.42,9691.75,9931.28,39613.15
2026-09-06T15:46:54Z,10113.59,9876.02,9691.89,9931.08,39612.58
2026-09-06T15:47:55Z,10113.17,9875.77,9691.40,9934.42,39614.76
2026-09-06T15:49:05Z,10111.65,9874.67,9691.25,9931.76,39609.33
2026-09-06T15:50:13Z,10109.19,9872.42,9689.88,9926.74,39598.22
2026-09-06T16:04:25Z,10116.84,9883.63,9690.75,9940.21,39631.44
2026-09-06T16:05:35Z,10116.72,9887.18,9690.79,9938.68,39633.37
2026-09-06T16:06:46Z,10114.02,9887.00,9690.83,9938.93,39630.79
2026-09-06T16:07:47Z,10114.42,9892.51,9689.16,9940.84,39636.93
2026-09-06T16:08:48Z,10112.96,9893.52,9686.27,9939.03,39631.78
2026-09-06T16:09:59Z,10111.83,9892.71,9686.57,9934.99,39626.11
2026-09-06T16:11:10Z,10112.27,9894.73,9686.64,9935.55,39629.19
2026-09-06T16:14:13Z,10121.00,9905.56,9682.60,9952.41,39661.57
2026-09-06T16:15:23Z,10122.75,9911.29,9681.47,9959.22,39674.74
2026-09-06T16:16:33Z,10124.58,9923.83,9681.22,9960.22,39689.85
2026-09-06T16:17:34Z,10125.55,9924.46,9680.99,9961.97,39692.98
2026-09-06T16:18:35Z,10126.97,9929.57,9680.54,9963.17,39700.25
2026-09-06T16:19:46Z,10125.67,9934.01,9681.26,9959.58,39700.53
2026-09-06T16:20:55Z,10124.77,9931.25,9681.27,9964.05,39701.34
2026-09-06T16:24:09Z,10123.68,9929.94,9681.96,9966.02,39701.60
2026-09-06T16:25:19Z,10123.57,9930.49,9681.83,9971.50,39707.39
2026-09-06T16:26:31Z,10119.99,9928.25,9682.80,9968.51,39699.55
2026-09-06T16:27:34Z,10115.65,9921.32,9683.32,9957.97,39678.26
2026-09-06T16:28:35Z,10122.99,9955.43,9680.93,9980.98,39740.34
2026-09-06T16:29:44Z,10124.50,9961.23,9679.65,9986.76,39752.15
2026-09-06T16:30:54Z,10125.60,9978.27,9678.21,9992.50,39774.59
2026-09-06T16:33:52Z,10123.58,9993.08,9677.56,9989.53,39783.75
2026-09-06T16:35:03Z,10127.44,9991.00,9677.49,9998.01,39793.94
2026-09-06T16:36:13Z,10131.79,10008.51,9682.65,10006.02,39828.97
2026-09-06T16:37:14Z,10131.87,10004.43,9680.20,10003.84,39820.34
2026-09-06T16:38:14Z,10128.00,9996.87,9678.32,10002.47,39805.66
2026-09-06T16:39:24Z,10124.88,9986.88,9679.52,9996.95,39788.24
2026-09-06T16:40:37Z,10124.88,9986.88,9679.52,9996.95,39788.24
2026-09-06T16:43:46Z,10127.55,9987.39,9685.47,10007.77,39808.18
2026-09-06T16:44:56Z,10122.81,9979.08,9682.21,9998.62,39782.72
2026-09-06T16:46:07Z,10122.13,9973.42,9682.43,9997.90,39775.87
2026-09-06T16:47:08Z,10121.76,9978.54,9682.60,9998.03,39780.93
2026-09-06T16:48:09Z,10123.56,9972.40,9683.20,9994.86,39774.01
2026-09-06T16:49:18Z,10124.12,9969.38,9681.35,9995.07,39769.92
2026-09-06T16:50:28Z,10122.82,9976.76,9685.31,9993.71,39778.60
2026-09-06T17:04:03Z,10122.36,9970.90,9680.48,9986.08,39759.82
2026-09-06T17:05:15Z,10122.32,9973.76,9680.77,9984.42,39761.28
2026-09-06T17:06:26Z,10117.55,9969.56,9680.11,9976.14,39743.36
2026-09-06T17:07:27Z,10115.76,9969.22,9678.87,9970.68,39734.52
2026-09-06T17:08:28Z,10114.69,9967.39,9679.02,9967.55,39728.64
2026-09-06T17:09:38Z,10114.92,9970.32,9678.47,9967.81,39731.52
2026-09-06T17:11:31Z,10110.84,9965.11,9677.78,9961.74,39715.46
2026-09-06T17:13:48Z,10108.24,9965.83,9678.71,9952.66,39705.44
2026-09-06T17:14:59Z,10111.22,9966.89,9678.07,9957.56,39713.73
2026-09-06T17:16:00Z,10113.66,9967.67,9678.20,9961.82,39721.35
2026-09-06T17:17:11Z,10113.96,9967.96,9678.37,9962.06,39722.34
2026-09-06T17:18:11Z,10117.09,9974.18,9680.86,9969.01,39741.14
2026-09-06T17:19:22Z,10117.36,9978.50,9682.32,9969.87,39748.05
2026-09-06T17:20:32Z,10117.36,9978.50,9682.32,9969.87,39748.05
2026-09-06T17:23:47Z,10117.72,9969.96,9678.33,9964.10,39730.11
2026-09-06T17:24:58Z,10118.12,9977.81,9681.15,9961.21,39738.29
2026-09-06T17:26:09Z,10121.46,9975.89,9677.70,9966.07,39741.11
2026-09-06T17:27:12Z,10123.38,9978.69,9678.67,9965.66,39746.40
2026-09-06T17:28:12Z,10119.48,9972.73,9676.57,9959.92,39728.70
2026-09-06T17:29:30Z,10117.03,9962.60,9669.88,9952.23,39701.74
2026-09-06T17:30:40Z,10117.03,9962.60,9669.88,9952.23,39701.74
2026-09-06T17:34:05Z,10108.11,9962.77,9675.39,9934.93,39681.20
2026-09-06T17:35:15Z,10116.04,9988.54,9686.63,9955.61,39746.82
2026-09-06T17:36:27Z,10112.78,9978.89,9685.80,9948.34,39725.81
2026-09-06T17:37:32Z,10112.78,9978.89,9685.80,9948.34,39725.81
2026-09-06T17:38:33Z,10113.44,10001.10,9686.34,9952.35,39753.23
2026-09-06T17:39:42Z,10117.84,10017.53,9686.19,9963.17,39784.72
2026-09-06T17:40:52Z,10119.46,10019.10,9685.92,9961.74,39786.22
2026-09-06T17:43:50Z,10120.91,10025.40,9686.20,9962.97,39795.49
2026-09-06T17:45:00Z,10121.65,10028.68,9685.89,9964.56,39800.77
2026-09-06T17:46:11Z,10118.88,10021.18,9685.64,9964.88,39790.59
2026-09-06T17:47:15Z,10118.78,10013.90,9685.60,9963.69,39781.97
2026-09-06T17:48:15Z,10116.38,10005.86,9687.35,9963.81,39773.40
2026-09-06T17:49:33Z,10117.46,10002.66,9688.25,9963.07,39771.43
2026-09-06T17:51:10Z,10117.73,10003.59,9688.29,9961.46,39771.07
2026-09-06T18:03:56Z,10117.20,9986.82,9687.84,9954.78,39746.65
2026-09-06T18:05:06Z,10117.20,9986.82,9687.84,9954.78,39746.65
2026-09-06T18:06:17Z,10118.45,9997.17,9684.24,9959.72,39759.57
2026-09-06T18:07:17Z,10115.55,9995.04,9683.27,9958.12,39751.98
2026-09-06T18:08:18Z,10115.94,9995.92,9684.11,9958.88,39754.85
2026-09-06T18:09:28Z,10115.37,9995.60,9682.90,9959.53,39753.40
2026-09-06T18:10:38Z,10115.36,9995.68,9682.34,9960.70,39754.07
2026-09-06T18:14:23Z,10116.17,10011.94,9687.43,9970.85,39786.38
2026-09-06T18:15:41Z,10117.13,10018.28,9689.53,9972.43,39797.37
2026-09-06T18:16:50Z,10116.30,10016.67,9690.08,9972.92,39795.97
2026-09-06T18:17:51Z,10113.75,10011.14,9688.97,9969.90,39783.76
2026-09-06T18:18:52Z,10118.02,10019.87,9691.62,9971.57,39801.08
2026-09-06T18:20:10Z,10120.91,10027.67,9695.24,9975.01,39818.83
2026-09-06T18:21:20Z,10119.57,10030.56,9696.31,9973.18,39819.63
2026-09-06T18:23:24Z,10118.66,10028.21,9697.02,9969.97,39813.86
2026-09-06T18:24:25Z,10120.82,10034.89,9696.30,9970.33,39822.34
2026-09-06T18:25:36Z,10121.67,10040.14,9700.32,9971.04,39833.18
2026-09-06T18:26:46Z,10121.92,10039.42,9699.79,9975.08,39836.20
2026-09-06T18:27:47Z,10121.82,10038.51,9701.27,9973.20,39834.81
2026-09-06T18:28:57Z,10121.82,10038.51,9701.27,9973.20,39834.81
2026-09-06T18:29:58Z,10121.01,10028.26,9695.15,9975.15,39819.57
2026-09-06T18:34:11Z,10124.38,10034.33,9695.56,9988.98,39843.25
2026-09-06T18:35:22Z,10126.43,10037.19,9696.57,9991.40,39851.59
2026-09-06T18:36:33Z,10124.98,10035.99,9695.97,9990.80,39847.75
2026-09-06T18:37:33Z,10123.34,10030.73,9692.60,9987.71,39834.39
2026-09-06T18:38:34Z,10122.74,10024.64,9690.93,9986.84,39825.15
2026-09-06T18:39:44Z,10123.92,10030.10,9690.48,9989.20,39833.70
2026-09-06T18:40:54Z,10124.10,10028.26,9691.69,9992.74,39836.79
2026-09-06T18:44:15Z,10127.09,10037.85,9692.19,9999.11,39856.25
2026-09-06T18:45:25Z,10126.24,10035.02,9693.78,9998.56,39853.59
2026-09-06T18:46:36Z,10127.16,10027.45,9693.41,9999.08,39847.11
2026-09-06T18:47:36Z,10125.23,10020.27,9694.38,9993.14,39833.01
2026-09-06T18:48:37Z,10121.46,10018.28,9695.67,9983.82,39819.24
2026-09-06T18:49:48Z,10118.62,10014.12,9695.92,9980.06,39808.72
2026-09-06T18:50:58Z,10119.01,10015.64,9696.55,9979.47,39810.67
2026-09-06T19:04:19Z,10113.49,10009.68,9692.04,9980.19,39795.41
2026-09-06T19:05:29Z,10113.49,10009.68,9692.04,9980.19,39795.41
2026-09-06T19:06:38Z,10113.01,10015.42,9689.88,9978.89,39797.20
2026-09-06T19:07:41Z,10111.98,10014.35,9688.40,9979.21,39793.93
2026-09-06T19:08:42Z,10109.66,10011.16,9686.29,9974.16,39781.27
2026-09-06T19:09:53Z,10109.23,10015.92,9687.71,9977.08,39789.94
2026-09-06T19:11:11Z,10107.63,10013.10,9687.63,9973.41,39781.77
2026-09-06T19:14:01Z,10106.55,10000.69,9686.70,9971.48,39765.40
2026-09-06T19:15:12Z,10108.82,10004.24,9688.62,9978.71,39780.38
2026-09-06T19:16:45Z,10107.99,9996.98,9685.69,9981.55,39772.21
2026-09-06T19:17:58Z,10108.59,9997.57,9686.08,9978.50,39770.75
2026-09-06T19:19:07Z,10107.76,9990.52,9682.16,9976.12,39756.56
2026-09-06T19:20:18Z,10109.65,9993.17,9682.22,9977.49,39762.52
2026-09-06T19:24:04Z,10103.33,9978.32,9681.53,9970.40,39733.58
2026-09-06T19:25:14Z,10100.15,9968.41,9675.83,9964.32,39708.71
2026-09-06T19:26:25Z,10107.13,9981.58,9676.03,9983.42,39748.15
2026-09-06T19:27:26Z,10109.05,9984.56,9676.56,9988.71,39758.89
2026-09-06T19:28:26Z,10109.05,9984.56,9676.56,9988.71,39758.89
2026-09-06T19:29:35Z,10109.12,9975.96,9676.23,9981.66,39742.96
2026-09-06T19:30:46Z,10110.46,9985.87,9676.92,9983.77,39757.02
2026-09-06T19:33:24Z,10106.57,9979.93,9675.34,9972.98,39734.81
2026-09-06T19:34:24Z,10106.47,9983.08,9676.08,9971.96,39737.58
2026-09-06T19:35:35Z,10106.48,9974.50,9675.42,9968.85,39725.25
2026-09-06T19:36:46Z,10108.30,9980.41,9674.73,9966.63,39730.06
2026-09-06T19:37:47Z,10107.66,9979.17,9674.75,9970.73,39732.31
2026-09-06T19:38:57Z,10109.53,9980.78,9674.91,9971.45,39736.67
2026-09-06T19:39:58Z,10108.77,9980.60,9674.94,9974.64,39738.95
2026-09-06T19:44:12Z,10106.09,9980.33,9675.95,9975.03,39737.40
2026-09-06T19:45:23Z,10107.49,9980.42,9675.87,9974.84,39738.62
2026-09-06T19:46:33Z,10106.01,9973.80,9675.88,9972.66,39728.35
2026-09-06T19:47:41Z,10107.36,9975.17,9675.99,9974.33,39732.85
2026-09-06T19:48:41Z,10108.48,9979.30,9677.45,9980.48,39745.70
2026-09-06T19:49:52Z,10110.06,9979.93,9678.26,9983.66,39751.90
2026-09-06T19:51:02Z,10108.72,9978.25,9678.34,9979.30,39744.61
2026-09-06T20:04:22Z,10111.51,9973.58,9679.82,9996.57,39761.48
2026-09-06T20:05:37Z,10108.90,9975.03,9678.28,9992.53,39754.72
2026-09-06T20:06:47Z,10109.88,9978.73,9677.69,9990.05,39756.35
2026-09-06T20:07:48Z,10109.94,9977.32,9677.58,9988.56,39753.40
2026-09-06T20:08:49Z,10108.76,9973.39,9677.62,9984.29,39744.06
2026-09-06T20:10:00Z,10107.95,9973.06,9677.82,9984.63,39743.46
2026-09-06T20:11:11Z,10108.15,9969.67,9677.08,9985.13,39740.04
2026-09-06T20:13:57Z,10110.79,9969.07,9677.02,9993.71,39750.59
2026-09-06T20:15:07Z,10112.40,9973.73,9676.97,9994.87,39757.97
2026-09-06T20:16:18Z,10115.64,9981.03,9675.94,10001.65,39774.27
2026-09-06T20:17:18Z,10116.59,9984.40,9676.75,10002.22,39779.96
2026-09-06T20:18:27Z,10115.28,9981.27,9677.03,10000.91,39774.50
2026-09-06T20:19:37Z,10115.68,9983.43,9677.07,10003.99,39780.17
2026-09-06T20:20:46Z,10116.25,9982.98,9677.04,10008.77,39785.03
2026-09-06T20:23:22Z,10122.83,9991.74,9677.88,10022.85,39815.30
2026-09-06T20:24:23Z,10124.79,9999.76,9679.09,10024.95,39828.59
2026-09-06T20:25:34Z,10127.54,10001.58,9677.96,10031.71,39838.78
2026-09-06T20:26:45Z,10125.00,9996.31,9675.64,10031.43,39828.38
2026-09-06T20:27:45Z,10124.84,9997.14,9676.09,10030.13,39828.19
2026-09-06T20:28:55Z,10126.12,9997.20,9675.74,10035.28,39834.34
2026-09-06T20:30:00Z,10126.41,9995.21,9675.28,10038.00,39834.89
2026-09-06T20:34:16Z,10128.61,9994.26,9669.70,10041.40,39833.98
2026-09-06T20:35:26Z,10130.19,9999.17,9670.73,10047.63,39847.71
2026-09-06T20:36:37Z,10131.13,9996.94,9673.05,10050.85,39851.97
2026-09-06T20:37:37Z,10131.08,9996.21,9674.23,10048.89,39850.41
2026-09-06T20:38:38Z,10132.07,10000.11,9677.93,10055.41,39865.52
2026-09-06T20:39:48Z,10130.87,9992.66,9677.58,10058.37,39859.49
2026-09-06T20:41:01Z,10128.38,9989.25,9678.96,10058.01,39854.61
2026-09-06T20:43:41Z,10128.34,9998.83,9680.43,10060.68,39868.28
2026-09-06T20:44:51Z,10126.97,9995.99,9680.77,10062.63,39866.37
2026-09-06T20:45:58Z,10132.05,10008.23,9683.12,10071.26,39894.66
2026-09-06T20:47:01Z,10133.29,10009.42,9684.29,10073.45,39900.45
2026-09-06T20:48:02Z,10137.59,10013.22,9685.50,10083.62,39919.93
2026-09-06T20:49:12Z,10141.39,10016.80,9683.47,10106.05,39947.71
2026-09-06T20:50:21Z,10142.11,10017.05,9683.56,10101.74,39944.47
2026-09-06T21:04:18Z,10153.67,10039.04,9688.72,10147.97,40029.39
2026-09-06T21:05:36Z,10155.23,10041.17,9690.73,10161.41,40048.54
2026-09-06T21:06:53Z,10154.78,10041.21,9691.72,10166.19,40053.91
2026-09-06T21:08:04Z,10156.50,10046.23,9695.42,10167.50,40065.64
2026-09-06T21:09:05Z,10152.99,10036.21,9691.04,10145.39,40025.63
2026-09-06T21:10:14Z,10151.79,10033.41,9689.65,10148.59,40023.44
2026-09-06T21:13:51Z,10159.74,10042.41,9687.73,10172.93,40062.82
2026-09-06T21:15:01Z,10158.68,10045.93,9687.28,10168.87,40060.76
2026-09-06T21:16:11Z,10159.06,10041.77,9686.07,10170.44,40057.34
2026-09-06T21:17:11Z,10162.09,10048.27,9692.87,10170.02,40073.25
2026-09-06T21:18:12Z,10167.43,10056.64,9693.87,10173.97,40091.90
2026-09-06T21:19:23Z,10169.66,10050.36,9691.15,10171.85,40083.02
2026-09-06T21:20:34Z,10169.66,10050.36,9691.15,10171.85,40083.02
2026-09-06T21:23:49Z,10179.74,10061.64,9691.72,10184.64,40117.74
2026-09-06T21:25:00Z,10176.05,10051.47,9690.90,10169.63,40088.03
2026-09-06T21:26:10Z,10178.00,10057.48,9693.46,10177.45,40106.40
2026-09-06T21:27:11Z,10176.80,10056.03,9693.27,10185.15,40111.25
2026-09-06T21:28:12Z,10176.31,10056.11,9692.25,10179.33,40104.00
2026-09-06T21:29:22Z,10174.92,10053.50,9692.05,10175.45,40095.93
2026-09-06T21:30:31Z,10174.24,10053.87,9692.46,10174.16,40094.73
2026-09-06T21:33:45Z,10171.11,10052.39,9693.97,10167.99,40085.46
2026-09-06T21:34:55Z,10177.82,10060.54,9695.21,10185.71,40119.28
2026-09-06T21:36:05Z,10178.08,10058.31,9695.15,10188.62,40120.16
2026-09-06T21:37:06Z,10175.79,10060.73,9696.87,10191.80,40125.18
2026-09-06T21:38:09Z,10178.50,10056.21,9691.00,10192.63,40118.33
2026-09-06T21:39:19Z,10176.02,10051.41,9691.34,10184.72,40103.49
2026-09-06T21:40:27Z,10176.02,10051.41,9691.34,10184.72,40103.49
2026-09-06T21:44:07Z,10175.94,10065.23,9695.44,10186.22,40122.83
2026-09-06T21:45:16Z,10176.55,10073.27,9699.00,10192.40,40141.22
2026-09-06T21:46:27Z,10176.40,10080.60,9697.75,10191.41,40146.16
2026-09-06T21:47:30Z,10177.64,10087.52,9700.47,10197.24,40162.87
2026-09-06T21:48:31Z,10181.11,10097.53,9705.18,10210.13,40193.95
2026-09-06T21:49:41Z,10181.16,10093.38,9701.98,10207.38,40183.90
2026-09-06T21:50:50Z,10179.48,10091.86,9702.33,10199.79,40173.46
2026-09-06T22:05:28Z,10159.10,10091.99,9687.99,10187.67,40126.75
2026-09-06T22:06:38Z,10156.56,10070.95,9686.61,10173.35,40087.47
2026-09-06T22:07:50Z,10159.56,10069.61,9686.69,10170.05,40085.90
2026-09-06T22:08:51Z,10161.93,10074.81,9685.25,10171.12,40093.11
2026-09-06T22:09:52Z,10153.76,10059.97,9686.30,10150.19,40050.23
2026-09-06T22:11:02Z,10154.29,10063.55,9686.34,10146.67,40050.85
2026-09-06T22:12:12Z,10149.08,10056.89,9684.64,10133.10,40023.71
2026-09-06T22:14:06Z,10147.14,10052.66,9687.38,10132.25,40019.43
2026-09-06T22:15:07Z,10142.39,10045.68,9686.84,10126.65,40001.56
2026-09-06T22:16:18Z,10142.70,10045.24,9687.61,10127.20,40002.74
2026-09-06T22:17:28Z,10145.95,10047.65,9686.14,10126.66,40006.40
2026-09-06T22:18:31Z,10145.85,10045.31,9686.38,10127.47,40005.00
2026-09-06T22:19:42Z,10144.39,10048.44,9684.12,10119.54,39996.49
2026-09-06T22:20:43Z,10135.71,10034.41,9684.99,10102.04,39957.15
2026-09-06T22:23:23Z,10139.24,10048.97,9683.18,10115.03,39986.42
2026-09-06T22:24:33Z,10140.73,10051.56,9681.57,10117.21,39991.07
2026-09-06T22:25:44Z,10144.57,10054.11,9682.38,10128.02,40009.07
2026-09-06T22:26:47Z,10145.34,10052.63,9682.29,10128.91,40009.17
2026-09-06T22:27:48Z,10147.30,10053.68,9683.28,10137.18,40021.43
2026-09-06T22:28:58Z,10148.38,10056.15,9683.46,10138.21,40026.19
2026-09-06T22:30:14Z,10152.01,10059.20,9686.30,10147.67,40045.20
2026-09-06T22:35:05Z,10156.32,10074.69,9690.90,10172.61,40094.51
2026-09-06T22:36:17Z,10157.68,10075.30,9692.56,10176.18,40101.71
2026-09-06T22:37:27Z,10161.54,10080.80,9692.98,10179.84,40115.15
2026-09-06T22:38:30Z,10160.51,10059.02,9692.21,10168.86,40080.59
2026-09-06T22:39:33Z,10163.99,10063.70,9692.54,10178.57,40098.79
2026-09-06T22:40:43Z,10164.57,10061.40,9692.54,10176.26,40094.77
2026-09-06T22:41:53Z,10162.60,10055.43,9694.06,10177.97,40090.07
2026-09-06T22:44:03Z,10166.62,10060.88,9692.45,10195.04,40114.99
2026-09-06T22:45:07Z,10167.82,10059.64,9688.93,10195.06,40111.45
2026-09-06T22:46:15Z,10171.07,10064.87,9686.46,10191.84,40114.25
2026-09-06T22:47:25Z,10167.63,10065.34,9688.42,10194.40,40115.80
2026-09-06T22:48:26Z,10163.83,10061.18,9689.00,10195.18,40109.19
2026-09-06T22:49:37Z,10162.46,10054.14,9687.57,10192.02,40096.19
2026-09-06T22:50:40Z,10162.25,10056.84,9687.49,10188.07,40094.66
2026-09-06T23:11:01Z,10170.35,10087.86,9702.72,10215.81,40176.74
2026-09-06T23:12:11Z,10171.32,10087.46,9708.36,10224.73,40191.86
2026-09-06T23:13:21Z,10169.90,10097.50,9706.61,10223.08,40197.09
2026-09-06T23:14:26Z,10169.90,10097.50,9706.61,10223.08,40197.09
2026-09-06T23:15:27Z,10170.84,10099.05,9703.72,10223.15,40196.76
2026-09-06T23:16:35Z,10170.11,10097.26,9701.18,10225.04,40193.58
2026-09-06T23:17:43Z,10166.32,10084.24,9697.23,10221.57,40169.36
2026-09-06T23:18:57Z,10167.61,10082.53,9697.02,10221.37,40168.52
2026-09-06T23:20:04Z,10170.71,10080.54,9695.44,10228.77,40175.46
2026-09-06T23:21:07Z,10177.95,10099.51,9703.38,10239.04,40219.87
2026-09-06T23:22:15Z,10180.44,10101.51,9700.45,10236.00,40218.39
2026-09-06T23:23:26Z,10178.98,10097.97,9699.55,10236.89,40213.39
2026-09-06T23:24:31Z,10178.73,10093.25,9696.06,10238.99,40207.03
2026-09-06T23:25:38Z,10176.26,10087.34,9695.38,10238.99,40197.97
2026-09-06T23:26:48Z,10175.41,10089.09,9696.09,10241.38,40201.96
2026-09-06T23:27:56Z,10174.62,10090.36,9693.80,10231.13,40189.91
2026-09-06T23:29:07Z,10178.53,10095.71,9692.78,10239.39,40206.42
2026-09-06T23:30:13Z,10181.96,10098.26,9691.76,10245.82,40217.80
2026-09-06T23:31:18Z,10180.05,10097.61,9686.69,10234.20,40198.54
2026-09-06T23:32:21Z,10182.32,10099.46,9688.52,10235.38,40205.67
2026-09-06T23:33:37Z,10181.97,10097.46,9688.69,10235.28,40203.40
2026-09-06T23:43:42Z,10192.29,10105.48,9691.95,10248.04,40237.76
2026-09-06T23:44:54Z,10192.29,10105.48,9691.95,10248.04,40237.76
2026-09-06T23:46:04Z,10198.52,10108.12,9692.07,10250.42,40249.13
2026-09-06T23:47:05Z,10195.08,10105.56,9691.52,10244.71,40236.87
2026-09-06T23:48:06Z,10203.14,10113.81,9692.46,10252.09,40261.50
2026-09-06T23:49:17Z,10200.88,10107.66,9691.13,10255.65,40255.32
2026-09-06T23:50:28Z,10202.61,10110.03,9691.00,10255.93,40259.58
2026-09-07T00:11:57Z,10207.81,10118.92,9700.53,10276.83,40304.11
2026-09-07T00:13:15Z,10210.76,10122.29,9699.07,10284.85,40316.97
2026-09-07T00:14:25Z,10214.72,10117.00,9703.81,10291.60,40327.13
2026-09-07T00:15:25Z,10213.64,10116.05,9703.38,10287.55,40320.63
2026-09-07T00:16:26Z,10209.18,10112.56,9700.67,10279.56,40301.97
2026-09-07T00:17:38Z,10207.04,10108.05,9697.02,10280.04,40292.14
2026-09-07T00:18:49Z,10206.40,10108.24,9698.15,10281.50,40294.30
2026-09-07T00:23:22Z,10196.30,10102.16,9692.52,10260.51,40251.49
2026-09-07T00:24:33Z,10214.81,10127.01,9708.97,10287.77,40338.57
2026-09-07T00:25:43Z,10210.55,10117.09,9703.75,10284.15,40315.54
2026-09-07T00:26:43Z,10209.86,10115.65,9704.10,10281.68,40311.29
2026-09-07T00:27:44Z,10217.47,10125.76,9711.22,10290.42,40344.86
2026-09-07T00:28:55Z,10220.66,10129.08,9713.36,10295.00,40358.10
2026-09-07T00:30:24Z,10226.18,10136.78,9719.32,10304.72,40386.99
2026-09-07T00:34:47Z,10227.08,10126.94,9716.42,10312.23,40382.67
2026-09-07T00:35:58Z,10227.00,10120.37,9716.76,10309.88,40374.01
2026-09-07T00:37:08Z,10219.84,10111.74,9712.01,10299.92,40343.52
2026-09-07T00:38:15Z,10228.74,10126.34,9718.34,10310.13,40383.56
2026-09-07T00:39:16Z,10225.67,10125.39,9717.77,10305.61,40374.44
2026-09-07T00:40:43Z,10225.87,10127.11,9717.52,10299.12,40369.62
2026-09-07T00:43:46Z,10228.86,10123.41,9719.36,10303.82,40375.45
2026-09-07T00:44:58Z,10231.94,10123.39,9723.20,10310.96,40389.50
2026-09-07T00:46:15Z,10231.99,10118.92,9722.32,10312.73,40385.95
2026-09-07T00:47:15Z,10231.99,10118.92,9722.32,10312.73,40385.95
2026-09-07T00:48:16Z,10227.08,10111.95,9719.48,10304.17,40362.69
2026-09-07T00:49:26Z,10220.80,10102.11,9715.64,10299.52,40338.08
2026-09-07T01:04:17Z,10191.87,10051.29,9696.04,10242.64,40181.84
2026-09-07T01:05:28Z,10201.08,10063.52,9696.04,10255.43,40216.07
2026-09-07T01:06:37Z,10204.39,10060.91,9696.04,10260.40,40221.73
2026-09-07T01:07:38Z,10198.88,10055.81,9696.04,10253.42,40204.16
2026-09-07T01:08:39Z,10191.37,10046.32,9696.04,10238.26,40172.00
2026-09-07T01:09:49Z,10181.31,10033.80,9696.04,10222.95,40134.11
2026-09-07T01:11:05Z,10180.37,10025.63,9696.04,10220.27,40122.31
2026-09-07T01:13:34Z,10184.40,10035.61,9696.04,10221.52,40137.57
2026-09-07T01:14:34Z,10176.66,10026.50,9696.04,10212.87,40112.07
2026-09-07T01:15:45Z,10173.85,10022.30,9694.54,10205.60,40096.29
2026-09-07T01:17:22Z,10170.44,10013.02,9694.54,10192.39,40070.39
2026-09-07T01:18:28Z,10169.17,10015.40,9694.54,10185.14,40064.25
2026-09-07T01:19:41Z,10172.58,10018.32,9694.54,10193.74,40079.18
2026-09-07T01:23:19Z,10163.67,10009.96,9694.54,10179.05,40047.22
2026-09-07T01:24:29Z,10166.34,10013.99,9694.54,10182.22,40057.09
2026-09-07T01:25:40Z,10167.44,10016.57,9694.54,10180.10,40058.65
2026-09-07T01:26:41Z,10164.55,10014.84,9694.54,10174.89,40048.82
2026-09-07T01:27:42Z,10162.51,10010.19,9694.54,10172.09,40039.33
2026-09-07T01:28:52Z,10161.06,10011.39,9694.54,10166.23,40033.22
2026-09-07T01:30:03Z,10159.31,10014.14,9694.54,10166.56,40034.55
2026-09-07T01:33:53Z,10158.34,10009.88,9693.04,10170.33,40031.60
2026-09-07T01:35:03Z,10159.20,10014.60,9691.00,10174.16,40038.96
2026-09-07T01:36:15Z,10166.28,10021.40,9689.27,10181.43,40058.38
2026-09-07T01:37:15Z,10162.00,10013.85,9690.37,10174.67,40040.89
2026-09-07T01:38:16Z,10160.23,10013.86,9691.09,10172.65,40037.83
2026-09-07T01:39:26Z,10161.26,10015.58,9691.76,10172.87,40041.49
2026-09-07T01:40:39Z,10158.02,10012.40,9692.61,10168.04,40031.08
