coin,ts_ms,price
bitcoin,1788484200000,81046.64955367682
bitcoin-cash,1788484200000,255.30795209459714
monero,1788484200000,517.9959735931441
zcash,1788484200000,941.6768646062126
binancecoin,1788484500000,722.5183046515027
bitcoin,1788484500000,80959.22131953304
bitcoin-cash,1788484500000,255.25572874915312
cardano,1788484500000,0.21976991570849222
chainlink,1788484500000,11.82426904705399
ethereum,1788484500000,2504.646085422449
hyperliquid,1788484500000,86.80204473665678
monero,1788484500000,517.2053958365661
ripple,1788484500000,1.443376862756992
solana,1788484500000,103.69868044268594
tron,1788484500000,0.3301541658182125
zcash,1788484500000,938.1277785282815
binancecoin,1788484800000,722.4388852520871
bitcoin,1788484800000,80930.42808095296
bitcoin-cash,1788484800000,255.30991134479746
cardano,1788484800000,0.22032692044430396
chainlink,1788484800000,11.844004658107474
ethereum,1788484800000,2506.544251191941
hyperliquid,1788484800000,86.91317790557605
monero,1788484800000,517.7143663804314
ripple,1788484800000,1.4424600300328694
solana,1788484800000,103.67234678910155
tron,1788484800000,0.3300915252686485
zcash,1788484800000,940.2595847714075
binancecoin,1788485100000,721.1936846643076
bitcoin,1788485100000,80825.05750802219
bitcoin-cash,1788485100000,255.1070743592604
cardano,1788485100000,0.2204762381123125
chainlink,1788485100000,11.81822557309615
ethereum,1788485100000,2503.977399449306
hyperliquid,1788485100000,86.8240802819538
monero,1788485100000,517.012942138033
ripple,1788485100000,1.4404589636172747
solana,1788485100000,103.54949319077258
tron,1788485100000,0.33002871250946575
zcash,1788485100000,938.7112445968855
binancecoin,1788485400000,720.1892519911869
bitcoin,1788485400000,80828.83007977699
bitcoin-cash,1788485400000,255.02973909222152
cardano,1788485400000,0.22076108989805782
chainlink,1788485400000,11.81842360750616
ethereum,1788485400000,2504.3851519562236
hyperliquid,1788485400000,86.83603885526503
monero,1788485400000,516.6160965916586
ripple,1788485400000,1.4390503455998274
solana,1788485400000,103.48716035399609
tron,1788485400000,0.33001023534945056
zcash,1788485400000,939.5320269731961
binancecoin,1788485700000,719.6567249718317
bitcoin,1788485700000,80812.07036237362
bitcoin-cash,1788485700000,255.44935715060492
cardano,1788485700000,0.22165678730438954
chainlink,1788485700000,11.792434850104549
ethereum,1788485700000,2502.1441746185887
hyperliquid,1788485700000,86.60233703444182
monero,1788485700000,516.5523318563507
ripple,1788485700000,1.435184199868412
solana,1788485700000,103.36984057459395
tron,1788485700000,0.330012783902999
zcash,1788485700000,936.7216575876921
binancecoin,1788486000000,720.106595147646
bitcoin,1788486000000,80849.42255368583
bitcoin-cash,1788486000000,255.64820636668907
cardano,1788486000000,0.22185989570042827
chainlink,1788486000000,11.80274578927813
ethereum,1788486000000,2500.9700553950406
hyperliquid,1788486000000,86.56596428668142
monero,1788486000000,516.6454492943813
ripple,1788486000000,1.4373326310490302
solana,1788486000000,103.46873394148551
tron,1788486000000,0.33004490107303536
zcash,1788486000000,935.0669285501617
binancecoin,1788486300000,719.3720107357202
bitcoin,1788486300000,80791.98393551746
bitcoin-cash,1788486300000,255.26280502693166
cardano,1788486300000,0.22144036809306855
chainlink,1788486300000,11.791128888473711
ethereum,1788486300000,2499.42348739175
hyperliquid,1788486300000,86.76963379937015
monero,1788486300000,516.5365391455595
ripple,1788486300000,1.4367925846088214
solana,1788486300000,103.33181655856781
tron,1788486300000,0.3300501003892577
zcash,1788486300000,935.089643235881
binancecoin,1788486600000,720.5519940701645
bitcoin,1788486600000,80863.4249588358
bitcoin-cash,1788486600000,255.38495636932922
cardano,1788486600000,0.22222459460495045
chainlink,1788486600000,11.824310887901763
ethereum,1788486600000,2501.478956771546
hyperliquid,1788486600000,86.98683532166596
monero,1788486600000,517.6865689541956
ripple,1788486600000,1.438787114362722
solana,1788486600000,103.49612471466288
tron,1788486600000,0.3300424836012685
zcash,1788486600000,936.4127157599714
binancecoin,1788486900000,721.9488591100705
bitcoin,1788486900000,80975.3749671476
bitcoin-cash,1788486900000,255.86029163226007
cardano,1788486900000,0.22302466269326943
chainlink,1788486900000,11.864446235272787
ethereum,1788486900000,2505.833346520381
hyperliquid,1788486900000,87.30664911413915
monero,1788486900000,518.002472148367
ripple,1788486900000,1.4416815415693416
solana,1788486900000,103.72340951859182
tron,1788486900000,0.3301031465949933
zcash,1788486900000,940.7816456906896
binancecoin,1788487200000,722.1594038692612
bitcoin,1788487200000,80969.99953830658
bitcoin-cash,1788487200000,255.86074234781245
cardano,1788487200000,0.22243136133231198
chainlink,1788487200000,11.896493625125174
ethereum,1788487200000,2506.437390127091
hyperliquid,1788487200000,87.2101758738103
monero,1788487200000,508.8117800054697
ripple,1788487200000,1.4439243961266806
solana,1788487200000,103.79460844592546
tron,1788487200000,0.33001128216971637
zcash,1788487200000,940.4892751158
binancecoin,1788487500000,721.6251329200704
bitcoin,1788487500000,80859.23575270835
bitcoin-cash,1788487500000,255.2011873236344
cardano,1788487500000,0.22191686520836343
chainlink,1788487500000,11.853937153322873
ethereum,1788487500000,2501.25528504937
hyperliquid,1788487500000,87.0153687442579
monero,1788487500000,509.52756758240497
ripple,1788487500000,1.4405017682133057
solana,1788487500000,103.61785357855005
tron,1788487500000,0.3298611841597148
zcash,1788487500000,940.3231715095468
binancecoin,1788487800000,721.4668644102171
bitcoin,1788487800000,80798.68603198687
bitcoin-cash,1788487800000,254.89137357012112
cardano,1788487800000,0.22149377216585994
chainlink,1788487800000,11.837646137445327
ethereum,1788487800000,2500.6706948453134
hyperliquid,1788487800000,86.91390182452318
monero,1788487800000,509.3047530497446
ripple,1788487800000,1.4396515950758029
solana,1788487800000,103.53546692882368
tron,1788487800000,0.32961955694260736
zcash,1788487800000,938.1770236310757
binancecoin,1788488100000,721.7115249123029
bitcoin,1788488100000,80795.56002843769
bitcoin-cash,1788488100000,254.90253262080248
cardano,1788488100000,0.22206028223986127
chainlink,1788488100000,11.837844471436073
ethereum,1788488100000,2502.2292708766718
hyperliquid,1788488100000,87.17095011563096
monero,1788488100000,508.8696541092945
ripple,1788488100000,1.4400986680879562
solana,1788488100000,103.64355925685189
tron,1788488100000,0.32959939230910285
zcash,1788488100000,939.9742419430252
binancecoin,1788488400000,721.7237874342621
bitcoin,1788488400000,80762.824711063
bitcoin-cash,1788488400000,254.79915747940723
cardano,1788488400000,0.2227336066075436
chainlink,1788488400000,11.828135995447644
ethereum,1788488400000,2501.6883661791576
hyperliquid,1788488400000,87.50420618169733
monero,1788488400000,510.6872727256306
ripple,1788488400000,1.4425127404845681
solana,1788488400000,103.54328351068337
tron,1788488400000,0.329621382826035
zcash,1788488400000,939.4302590901353
binancecoin,1788488700000,720.9986142294773
bitcoin,1788488700000,80703.6619289769
bitcoin-cash,1788488700000,254.49398356204898
cardano,1788488700000,0.2224294970812388
chainlink,1788488700000,11.822216237019651
ethereum,1788488700000,2500.527367622146
hyperliquid,1788488700000,87.30075603970235
monero,1788488700000,510.2388192901516
ripple,1788488700000,1.4399497799300673
solana,1788488700000,103.40671665460904
tron,1788488700000,0.3296251647464606
zcash,1788488700000,937.9960789265696
binancecoin,1788489000000,721.138870296279
bitcoin,1788489000000,80703.47428661879
bitcoin-cash,1788489000000,254.1967431193442
cardano,1788489000000,0.2228201125348919
chainlink,1788489000000,11.814505575010926
ethereum,1788489000000,2499.138727272399
hyperliquid,1788489000000,87.18419576263724
monero,1788489000000,511.15289869618584
ripple,1788489000000,1.4390611832922313
solana,1788489000000,103.4119410263637
tron,1788489000000,0.3295813831699586
zcash,1788489000000,938.0756647035458
binancecoin,1788489300000,721.975202678583
bitcoin,1788489300000,80769.2555643914
bitcoin-cash,1788489300000,254.80142957059508
cardano,1788489300000,0.22310558829372257
chainlink,1788489300000,11.830944287509867
ethereum,1788489300000,2500.9468780412562
hyperliquid,1788489300000,87.16629599042858
monero,1788489300000,511.8954776977591
ripple,1788489300000,1.4415338251600265
solana,1788489300000,103.5123401978771
tron,1788489300000,0.329585002284395
zcash,1788489300000,937.536429369058
binancecoin,1788489600000,723.1105800812768
bitcoin,1788489600000,80823.44999533647
bitcoin-cash,1788489600000,255.1157998545155
cardano,1788489600000,0.22377653069929063
chainlink,1788489600000,11.862847390417874
ethereum,1788489600000,2503.554603680938
hyperliquid,1788489600000,87.02119285564382
monero,1788489600000,510.377298129837
ripple,1788489600000,1.4437237681272335
solana,1788489600000,103.62939373204416
tron,1788489600000,0.32962399496993855
zcash,1788489600000,938.5115026165067
binancecoin,1788489900000,723.1169839265444
bitcoin,1788489900000,80761.36941576553
bitcoin-cash,1788489900000,254.6741628589102
cardano,1788489900000,0.2241714795321344
chainlink,1788489900000,11.850207170568407
ethereum,1788489900000,2501.352208308396
hyperliquid,1788489900000,86.82694593363526
monero,1788489900000,508.82668441301536
ripple,1788489900000,1.4426405640261073
solana,1788489900000,103.54554766670564
tron,1788489900000,0.3295555915172078
zcash,1788489900000,936.6060915130021
binancecoin,1788490200000,722.485397271751
bitcoin,1788490200000,80675.28757255158
bitcoin-cash,1788490200000,254.6405743245597
cardano,1788490200000,0.22394424214075428
chainlink,1788490200000,11.843436413695326
ethereum,1788490200000,2499.9071385115176
hyperliquid,1788490200000,86.69681470226652
monero,1788490200000,509.8782032806311
ripple,1788490200000,1.4413963251237263
solana,1788490200000,103.45285233990266
tron,1788490200000,0.3295085007770135
zcash,1788490200000,935.5655497093912
binancecoin,1788490500000,723.1916776485398
bitcoin,1788490500000,80743.91251464155
bitcoin-cash,1788490500000,255.41548252364638
cardano,1788490500000,0.2249762787846175
chainlink,1788490500000,11.871654675739537
ethereum,1788490500000,2503.527924544993
hyperliquid,1788490500000,86.96577481618108
monero,1788490500000,505.43648462943
ripple,1788490500000,1.4457379687600822
solana,1788490500000,103.67413267195931
tron,1788490500000,0.329494871200783
zcash,1788490500000,938.558321859586
binancecoin,1788490800000,724.086324678777
bitcoin,1788490800000,80812.35052737984
bitcoin-cash,1788490800000,255.77853081919906
cardano,1788490800000,0.22567563032925644
chainlink,1788490800000,11.903752557939766
ethereum,1788490800000,2506.390457555664
hyperliquid,1788490800000,87.01709425370142
monero,1788490800000,507.10735566506435
ripple,1788490800000,1.4461397635667752
solana,1788490800000,103.73687445744767
tron,1788490800000,0.329501024136109
zcash,1788490800000,939.1029436652127
binancecoin,1788491100000,724.0272803581818
bitcoin,1788491100000,80890.53954985648
bitcoin-cash,1788491100000,256.0156829974925
cardano,1788491100000,0.22467098522943205
chainlink,1788491100000,11.919591097187933
ethereum,1788491100000,2510.791474565537
hyperliquid,1788491100000,87.05577652601109
monero,1788491100000,505.4243686808541
ripple,1788491100000,1.4481801923479989
solana,1788491100000,103.88418932253403
tron,1788491100000,0.3295935973834644
zcash,1788491100000,948.7697408330783
binancecoin,1788491400000,724.5503477357177
bitcoin,1788491400000,80963.05066929224
bitcoin-cash,1788491400000,256.0595417622136
cardano,1788491400000,0.22469230749875366
chainlink,1788491400000,11.926091408132534
ethereum,1788491400000,2513.4473261535827
hyperliquid,1788491400000,87.13819678461716
monero,1788491400000,504.65810091709574
ripple,1788491400000,1.4511670435706696
solana,1788491400000,104.03785811055944
tron,1788491400000,0.32955147598381673
zcash,1788491400000,950.5532856390712
binancecoin,1788491700000,724.6162219526075
bitcoin,1788491700000,80925.78119686304
bitcoin-cash,1788491700000,255.5862334603742
cardano,1788491700000,0.22424679898939498
chainlink,1788491700000,11.928720983715332
ethereum,1788491700000,2510.928024039778
hyperliquid,1788491700000,87.07225260066647
monero,1788491700000,505.36173596019455
ripple,1788491700000,1.4494383418138255
solana,1788491700000,103.83835473697417
tron,1788491700000,0.32939683083772875
zcash,1788491700000,947.5641622571922
binancecoin,1788492000000,724.668203313658
bitcoin,1788492000000,80908.79500411238
bitcoin-cash,1788492000000,255.40161428167633
cardano,1788492000000,0.2239795250152445
chainlink,1788492000000,11.908007065732521
ethereum,1788492000000,2510.7840401545373
hyperliquid,1788492000000,87.00311777427106
monero,1788492000000,504.9872224543365
ripple,1788492000000,1.4481491995699982
solana,1788492000000,103.8294287356902
tron,1788492000000,0.329419987200884
zcash,1788492000000,947.5322896920584
binancecoin,1788492300000,724.6561561427043
bitcoin,1788492300000,80909.65625662918
bitcoin-cash,1788492300000,255.4072479974634
cardano,1788492300000,0.2244757665734676
chainlink,1788492300000,11.911555979608877
ethereum,1788492300000,2510.5686051596695
hyperliquid,1788492300000,87.0716332154688
monero,1788492300000,505.84507440120854
ripple,1788492300000,1.4484940027265774
solana,1788492300000,103.92516924732519
tron,1788492300000,0.3295887380518993
zcash,1788492300000,945.5766720530281
binancecoin,1788492600000,724.4808120951346
bitcoin,1788492600000,80837.60452172993
bitcoin-cash,1788492600000,255.07745363912355
cardano,1788492600000,0.22472628504483
chainlink,1788492600000,11.901266044999657
ethereum,1788492600000,2507.441629008197
hyperliquid,1788492600000,87.09322571432736
monero,1788492600000,507.69330767802836
ripple,1788492600000,1.4465034182379592
solana,1788492600000,103.82710753953046
tron,1788492600000,0.3297495187877118
zcash,1788492600000,944.7845467901041
binancecoin,1788492900000,723.9545416619279
bitcoin,1788492900000,80824.2767871619
bitcoin-cash,1788492900000,255.0454169770211
cardano,1788492900000,0.22440307444007804
chainlink,1788492900000,11.891694212121077
ethereum,1788492900000,2506.259294399613
hyperliquid,1788492900000,87.26154291631369
monero,1788492900000,506.5511946805572
ripple,1788492900000,1.4468029910177669
solana,1788492900000,103.79581751190668
tron,1788492900000,0.3296768996662218
zcash,1788492900000,943.377072146233
binancecoin,1788493200000,724.1831248154698
bitcoin,1788493200000,80838.66918128943
bitcoin-cash,1788493200000,255.3741614863863
cardano,1788493200000,0.22442521584377367
chainlink,1788493200000,11.88740002978655
ethereum,1788493200000,2505.735639838515
hyperliquid,1788493200000,87.1662045992827
monero,1788493200000,508.09427617054456
ripple,1788493200000,1.4469377749060783
solana,1788493200000,103.83412968990524
tron,1788493200000,0.32963836215363007
zcash,1788493200000,945.1748287543334
binancecoin,1788493500000,724.342306049691
bitcoin,1788493500000,80864.01488573322
bitcoin-cash,1788493500000,255.524934201021
cardano,1788493500000,0.2248511905701476
chainlink,1788493500000,11.88491852066039
ethereum,1788493500000,2506.180657353579
hyperliquid,1788493500000,87.21659330432239
monero,1788493500000,507.0048255246608
ripple,1788493500000,1.448140816808756
solana,1788493500000,103.88572461318581
tron,1788493500000,0.3296490745403336
zcash,1788493500000,948.1652177786955
binancecoin,1788493800000,723.7405601984094
bitcoin,1788493800000,80917.43124747308
bitcoin-cash,1788493800000,255.67096056238478
cardano,1788493800000,0.22458660146653964
chainlink,1788493800000,11.886392502183815
ethereum,1788493800000,2506.056126620718
hyperliquid,1788493800000,87.22585511588255
monero,1788493800000,507.9127633201971
ripple,1788493800000,1.4468604541077235
solana,1788493800000,103.84285968797391
tron,1788493800000,0.32962169302237454
zcash,1788493800000,946.5969592335668
binancecoin,1788494100000,724.1536625184059
bitcoin,1788494100000,80929.52262062342
bitcoin-cash,1788494100000,255.6560074730828
cardano,1788494100000,0.22449761808334356
chainlink,1788494100000,11.895271371598776
ethereum,1788494100000,2506.2452290635047
hyperliquid,1788494100000,87.29162819937878
monero,1788494100000,504.9283432028055
ripple,1788494100000,1.448006229519983
solana,1788494100000,103.83499665633495
tron,1788494100000,0.32963657290306425
zcash,1788494100000,945.9749176295048
binancecoin,1788494400000,723.4855298754393
bitcoin,1788494400000,80855.6007824934
bitcoin-cash,1788494400000,255.27673095418135
cardano,1788494400000,0.22409729586435273
chainlink,1788494400000,11.887202280723152
ethereum,1788494400000,2505.188681576835
hyperliquid,1788494400000,87.23340523012494
monero,1788494400000,504.76469704467564
ripple,1788494400000,1.4467979046126156
solana,1788494400000,103.71946213503328
tron,1788494400000,0.32944165095324307
zcash,1788494400000,945.526217841603
binancecoin,1788494700000,724.0095679345031
bitcoin,1788494700000,80833.7722477101
bitcoin-cash,1788494700000,255.40613654954015
cardano,1788494700000,0.22406102431765726
chainlink,1788494700000,11.880371517356046
ethereum,1788494700000,2503.097178925601
hyperliquid,1788494700000,87.03362548568616
monero,1788494700000,500.55261878529177
ripple,1788494700000,1.4446580319329403
solana,1788494700000,103.6764489850688
tron,1788494700000,0.32937915147232966
zcash,1788494700000,947.5450288770835
binancecoin,1788495000000,723.7745281002238
bitcoin,1788495000000,80860.91515241923
bitcoin-cash,1788495000000,255.5600592990122
cardano,1788495000000,0.22301800749344197
chainlink,1788495000000,11.872247907778698
ethereum,1788495000000,2503.0619783770526
hyperliquid,1788495000000,86.93235210238387
monero,1788495000000,501.1756393621404
ripple,1788495000000,1.444210852559898
solana,1788495000000,103.61854260652287
tron,1788495000000,0.3293286562094574
zcash,1788495000000,948.8549991717033
binancecoin,1788495300000,724.3007904614706
bitcoin,1788495300000,80952.9090517066
bitcoin-cash,1788495300000,255.9028906649292
cardano,1788495300000,0.2237952406305087
chainlink,1788495300000,11.902481855791027
ethereum,1788495300000,2506.581052893374
hyperliquid,1788495300000,86.97769357090986
monero,1788495300000,504.4282752168146
ripple,1788495300000,1.4488438121832534
solana,1788495300000,103.76221357182459
tron,1788495300000,0.32914315648067555
zcash,1788495300000,950.3526924919212
binancecoin,1788495600000,725.5687083887756
bitcoin,1788495600000,81066.14826451322
bitcoin-cash,1788495600000,256.3801853916416
cardano,1788495600000,0.22485686964983637
chainlink,1788495600000,11.93480798471491
ethereum,1788495600000,2510.0401004368246
hyperliquid,1788495600000,86.9630917238393
monero,1788495600000,504.33426071028555
ripple,1788495600000,1.4510683493289402
solana,1788495600000,103.84154113905072
tron,1788495600000,0.32912500304276
zcash,1788495600000,951.4765854116583
binancecoin,1788495900000,726.8433023990768
bitcoin,1788495900000,81158.84056597644
bitcoin-cash,1788495900000,256.8155104610233
cardano,1788495900000,0.22442191496333208
chainlink,1788495900000,11.956926657516556
ethereum,1788495900000,2515.7945974214185
hyperliquid,1788495900000,87.17687589697674
monero,1788495900000,502.82037663391077
ripple,1788495900000,1.4529178519854835
solana,1788495900000,104.01649840171187
tron,1788495900000,0.3291280842533102
zcash,1788495900000,950.4312203899461
binancecoin,1788496200000,728.2049786739965
bitcoin,1788496200000,81248.2215790465
bitcoin-cash,1788496200000,257.44142772993166
cardano,1788496200000,0.22541844928877516
chainlink,1788496200000,11.991427768294104
ethereum,1788496200000,2522.259675707026
hyperliquid,1788496200000,87.18129079253784
monero,1788496200000,504.58465754112177
ripple,1788496200000,1.4550388525663553
solana,1788496200000,104.26481464485528
tron,1788496200000,0.3291557644105027
zcash,1788496200000,954.6059507530849
binancecoin,1788496500000,727.3025857250489
bitcoin,1788496500000,81179.63239584402
bitcoin-cash,1788496500000,257.33206269813377
cardano,1788496500000,0.22598737817083953
chainlink,1788496500000,11.985497280410353
ethereum,1788496500000,2520.884703787173
hyperliquid,1788496500000,87.1777088654892
monero,1788496500000,505.6857692445359
ripple,1788496500000,1.4554799371489326
solana,1788496500000,104.2174565991117
tron,1788496500000,0.3293902289558216
zcash,1788496500000,954.0426044364466
binancecoin,1788496800000,726.1687780267016
bitcoin,1788496800000,81057.68611257937
bitcoin-cash,1788496800000,256.6308903341966
cardano,1788496800000,0.22567362679076444
chainlink,1788496800000,11.978844554824533
ethereum,1788496800000,2517.2816718082936
hyperliquid,1788496800000,86.99958712059342
monero,1788496800000,503.17425526376087
ripple,1788496800000,1.451746597753516
solana,1788496800000,103.9974278182592
tron,1788496800000,0.3293583841275995
zcash,1788496800000,950.2960989179333
binancecoin,1788497100000,725.8860505435775
bitcoin,1788497100000,81035.63654980148
bitcoin-cash,1788497100000,256.2403918686396
cardano,1788497100000,0.22439841020408421
chainlink,1788497100000,11.945170340564982
ethereum,1788497100000,2512.5151558971975
hyperliquid,1788497100000,86.7499241156375
monero,1788497100000,503.34029838865314
ripple,1788497100000,1.4506241227675627
solana,1788497100000,103.892572150791
tron,1788497100000,0.32915784513650287
zcash,1788497100000,949.5187610068826
binancecoin,1788497400000,726.2308917163258
bitcoin,1788497400000,81050.50536129669
bitcoin-cash,1788497400000,256.1700990343261
cardano,1788497400000,0.22426073570001284
chainlink,1788497400000,11.936235739792624
ethereum,1788497400000,2509.742555430379
hyperliquid,1788497400000,86.62089529614406
monero,1788497400000,503.7331318995767
ripple,1788497400000,1.4500752828919234
solana,1788497400000,103.88347440844545
tron,1788497400000,0.3291260268214658
zcash,1788497400000,950.1038325073562
binancecoin,1788497700000,726.003246380841
bitcoin,1788497700000,81064.26979202655
bitcoin-cash,1788497700000,256.13871425903096
cardano,1788497700000,0.2238414274949144
chainlink,1788497700000,11.933548247613732
ethereum,1788497700000,2508.5540529922328
hyperliquid,1788497700000,86.53586962921194
monero,1788497700000,502.41023477575897
ripple,1788497700000,1.4511142804566426
solana,1788497700000,103.91472368551179
tron,1788497700000,0.32912278273399226
zcash,1788497700000,949.2214881712042
binancecoin,1788498000000,725.8797018162408
bitcoin,1788498000000,81055.85296434356
bitcoin-cash,1788498000000,256.11337038094433
cardano,1788498000000,0.2230917623777165
chainlink,1788498000000,11.922224531655198
ethereum,1788498000000,2508.6225191626513
hyperliquid,1788498000000,86.41946024073704
monero,1788498000000,502.2370428320606
ripple,1788498000000,1.4499578503966806
solana,1788498000000,103.86750300540466
tron,1788498000000,0.32906980433254185
zcash,1788498000000,947.2844300190102
binancecoin,1788498300000,725.8292003516779
bitcoin,1788498300000,80998.42653050681
bitcoin-cash,1788498300000,255.93853736946863
cardano,1788498300000,0.22274645742381122
chainlink,1788498300000,11.90377062493346
ethereum,1788498300000,2507.8176019763123
hyperliquid,1788498300000,86.45101052116335
monero,1788498300000,501.06833710318017
ripple,1788498300000,1.448228628893919
solana,1788498300000,103.78193983187444
tron,1788498300000,0.3290306691729545
zcash,1788498300000,948.0968288513828
binancecoin,1788498600000,725.8462421513228
bitcoin,1788498600000,81042.59694674799
bitcoin-cash,1788498600000,256.1363906182628
cardano,1788498600000,0.22278786185205848
chainlink,1788498600000,11.940932220530373
ethereum,1788498600000,2511.490120783526
hyperliquid,1788498600000,86.45299952401228
monero,1788498600000,503.25344377739515
ripple,1788498600000,1.4494912065884757
solana,1788498600000,103.83899049186017
tron,1788498600000,0.3290254213147196
zcash,1788498600000,951.4470505047393
binancecoin,1788498900000,724.8753461373863
bitcoin,1788498900000,80978.13145473183
bitcoin-cash,1788498900000,255.94568031772252
cardano,1788498900000,0.222404607920232
chainlink,1788498900000,11.926957429738946
ethereum,1788498900000,2511.3465158102363
hyperliquid,1788498900000,86.37416211339456
monero,1788498900000,501.1777391010346
ripple,1788498900000,1.4478524997437379
solana,1788498900000,103.78640877716977
tron,1788498900000,0.3290392857774236
zcash,1788498900000,951.1205550559224
binancecoin,1788499200000,725.3715436213727
bitcoin,1788499200000,81084.85100381247
bitcoin-cash,1788499200000,256.20103018322163
cardano,1788499200000,0.22283279260029804
chainlink,1788499200000,11.940117803048443
ethereum,1788499200000,2514.199068603612
hyperliquid,1788499200000,86.59553866126339
monero,1788499200000,504.22596572636485
ripple,1788499200000,1.4506988799999219
solana,1788499200000,103.9282578421411
tron,1788499200000,0.3289152013413823
zcash,1788499200000,954.647843106585
binancecoin,1788499500000,724.9418689723929
bitcoin,1788499500000,81099.4555860703
bitcoin-cash,1788499500000,256.1199183214742
cardano,1788499500000,0.22254533567129556
chainlink,1788499500000,11.948494601768965
ethereum,1788499500000,2515.021697077086
hyperliquid,1788499500000,86.48223455587681
monero,1788499500000,503.1368190520772
ripple,1788499500000,1.4523141410259457
solana,1788499500000,103.99989343707291
tron,1788499500000,0.3288716282493843
zcash,1788499500000,957.0690995785976
binancecoin,1788499800000,724.3980377841549
bitcoin,1788499800000,81033.64186807653
bitcoin-cash,1788499800000,255.7208151433807
cardano,1788499800000,0.2218935424642834
chainlink,1788499800000,11.901361586203096
ethereum,1788499800000,2511.262216087847
hyperliquid,1788499800000,86.2502176979773
monero,1788499800000,502.0318667704035
ripple,1788499800000,1.4484818683877354
solana,1788499800000,103.75467924737461
tron,1788499800000,0.3288119963223241
zcash,1788499800000,954.2855819797871
binancecoin,1788500100000,723.9183232516023
bitcoin,1788500100000,80978.70164755624
bitcoin-cash,1788500100000,255.51730229748668
cardano,1788500100000,0.22190548014003203
chainlink,1788500100000,11.897356605786701
ethereum,1788500100000,2510.6679687436294
hyperliquid,1788500100000,86.13422260309062
monero,1788500100000,501.57113781604454
ripple,1788500100000,1.4476886029151603
solana,1788500100000,103.6623809091188
tron,1788500100000,0.3288279940459785
zcash,1788500100000,956.2645223766821
binancecoin,1788500400000,723.7178510596743
bitcoin,1788500400000,80924.750110818
bitcoin-cash,1788500400000,255.15758537444364
cardano,1788500400000,0.22144707212024267
chainlink,1788500400000,11.888821745570077
ethereum,1788500400000,2508.889646506108
hyperliquid,1788500400000,86.00518827394656
monero,1788500400000,502.12409446923664
ripple,1788500400000,1.4452872217807606
solana,1788500400000,103.63889440068763
tron,1788500400000,0.32870765141096
zcash,1788500400000,954.0261744890681
binancecoin,1788500700000,724.2610170585921
bitcoin,1788500700000,80969.99933475589
bitcoin-cash,1788500700000,255.41229568508615
cardano,1788500700000,0.22159202175712484
chainlink,1788500700000,11.905848806697009
ethereum,1788500700000,2511.587777351063
hyperliquid,1788500700000,86.04864907167877
monero,1788500700000,502.89767458702994
ripple,1788500700000,1.4497060504559864
solana,1788500700000,103.79673398487778
tron,1788500700000,0.3286607238899856
zcash,1788500700000,957.2243202149735
binancecoin,1788501000000,723.5850595316789
bitcoin,1788501000000,80910.53446337623
bitcoin-cash,1788501000000,254.8377156980108
cardano,1788501000000,0.22098738321688774
chainlink,1788501000000,11.864024289591958
ethereum,1788501000000,2508.769591310519
hyperliquid,1788501000000,85.96478303483929
monero,1788501000000,501.9539062111671
ripple,1788501000000,1.444454820612828
solana,1788501000000,103.61836652274417
tron,1788501000000,0.328622335214625
zcash,1788501000000,954.9629825535736
binancecoin,1788501300000,723.2504267775545
bitcoin,1788501300000,80859.17039249506
bitcoin-cash,1788501300000,254.28233730142173
cardano,1788501300000,0.22041027437501534
chainlink,1788501300000,11.841162412559905
ethereum,1788501300000,2504.7680016661598
hyperliquid,1788501300000,85.74753922909656
monero,1788501300000,502.1387460630001
ripple,1788501300000,1.4432633345036152
solana,1788501300000,103.46703148333457
tron,1788501300000,0.3287181921835617
zcash,1788501300000,953.0473754473898
binancecoin,1788501600000,724.6818758234182
bitcoin,1788501600000,80982.60774336972
bitcoin-cash,1788501600000,255.02597787244537
cardano,1788501600000,0.2211566529755694
chainlink,1788501600000,11.883134054700099
ethereum,1788501600000,2508.748383552483
hyperliquid,1788501600000,86.15419187745356
monero,1788501600000,502.8095512318053
ripple,1788501600000,1.4469841588874695
solana,1788501600000,103.69194579150488
tron,1788501600000,0.3287060686361257
zcash,1788501600000,956.7384214903054
binancecoin,1788501900000,724.0039870276346
bitcoin,1788501900000,80930.01670777332
bitcoin-cash,1788501900000,254.8456842590244
cardano,1788501900000,0.2208487781297982
chainlink,1788501900000,11.873742924773477
ethereum,1788501900000,2507.9157066364987
hyperliquid,1788501900000,85.86498295606434
monero,1788501900000,504.47967333923754
ripple,1788501900000,1.4467160786297464
solana,1788501900000,103.7496895186438
tron,1788501900000,0.32862045327653816
zcash,1788501900000,954.9784744480498
binancecoin,1788502200000,724.6484127607707
bitcoin,1788502200000,81002.24113924244
bitcoin-cash,1788502200000,255.16286582505722
cardano,1788502200000,0.22200121814107907
chainlink,1788502200000,11.897103589373796
ethereum,1788502200000,2509.7405791173987
hyperliquid,1788502200000,85.90643056504506
monero,1788502200000,506.9185944584667
ripple,1788502200000,1.4494189157264403
solana,1788502200000,103.84757728643694
tron,1788502200000,0.3286321054420585
zcash,1788502200000,955.5668833361174
binancecoin,1788502500000,724.205944157779
bitcoin,1788502500000,81015.44500188138
bitcoin-cash,1788502500000,255.31482274587185
cardano,1788502500000,0.22177280322841816
chainlink,1788502500000,11.905469126630742
ethereum,1788502500000,2514.338733691601
hyperliquid,1788502500000,85.91012817480974
monero,1788502500000,507.39653534967033
ripple,1788502500000,1.4509078020431172
solana,1788502500000,103.89564764521874
tron,1788502500000,0.32867142955208983
zcash,1788502500000,956.019967132379
binancecoin,1788502800000,723.5061582471302
bitcoin,1788502800000,80974.60858932474
bitcoin-cash,1788502800000,255.05564413986107
cardano,1788502800000,0.2215381445370941
chainlink,1788502800000,11.87716811676347
ethereum,1788502800000,2512.30043183174
hyperliquid,1788502800000,85.88481362958426
monero,1788502800000,508.13627261252947
ripple,1788502800000,1.4486526404636584
solana,1788502800000,103.84411190932109
tron,1788502800000,0.32854020145000423
zcash,1788502800000,955.4505732706889
binancecoin,1788503100000,722.3868747203423
bitcoin,1788503100000,80854.05216248316
bitcoin-cash,1788503100000,254.6069578947101
cardano,1788503100000,0.22115195820574723
chainlink,1788503100000,11.849322221690981
ethereum,1788503100000,2509.072401509556
hyperliquid,1788503100000,85.78322396132366
monero,1788503100000,511.0592509415719
ripple,1788503100000,1.4452473987790382
solana,1788503100000,103.61760047701024
tron,1788503100000,0.32842763053120677
zcash,1788503100000,951.757503204244
binancecoin,1788503400000,721.1756697651134
bitcoin,1788503400000,80718.14734322831
bitcoin-cash,1788503400000,254.33813691504616
cardano,1788503400000,0.22064275401509298
chainlink,1788503400000,11.834312814597817
ethereum,1788503400000,2505.035431956606
hyperliquid,1788503400000,85.688904481801
monero,1788503400000,510.7868468294222
ripple,1788503400000,1.4417646789609697
solana,1788503400000,103.41501934111601
tron,1788503400000,0.32836939530681725
zcash,1788503400000,950.2997854082852
binancecoin,1788503700000,720.6784611297212
bitcoin,1788503700000,80699.57603923956
bitcoin-cash,1788503700000,254.53882048001844
cardano,1788503700000,0.22078002655003273
chainlink,1788503700000,11.839274674604647
ethereum,1788503700000,2504.7530530557824
hyperliquid,1788503700000,85.76524761074491
monero,1788503700000,515.8956277611959
ripple,1788503700000,1.442987428350025
solana,1788503700000,103.50883047477089
tron,1788503700000,0.3281797097018322
zcash,1788503700000,950.8562687872887
binancecoin,1788504000000,720.9852555045253
bitcoin,1788504000000,80721.58776282163
bitcoin-cash,1788504000000,254.8646646687926
cardano,1788504000000,0.22085749277177252
chainlink,1788504000000,11.85636802806282
ethereum,1788504000000,2505.4705138943687
hyperliquid,1788504000000,85.96596911020823
monero,1788504000000,516.3392530304416
ripple,1788504000000,1.4440680851214738
solana,1788504000000,103.57432287137364
tron,1788504000000,0.32808579142722155
zcash,1788504000000,952.1800483098046
binancecoin,1788504300000,721.2850947305265
bitcoin,1788504300000,80823.73583994187
bitcoin-cash,1788504300000,255.27632666085276
cardano,1788504300000,0.22140203572091424
chainlink,1788504300000,11.876166199999375
ethereum,1788504300000,2507.9653492172415
hyperliquid,1788504300000,86.09351372128215
monero,1788504300000,521.6550943863721
ripple,1788504300000,1.4461865854830724
solana,1788504300000,103.65856239606813
tron,1788504300000,0.32807609102724905
zcash,1788504300000,954.5795147195711
binancecoin,1788504600000,720.429358249243
bitcoin,1788504600000,80757.20172362057
bitcoin-cash,1788504600000,255.21858081276736
cardano,1788504600000,0.22128589374259008
chainlink,1788504600000,11.866726757967283
ethereum,1788504600000,2505.681600308395
hyperliquid,1788504600000,85.92950117788853
monero,1788504600000,527.7235424015412
ripple,1788504600000,1.445031187800168
solana,1788504600000,103.58629747404262
tron,1788504600000,0.32811243158266906
zcash,1788504600000,959.1063036426987
binancecoin,1788504900000,720.49460928404
bitcoin,1788504900000,80754.61017058152
bitcoin-cash,1788504900000,255.1809531041511
cardano,1788504900000,0.22124040093535827
chainlink,1788504900000,11.866345894746802
ethereum,1788504900000,2506.28580613922
hyperliquid,1788504900000,85.98120752793378
monero,1788504900000,533.8429936689922
ripple,1788504900000,1.4452158088509575
solana,1788504900000,103.57115484066625
tron,1788504900000,0.32801824761120923
zcash,1788504900000,956.9912648793871
binancecoin,1788505200000,720.1356550985282
bitcoin,1788505200000,80775.9080604573
bitcoin-cash,1788505200000,255.14087765015475
cardano,1788505200000,0.22105770121697726
chainlink,1788505200000,11.87497333016709
ethereum,1788505200000,2507.3610645117624
hyperliquid,1788505200000,85.98221649018491
monero,1788505200000,531.1871194166056
ripple,1788505200000,1.4459385011662214
solana,1788505200000,103.59156486744321
tron,1788505200000,0.32816371787711274
zcash,1788505200000,957.8713416151157
binancecoin,1788505500000,720.823260089506
bitcoin,1788505500000,80862.20112278263
bitcoin-cash,1788505500000,255.93074223327685
cardano,1788505500000,0.22176055236047723
chainlink,1788505500000,11.919515565970496
ethereum,1788505500000,2511.8675699508285
hyperliquid,1788505500000,86.10122669751385
monero,1788505500000,520.0705315923981
ripple,1788505500000,1.4486826084391555
solana,1788505500000,103.79293296622124
tron,1788505500000,0.3283260731902098
zcash,1788505500000,964.2949613743334
binancecoin,1788505800000,721.2272375583311
bitcoin,1788505800000,80900.55589237902
bitcoin-cash,1788505800000,256.99854300596536
cardano,1788505800000,0.22210624348678698
chainlink,1788505800000,11.956182148994825
ethereum,1788505800000,2514.104139280466
hyperliquid,1788505800000,86.24539930117969
monero,1788505800000,531.9397498693206
ripple,1788505800000,1.450548234944879
solana,1788505800000,103.96050056806
tron,1788505800000,0.32831518180309394
zcash,1788505800000,970.585204888365
binancecoin,1788506100000,721.814402680978
bitcoin,1788506100000,80922.42910616969
bitcoin-cash,1788506100000,257.9140579641635
cardano,1788506100000,0.2221054369034753
chainlink,1788506100000,11.955836171763385
ethereum,1788506100000,2514.8657942879254
hyperliquid,1788506100000,86.15291466621082
monero,1788506100000,532.6267785688301
ripple,1788506100000,1.4515261776321606
solana,1788506100000,103.95392598412428
tron,1788506100000,0.32819029055643834
zcash,1788506100000,969.5806240331477
binancecoin,1788506400000,721.4944403756514
bitcoin,1788506400000,80896.65090217305
bitcoin-cash,1788506400000,257.5954440309022
cardano,1788506400000,0.22208649174116926
chainlink,1788506400000,11.957712578360773
ethereum,1788506400000,2513.8779362731216
hyperliquid,1788506400000,85.9643695162048
monero,1788506400000,534.2407042032694
ripple,1788506400000,1.4491903328033362
solana,1788506400000,103.862418268424
tron,1788506400000,0.32807147580276036
zcash,1788506400000,974.4287829390563
binancecoin,1788506700000,721.1760760747296
bitcoin,1788506700000,80843.05613099052
bitcoin-cash,1788506700000,257.76263631402065
cardano,1788506700000,0.22195314339395614
chainlink,1788506700000,11.94613871169705
ethereum,1788506700000,2510.434451086009
hyperliquid,1788506700000,85.87365705077355
monero,1788506700000,531.3760101988148
ripple,1788506700000,1.4474348187635762
solana,1788506700000,103.75139809351204
tron,1788506700000,0.327978249471925
zcash,1788506700000,974.4878625455389
binancecoin,1788507000000,720.652830265843
bitcoin,1788507000000,80848.31197242084
bitcoin-cash,1788507000000,257.7617680357108
cardano,1788507000000,0.22173839982682947
chainlink,1788507000000,11.95371329554354
ethereum,1788507000000,2510.9943091100695
hyperliquid,1788507000000,86.22956153723808
monero,1788507000000,533.832598583918
ripple,1788507000000,1.4473028133002785
solana,1788507000000,103.78075291093576
tron,1788507000000,0.327912039552699
zcash,1788507000000,972.9415194419445
binancecoin,1788507300000,718.0593804615972
bitcoin,1788507300000,80835.30807040555
bitcoin-cash,1788507300000,257.1556575919385
cardano,1788507300000,0.2221266067394962
chainlink,1788507300000,11.951810717078153
ethereum,1788507300000,2509.4654450295407
hyperliquid,1788507300000,86.23174659200951
monero,1788507300000,535.6781549057054
ripple,1788507300000,1.44683609592144
solana,1788507300000,103.79335086009415
tron,1788507300000,0.32792756741630846
zcash,1788507300000,974.3381511040403
binancecoin,1788507600000,716.2633233348183
bitcoin,1788507600000,80749.67594586428
bitcoin-cash,1788507600000,256.7102279587786
cardano,1788507600000,0.22125045526427914
chainlink,1788507600000,11.912663927288806
ethereum,1788507600000,2505.690868581493
hyperliquid,1788507600000,86.18326412231379
monero,1788507600000,533.6797784979267
ripple,1788507600000,1.4437585655047402
solana,1788507600000,103.5842373394691
tron,1788507600000,0.3281189110921485
zcash,1788507600000,966.1700111603578
binancecoin,1788507900000,715.9522431370589
bitcoin,1788507900000,80756.85810785668
bitcoin-cash,1788507900000,257.0361112171646
cardano,1788507900000,0.2215860503802716
chainlink,1788507900000,11.937921097706303
ethereum,1788507900000,2506.5867185557245
hyperliquid,1788507900000,86.45971583652916
monero,1788507900000,538.1292765641394
ripple,1788507900000,1.4475928385096308
solana,1788507900000,103.71618543075417
tron,1788507900000,0.32813911082226704
zcash,1788507900000,969.9624567109286
binancecoin,1788508200000,715.311607411688
bitcoin,1788508200000,80724.85923189766
bitcoin-cash,1788508200000,257.07496756413724
cardano,1788508200000,0.2212990551981992
chainlink,1788508200000,11.945572454890005
ethereum,1788508200000,2506.7305914653803
hyperliquid,1788508200000,86.50389108426933
monero,1788508200000,536.9822118806078
ripple,1788508200000,1.4467057880432597
solana,1788508200000,103.72273395115306
tron,1788508200000,0.32803970000842514
zcash,1788508200000,971.3190907876241
binancecoin,1788508500000,714.1666590970198
bitcoin,1788508500000,80685.66244671996
bitcoin-cash,1788508500000,256.56908004541776
cardano,1788508500000,0.22097669086185012
chainlink,1788508500000,11.92641536696774
ethereum,1788508500000,2504.3976213510223
hyperliquid,1788508500000,86.48093537413375
monero,1788508500000,533.7402019634462
ripple,1788508500000,1.443559225011288
solana,1788508500000,103.61439209575713
tron,1788508500000,0.32792685962148665
zcash,1788508500000,969.6367666580703
binancecoin,1788508800000,714.2697090918724
bitcoin,1788508800000,80638.3779699146
bitcoin-cash,1788508800000,256.5650603441585
cardano,1788508800000,0.2201180630804477
chainlink,1788508800000,11.926610011325975
ethereum,1788508800000,2503.898140757193
hyperliquid,1788508800000,86.27440508286837
monero,1788508800000,540.2983646762779
ripple,1788508800000,1.4436428875768377
solana,1788508800000,103.57402036374283
tron,1788508800000,0.3279451411682341
zcash,1788508800000,968.0322640768933
binancecoin,1788509100000,714.1709466333721
bitcoin,1788509100000,80619.07249825244
bitcoin-cash,1788509100000,256.3515957555139
cardano,1788509100000,0.2205680431019041
chainlink,1788509100000,11.916243692211765
ethereum,1788509100000,2504.9392474684164
hyperliquid,1788509100000,85.87760535282447
monero,1788509100000,539.0950496965814
ripple,1788509100000,1.441794847619629
solana,1788509100000,103.50326192427136
tron,1788509100000,0.3277996718323287
zcash,1788509100000,970.7172379964477
binancecoin,1788509400000,715.8763691480182
bitcoin,1788509400000,80692.89664184481
bitcoin-cash,1788509400000,256.6359431149037
cardano,1788509400000,0.22110048291015993
chainlink,1788509400000,11.925287713944952
ethereum,1788509400000,2508.7806412119894
hyperliquid,1788509400000,86.12752295263121
monero,1788509400000,539.9781362428633
ripple,1788509400000,1.444436906742616
solana,1788509400000,103.53231048600249
tron,1788509400000,0.3279132076447341
zcash,1788509400000,970.4288700900408
binancecoin,1788509700000,716.1230428931223
bitcoin,1788509700000,80747.99536950854
bitcoin-cash,1788509700000,256.8711696777919
cardano,1788509700000,0.22123337525668832
chainlink,1788509700000,11.923293942041374
ethereum,1788509700000,2511.944514739377
hyperliquid,1788509700000,86.0438617334939
monero,1788509700000,540.1587050437987
ripple,1788509700000,1.444289709782372
solana,1788509700000,103.69936933107388
tron,1788509700000,0.3278437656382859
zcash,1788509700000,969.9955988955256
binancecoin,1788510000000,716.6707888912738
bitcoin,1788510000000,80845.89246863998
bitcoin-cash,1788510000000,257.22208393357255
cardano,1788510000000,0.22162821034472033
chainlink,1788510000000,11.955495739680783
ethereum,1788510000000,2514.5506420703437
hyperliquid,1788510000000,85.9850464425083
monero,1788510000000,542.6398907167912
ripple,1788510000000,1.4467542208561133
solana,1788510000000,103.84380828507852
tron,1788510000000,0.327820830185693
zcash,1788510000000,968.1739205112361
binancecoin,1788510300000,717.3856910466554
bitcoin,1788510300000,80887.46880515265
bitcoin-cash,1788510300000,257.5479334577892
cardano,1788510300000,0.22123829190517533
chainlink,1788510300000,11.957000041525871
ethereum,1788510300000,2514.140328584883
hyperliquid,1788510300000,86.05473079526135
monero,1788510300000,542.2934839937477
ripple,1788510300000,1.4474296762039227
solana,1788510300000,103.81980771384931
tron,1788510300000,0.3278246883510191
zcash,1788510300000,966.7670949523223
binancecoin,1788510600000,717.8596514683535
bitcoin,1788510600000,80968.84110109904
bitcoin-cash,1788510600000,257.9423682680723
cardano,1788510600000,0.22117684215233868
chainlink,1788510600000,11.991200488424438
ethereum,1788510600000,2516.0390530089403
hyperliquid,1788510600000,86.00221456764788
monero,1788510600000,547.1091863676006
ripple,1788510600000,1.4490347791487592
solana,1788510600000,103.90011401918316
tron,1788510600000,0.3279032092649634
zcash,1788510600000,967.5221457223029
binancecoin,1788510900000,717.8604152996592
bitcoin,1788510900000,81084.81003058076
bitcoin-cash,1788510900000,257.6523384265839
cardano,1788510900000,0.22097827933689723
chainlink,1788510900000,11.981887463330617
ethereum,1788510900000,2518.206300865485
hyperliquid,1788510900000,86.00300873305305
monero,1788510900000,542.8918428502703
ripple,1788510900000,1.4504066071693813
solana,1788510900000,103.94279401472502
tron,1788510900000,0.3280111071361831
zcash,1788510900000,968.7818565673834
binancecoin,1788511200000,717.3173896771535
bitcoin,1788511200000,81091.03004590583
bitcoin-cash,1788511200000,257.5087373574648
cardano,1788511200000,0.2207950561076838
chainlink,1788511200000,11.96073968017009
ethereum,1788511200000,2519.3913977785965
hyperliquid,1788511200000,86.08164162301306
monero,1788511200000,542.2169133474367
ripple,1788511200000,1.4493777439040383
solana,1788511200000,103.85932166722034
tron,1788511200000,0.3280308911016511
zcash,1788511200000,969.2159217920399
binancecoin,1788511500000,716.9637514247721
bitcoin,1788511500000,81046.66824919039
bitcoin-cash,1788511500000,257.62305720935575
cardano,1788511500000,0.2209042852141074
chainlink,1788511500000,11.96639462064958
ethereum,1788511500000,2518.984664996364
hyperliquid,1788511500000,86.06426047686432
monero,1788511500000,542.0802639048131
ripple,1788511500000,1.4489444681317103
solana,1788511500000,103.81122417354172
tron,1788511500000,0.3278945349621229
zcash,1788511500000,972.29659479083
binancecoin,1788511800000,717.3444196880366
bitcoin,1788511800000,81118.19368203588
bitcoin-cash,1788511800000,257.9580193228573
cardano,1788511800000,0.2214449762316408
chainlink,1788511800000,11.994616235176618
ethereum,1788511800000,2524.646976170636
hyperliquid,1788511800000,86.24618345744247
monero,1788511800000,546.5732366113838
ripple,1788511800000,1.4524617902997539
solana,1788511800000,104.08828472071309
tron,1788511800000,0.32805266264534916
zcash,1788511800000,982.4735436066853
binancecoin,1788512100000,718.8999298124767
bitcoin,1788512100000,81196.78278401293
bitcoin-cash,1788512100000,259.1760217442906
cardano,1788512100000,0.22235180514566358
chainlink,1788512100000,12.049640410014932
ethereum,1788512100000,2528.2611387644483
hyperliquid,1788512100000,86.72865659577205
monero,1788512100000,548.6591399037977
ripple,1788512100000,1.455875378451384
solana,1788512100000,104.42840662665111
tron,1788512100000,0.3281527457675809
zcash,1788512100000,1018.2626518653409
binancecoin,1788512400000,718.8207615022169
bitcoin,1788512400000,81129.17782120455
bitcoin-cash,1788512400000,259.370071629301
cardano,1788512400000,0.22281918518567054
chainlink,1788512400000,12.07380616573317
ethereum,1788512400000,2526.0965187419247
hyperliquid,1788512400000,86.8410106971982
monero,1788512400000,550.7172440317714
ripple,1788512400000,1.4565278606643113
solana,1788512400000,104.33797668682047
tron,1788512400000,0.3284630216064578
zcash,1788512400000,1021.9917039247673
binancecoin,1788512700000,719.1591837581203
bitcoin,1788512700000,81154.79078938671
bitcoin-cash,1788512700000,259.3917730401999
cardano,1788512700000,0.22340566286204597
chainlink,1788512700000,12.088536082408144
ethereum,1788512700000,2529.6668480350518
hyperliquid,1788512700000,86.69069356645299
monero,1788512700000,548.5261246735656
ripple,1788512700000,1.4561284050078815
solana,1788512700000,104.42893293250431
tron,1788512700000,0.3286657691661858
zcash,1788512700000,1010.9462160685183
binancecoin,1788513000000,719.1961551358564
bitcoin,1788513000000,81106.68455981665
bitcoin-cash,1788513000000,259.95156554464796
cardano,1788513000000,0.22367301514805674
chainlink,1788513000000,12.086248269006065
ethereum,1788513000000,2527.9331414234875
hyperliquid,1788513000000,86.6684618222637
monero,1788513000000,547.7385107537763
ripple,1788513000000,1.454921638352001
solana,1788513000000,104.27387949417053
tron,1788513000000,0.32873424940293977
zcash,1788513000000,1015.1911651076425
binancecoin,1788513300000,719.4408412372103
bitcoin,1788513300000,81088.30159569083
bitcoin-cash,1788513300000,260.5196806791025
cardano,1788513300000,0.22347085490812862
chainlink,1788513300000,12.087083087097845
ethereum,1788513300000,2530.2380840130027
hyperliquid,1788513300000,86.7349185793547
monero,1788513300000,549.4977827918744
ripple,1788513300000,1.4553802220452454
solana,1788513300000,104.22051925727817
tron,1788513300000,0.32838625987818165
zcash,1788513300000,1008.9020602937784
binancecoin,1788513600000,720.06533264359
bitcoin,1788513600000,81192.72146747676
bitcoin-cash,1788513600000,260.87968257700516
cardano,1788513600000,0.22406253442494123
chainlink,1788513600000,12.124111710195713
ethereum,1788513600000,2539.3667195541025
hyperliquid,1788513600000,86.88230064358619
monero,1788513600000,547.4662592597042
ripple,1788513600000,1.4587702771624966
solana,1788513600000,104.57859655876821
tron,1788513600000,0.32841292611131057
zcash,1788513600000,1012.1001989246993
binancecoin,1788513900000,717.7820385533066
bitcoin,1788513900000,80974.65219033699
bitcoin-cash,1788513900000,259.1971881588678
cardano,1788513900000,0.2228254976219674
chainlink,1788513900000,12.026857342349556
ethereum,1788513900000,2523.077133599393
hyperliquid,1788513900000,86.59523622017416
monero,1788513900000,545.6847780453412
ripple,1788513900000,1.4506809517063517
solana,1788513900000,104.06949380169296
tron,1788513900000,0.32821398000821017
zcash,1788513900000,1003.250996951156
binancecoin,1788514200000,717.976099029079
bitcoin,1788514200000,81019.21623363147
bitcoin-cash,1788514200000,259.04642661436765
cardano,1788514200000,0.22257660913749794
chainlink,1788514200000,12.016684122561804
ethereum,1788514200000,2522.0807380977844
hyperliquid,1788514200000,86.52930047812373
monero,1788514200000,546.9544178201115
ripple,1788514200000,1.4514591022042358
solana,1788514200000,104.10736005512571
tron,1788514200000,0.3280594016977893
zcash,1788514200000,1004.3712688349448
binancecoin,1788514500000,718.5713594768795
bitcoin,1788514500000,81066.3234753498
bitcoin-cash,1788514500000,259.53140450338054
cardano,1788514500000,0.22314888886271922
chainlink,1788514500000,12.078157123727037
ethereum,1788514500000,2526.35720148291
hyperliquid,1788514500000,86.74228518448683
monero,1788514500000,547.3191415797869
ripple,1788514500000,1.4545435285468864
solana,1788514500000,104.2711000958918
tron,1788514500000,0.3280794594496777
zcash,1788514500000,1004.0419188746932
binancecoin,1788514800000,719.2902123127255
bitcoin,1788514800000,81154.43482616104
bitcoin-cash,1788514800000,260.15293610327205
cardano,1788514800000,0.2233932032620787
chainlink,1788514800000,12.090725340542953
ethereum,1788514800000,2529.801808233851
hyperliquid,1788514800000,86.84008788182157
monero,1788514800000,551.0337701814831
ripple,1788514800000,1.455510328242733
solana,1788514800000,104.47444906081145
tron,1788514800000,0.32813222500059575
zcash,1788514800000,1000.419296258495
binancecoin,1788515100000,718.9652847433078
bitcoin,1788515100000,81159.00841393477
bitcoin-cash,1788515100000,260.3650891105034
cardano,1788515100000,0.22320605564356938
chainlink,1788515100000,12.075149989798238
ethereum,1788515100000,2529.38467310115
hyperliquid,1788515100000,86.82576816801046
monero,1788515100000,551.7019691230807
ripple,1788515100000,1.4531453677325257
solana,1788515100000,104.36046610555046
tron,1788515100000,0.3281266498133972
zcash,1788515100000,1002.1273249281618
binancecoin,1788515400000,718.8183740812692
bitcoin,1788515400000,81095.67557488885
bitcoin-cash,1788515400000,259.8704407702493
cardano,1788515400000,0.22225472977127358
chainlink,1788515400000,12.051376656792332
ethereum,1788515400000,2524.1642424269508
hyperliquid,1788515400000,86.56225786463389
monero,1788515400000,553.5977970853177
ripple,1788515400000,1.4512728410852458
solana,1788515400000,104.20645505911837
tron,1788515400000,0.32781334571651305
zcash,1788515400000,1002.7742419615305
binancecoin,1788515700000,719.0588746971378
bitcoin,1788515700000,81087.76183625651
bitcoin-cash,1788515700000,260.03565038941673
cardano,1788515700000,0.22140807033917168
chainlink,1788515700000,12.074067734584634
ethereum,1788515700000,2523.453075950233
hyperliquid,1788515700000,86.68011324001766
monero,1788515700000,562.3348568337882
ripple,1788515700000,1.452287150280243
solana,1788515700000,104.2434908911918
tron,1788515700000,0.32794339872046957
zcash,1788515700000,1004.9358977918995
binancecoin,1788516000000,718.6373918738404
bitcoin,1788516000000,81049.94245952881
bitcoin-cash,1788516000000,259.9269191863628
cardano,1788516000000,0.22108598096208193
chainlink,1788516000000,12.043877168533161
ethereum,1788516000000,2521.169697336325
hyperliquid,1788516000000,86.88306998855633
monero,1788516000000,562.6597670245774
ripple,1788516000000,1.4522283017674944
solana,1788516000000,104.05700165671402
tron,1788516000000,0.3279232026315066
zcash,1788516000000,1003.6051389314574
binancecoin,1788516300000,718.5086902329309
bitcoin,1788516300000,81087.76932662717
bitcoin-cash,1788516300000,260.0244336070521
cardano,1788516300000,0.22114764390441918
chainlink,1788516300000,12.019738930039859
ethereum,1788516300000,2523.893526369235
hyperliquid,1788516300000,87.2192168756827
monero,1788516300000,564.9899178650336
ripple,1788516300000,1.4522659462320406
solana,1788516300000,104.05811995296294
tron,1788516300000,0.3279903061676899
zcash,1788516300000,999.432270853757
binancecoin,1788516600000,717.2526714144492
bitcoin,1788516600000,80920.40955099954
bitcoin-cash,1788516600000,259.0105885569191
cardano,1788516600000,0.21917189490603572
chainlink,1788516600000,11.970298095403804
ethereum,1788516600000,2518.6190477311734
hyperliquid,1788516600000,87.03312336791842
monero,1788516600000,558.7435306641208
ripple,1788516600000,1.4465465170140943
solana,1788516600000,103.76772685362286
tron,1788516600000,0.32787434902822316
zcash,1788516600000,997.9130418286503
binancecoin,1788516900000,716.8526567872315
bitcoin,1788516900000,80951.1644720671
bitcoin-cash,1788516900000,258.6320188834867
cardano,1788516900000,0.21980072744091494
chainlink,1788516900000,11.977092962259047
ethereum,1788516900000,2519.6216835671494
hyperliquid,1788516900000,86.57892431102721
monero,1788516900000,553.741499745451
ripple,1788516900000,1.4470431080145632
solana,1788516900000,103.81055939936016
tron,1788516900000,0.32783925121043456
zcash,1788516900000,997.910265032981
binancecoin,1788517200000,716.7525940292112
bitcoin,1788517200000,80853.49494230602
bitcoin-cash,1788517200000,257.97023753566833
cardano,1788517200000,0.219452269527485
chainlink,1788517200000,11.954995192863338
ethereum,1788517200000,2517.059142373912
hyperliquid,1788517200000,86.6370900510718
monero,1788517200000,553.9186666172094
ripple,1788517200000,1.4451796532234726
solana,1788517200000,103.61716308045978
tron,1788517200000,0.3278684601935621
zcash,1788517200000,992.913831251846
binancecoin,1788517500000,717.6949295611175
bitcoin,1788517500000,80840.25251872354
bitcoin-cash,1788517500000,257.733668392881
cardano,1788517500000,0.2193999652725115
chainlink,1788517500000,11.948272623990395
ethereum,1788517500000,2516.4465481213624
hyperliquid,1788517500000,86.8097198898911
monero,1788517500000,556.7544944483919
ripple,1788517500000,1.4446855249315294
solana,1788517500000,103.62970892753147
tron,1788517500000,0.3278554423332561
zcash,1788517500000,993.7376918633948
binancecoin,1788517800000,719.192064100725
bitcoin,1788517800000,80934.79407189904
bitcoin-cash,1788517800000,258.1353285700784
cardano,1788517800000,0.22000796952401808
chainlink,1788517800000,11.966210898441577
ethereum,1788517800000,2520.6053042157987
hyperliquid,1788517800000,86.89218374451058
monero,1788517800000,557.4577658678478
ripple,1788517800000,1.4458752443831755
solana,1788517800000,103.84885677634134
tron,1788517800000,0.3279674730798568
zcash,1788517800000,994.5889909631384
binancecoin,1788518100000,719.6109417053194
bitcoin,1788518100000,80975.426674659
bitcoin-cash,1788518100000,258.5658697425894
cardano,1788518100000,0.22041979509576698
chainlink,1788518100000,11.986574514061997
ethereum,1788518100000,2522.955260641678
hyperliquid,1788518100000,86.71040406814635
monero,1788518100000,555.2450158257964
ripple,1788518100000,1.4462180226062389
solana,1788518100000,103.88515453912497
tron,1788518100000,0.32806537884502457
zcash,1788518100000,995.0098085616395
binancecoin,1788518400000,720.9275920475558
bitcoin,1788518400000,81071.91442741867
bitcoin-cash,1788518400000,259.57307520944175
cardano,1788518400000,0.2209644695939165
chainlink,1788518400000,12.02508586323669
ethereum,1788518400000,2526.5305793823045
hyperliquid,1788518400000,86.88123139358298
monero,1788518400000,553.3127519262418
ripple,1788518400000,1.4481657860531865
solana,1788518400000,104.01243487207827
tron,1788518400000,0.3281910684626082
zcash,1788518400000,999.8934698416418
binancecoin,1788518700000,721.1940447731156
bitcoin,1788518700000,81057.07245758746
bitcoin-cash,1788518700000,259.6858239852797
cardano,1788518700000,0.22076456875437356
chainlink,1788518700000,12.063867827491228
ethereum,1788518700000,2527.3448411106906
hyperliquid,1788518700000,86.73301839008411
monero,1788518700000,551.2090554004224
ripple,1788518700000,1.4467980566774217
solana,1788518700000,103.96783788193645
tron,1788518700000,0.328403580587984
zcash,1788518700000,1000.8230938946324
binancecoin,1788519000000,721.3109405152143
bitcoin,1788519000000,81073.532219473
bitcoin-cash,1788519000000,259.8442661745999
cardano,1788519000000,0.2207810362168849
chainlink,1788519000000,12.061627319376234
ethereum,1788519000000,2525.8239009348613
hyperliquid,1788519000000,87.02141628888711
monero,1788519000000,547.1993450011167
ripple,1788519000000,1.4473072732245709
solana,1788519000000,103.98598837868887
tron,1788519000000,0.3284422339442882
zcash,1788519000000,1001.3007293902386
binancecoin,1788519300000,721.3420967299755
bitcoin,1788519300000,81073.04014379502
bitcoin-cash,1788519300000,259.97605098713706
cardano,1788519300000,0.22084892441034484
chainlink,1788519300000,12.065667261902627
ethereum,1788519300000,2524.1966780054927
hyperliquid,1788519300000,87.0436102637275
monero,1788519300000,545.2390267967877
ripple,1788519300000,1.4478821415573546
solana,1788519300000,104.02179209909714
tron,1788519300000,0.32848353789470947
zcash,1788519300000,1001.6161121072129
binancecoin,1788519600000,722.3108765092703
bitcoin,1788519600000,81166.63283313578
bitcoin-cash,1788519600000,260.13448767074897
cardano,1788519600000,0.22096061670957162
chainlink,1788519600000,12.073979725347781
ethereum,1788519600000,2525.611160083241
hyperliquid,1788519600000,87.0112764015361
monero,1788519600000,548.5767043281688
ripple,1788519600000,1.4489458209938613
solana,1788519600000,104.09750745814806
tron,1788519600000,0.32846357373524093
zcash,1788519600000,1003.5805026131972
binancecoin,1788519900000,722.2720958241738
bitcoin,1788519900000,81096.6391263679
bitcoin-cash,1788519900000,259.8793866679025
cardano,1788519900000,0.22088206757751414
chainlink,1788519900000,12.04983058953951
ethereum,1788519900000,2521.5423278781595
hyperliquid,1788519900000,86.8920014431752
monero,1788519900000,548.8937628602097
ripple,1788519900000,1.4482537491467333
solana,1788519900000,104.04159695641206
tron,1788519900000,0.32838194954747324
zcash,1788519900000,998.6559995955554
binancecoin,1788520200000,723.0732489191354
bitcoin,1788520200000,81150.33950650424
bitcoin-cash,1788520200000,260.0304510494914
cardano,1788520200000,0.22092549596878255
chainlink,1788520200000,12.05430745686494
ethereum,1788520200000,2522.7548253141276
hyperliquid,1788520200000,86.93294455970575
monero,1788520200000,549.224512058282
ripple,1788520200000,1.4483784874796222
solana,1788520200000,104.06553709820002
tron,1788520200000,0.3284926638341509
zcash,1788520200000,1000.7821270295259
binancecoin,1788520500000,723.2912041086505
bitcoin,1788520500000,81176.45632034348
bitcoin-cash,1788520500000,260.07753358919507
cardano,1788520500000,0.22083094795980251
chainlink,1788520500000,12.034916937849028
ethereum,1788520500000,2522.535238048415
hyperliquid,1788520500000,86.89707809930675
monero,1788520500000,549.2894072175872
ripple,1788520500000,1.4473191604391824
solana,1788520500000,104.04124934281248
tron,1788520500000,0.3286664084682027
zcash,1788520500000,1001.5369226487517
binancecoin,1788520800000,723.47382191485
bitcoin,1788520800000,81171.73671927532
bitcoin-cash,1788520800000,259.63624410507896
cardano,1788520800000,0.22101479522188028
chainlink,1788520800000,12.03379820133832
ethereum,1788520800000,2522.6939638885447
hyperliquid,1788520800000,87.03253020147332
monero,1788520800000,549.8524789955587
ripple,1788520800000,1.4490125399215057
solana,1788520800000,104.0841200069982
tron,1788520800000,0.3289550544534064
zcash,1788520800000,1001.4160120900135
binancecoin,1788521100000,723.9549843510381
bitcoin,1788521100000,81266.14438776692
bitcoin-cash,1788521100000,259.9332784759397
cardano,1788521100000,0.2213284280632284
chainlink,1788521100000,12.047653580396952
ethereum,1788521100000,2524.666596325902
hyperliquid,1788521100000,86.92462559155526
monero,1788521100000,549.6117547215977
ripple,1788521100000,1.4506556505656798
solana,1788521100000,104.1650144679578
tron,1788521100000,0.3290054849708132
zcash,1788521100000,1003.7721010092826
binancecoin,1788521400000,724.3316727548518
bitcoin,1788521400000,81333.70985508345
bitcoin-cash,1788521400000,259.96020476221526
cardano,1788521400000,0.22166949727153462
chainlink,1788521400000,12.062525065183866
ethereum,1788521400000,2525.300346597136
hyperliquid,1788521400000,87.10105288257161
monero,1788521400000,548.731156828572
ripple,1788521400000,1.4526218144000445
solana,1788521400000,104.24802907743137
tron,1788521400000,0.32900520825041635
zcash,1788521400000,1004.2423267087986
binancecoin,1788521700000,724.1284709239271
bitcoin,1788521700000,81249.75681917125
bitcoin-cash,1788521700000,260.02493889288394
cardano,1788521700000,0.22163512853138576
chainlink,1788521700000,12.055834906298449
ethereum,1788521700000,2523.221589857464
hyperliquid,1788521700000,86.97155364669231
monero,1788521700000,547.6237154643735
ripple,1788521700000,1.4531351769408787
solana,1788521700000,104.25749807088862
tron,1788521700000,0.32898099234559963
zcash,1788521700000,1004.4139708257469
binancecoin,1788522000000,724.3500911746905
bitcoin,1788522000000,81282.76745619926
bitcoin-cash,1788522000000,260.2482812692248
cardano,1788522000000,0.2218530178646613
chainlink,1788522000000,12.062188797229197
ethereum,1788522000000,2526.125423668061
hyperliquid,1788522000000,87.05487895603493
monero,1788522000000,548.9627865079547
ripple,1788522000000,1.454473112153824
solana,1788522000000,104.46220615058971
tron,1788522000000,0.3295175547797482
zcash,1788522000000,1010.7687468572959
binancecoin,1788522300000,724.5298575208079
bitcoin,1788522300000,81239.64989053181
bitcoin-cash,1788522300000,260.42477518894975
cardano,1788522300000,0.2219168515113303
chainlink,1788522300000,12.052697343407685
ethereum,1788522300000,2525.0526417968663
hyperliquid,1788522300000,87.06245027330745
monero,1788522300000,544.7012952608254
ripple,1788522300000,1.4525611476961149
solana,1788522300000,104.38458966330379
tron,1788522300000,0.32956318862552964
zcash,1788522300000,1009.168563095006
binancecoin,1788522600000,724.517234584975
bitcoin,1788522600000,81252.467206476
bitcoin-cash,1788522600000,260.3702117819792
cardano,1788522600000,0.2217445099805261
chainlink,1788522600000,12.053083741735184
ethereum,1788522600000,2525.2720614998334
hyperliquid,1788522600000,87.09577118840515
monero,1788522600000,543.8118667688651
ripple,1788522600000,1.4518601706196557
solana,1788522600000,104.30628913262936
tron,1788522600000,0.32965005742343734
zcash,1788522600000,1011.5415024493487
binancecoin,1788522900000,724.2131309254378
bitcoin,1788522900000,81279.72587769062
bitcoin-cash,1788522900000,260.1019089584727
cardano,1788522900000,0.22175492286484536
chainlink,1788522900000,12.037616684378499
ethereum,1788522900000,2524.669309912484
hyperliquid,1788522900000,87.16072514214702
monero,1788522900000,544.3625767087735
ripple,1788522900000,1.4511623009894048
solana,1788522900000,104.2949664268725
tron,1788522900000,0.32964951550768584
zcash,1788522900000,1010.6440107554669
binancecoin,1788523200000,724.2293200642936
bitcoin,1788523200000,81222.97676673981
bitcoin-cash,1788523200000,259.9340083535717
cardano,1788523200000,0.2214157377788632
chainlink,1788523200000,12.031542437314567
ethereum,1788523200000,2522.983986719385
hyperliquid,1788523200000,87.20601365676167
monero,1788523200000,545.5355918631362
ripple,1788523200000,1.4505569085296819
solana,1788523200000,104.09128911651332
tron,1788523200000,0.3296732547407681
zcash,1788523200000,1010.3123583288287
binancecoin,1788523500000,724.2849885177093
bitcoin,1788523500000,81182.77258820456
bitcoin-cash,1788523500000,260.2198971183154
cardano,1788523500000,0.22094082738493556
chainlink,1788523500000,12.026923866989323
ethereum,1788523500000,2522.485973768265
hyperliquid,1788523500000,86.8839902362615
monero,1788523500000,547.1254416076089
ripple,1788523500000,1.4484815641060036
solana,1788523500000,103.99919278152917
tron,1788523500000,0.32954405208597215
zcash,1788523500000,1007.9841626174585
binancecoin,1788523800000,725.611344257342
bitcoin,1788523800000,81209.6731179583
bitcoin-cash,1788523800000,260.07116001700774
cardano,1788523800000,0.22126842051254436
chainlink,1788523800000,12.049792650969378
ethereum,1788523800000,2523.7780932934747
hyperliquid,1788523800000,87.03535557973667
monero,1788523800000,546.2626912285408
ripple,1788523800000,1.452554171278345
solana,1788523800000,104.07923694425415
tron,1788523800000,0.32958509759473054
zcash,1788523800000,1010.105769298769
binancecoin,1788524100000,725.6364515366866
bitcoin,1788524100000,81212.75183525526
bitcoin-cash,1788524100000,259.6097255547081
cardano,1788524100000,0.2213103161953384
chainlink,1788524100000,12.045766799602282
ethereum,1788524100000,2523.4827621453824
hyperliquid,1788524100000,87.09338161814675
monero,1788524100000,539.7054684464995
ripple,1788524100000,1.4535715913732807
solana,1788524100000,104.07921247422907
tron,1788524100000,0.32964933110499933
zcash,1788524100000,1009.3585948700497
binancecoin,1788524400000,725.035385740567
bitcoin,1788524400000,81156.60384408351
bitcoin-cash,1788524400000,258.956932884675
cardano,1788524400000,0.22112417977173768
chainlink,1788524400000,12.03917660374752
ethereum,1788524400000,2521.1093761387883
hyperliquid,1788524400000,87.0495341655629
monero,1788524400000,540.9638755831412
ripple,1788524400000,1.4507528277059443
solana,1788524400000,103.98446853681368
tron,1788524400000,0.32950805122549515
zcash,1788524400000,1008.1090497735828
binancecoin,1788524700000,725.234698114374
bitcoin,1788524700000,81201.62721035702
bitcoin-cash,1788524700000,258.86149404858435
cardano,1788524700000,0.2213836777354367
chainlink,1788524700000,12.016246735997404
ethereum,1788524700000,2521.850934836863
hyperliquid,1788524700000,87.17788815807415
monero,1788524700000,539.6466016713337
ripple,1788524700000,1.4504417649364696
solana,1788524700000,104.06445844023924
tron,1788524700000,0.3296774211419352
zcash,1788524700000,1008.2135944533512
binancecoin,1788525000000,726.7865776203565
bitcoin,1788525000000,81315.03835636264
bitcoin-cash,1788525000000,259.1580132046074
cardano,1788525000000,0.22187962087963645
chainlink,1788525000000,12.02426158892032
ethereum,1788525000000,2529.557260409825
hyperliquid,1788525000000,87.22050380704795
monero,1788525000000,540.0159047424261
ripple,1788525000000,1.4551459217323788
solana,1788525000000,104.37342495035664
tron,1788525000000,0.32954986477158854
zcash,1788525000000,1016.7373706695939
binancecoin,1788525300000,716.1739313508755
bitcoin,1788525300000,79885.23152294317
bitcoin-cash,1788525300000,251.64437204471332
cardano,1788525300000,0.21560363190010715
chainlink,1788525300000,11.652281765961344
ethereum,1788525300000,2456.269188248979
hyperliquid,1788525300000,85.77708648805411
monero,1788525300000,531.6276510849958
ripple,1788525300000,1.4088580884055812
solana,1788525300000,101.58280313004082
tron,1788525300000,0.32836868324756924
zcash,1788525300000,988.590304567128
binancecoin,1788525600000,717.9111364319923
bitcoin,1788525600000,79897.36979655061
bitcoin-cash,1788525600000,252.00252510553614
cardano,1788525600000,0.21584246180159739
chainlink,1788525600000,11.692085817693021
ethereum,1788525600000,2456.7324254032937
hyperliquid,1788525600000,85.71388956315809
monero,1788525600000,532.5820498128502
ripple,1788525600000,1.4152061874465967
solana,1788525600000,101.70018646621998
tron,1788525600000,0.32830659886740615
zcash,1788525600000,992.0887982223793
binancecoin,1788525900000,716.4903978505147
bitcoin,1788525900000,79780.29520583163
bitcoin-cash,1788525900000,251.69476345347124
cardano,1788525900000,0.2148769983428467
chainlink,1788525900000,11.671163122746693
ethereum,1788525900000,2454.096433703367
hyperliquid,1788525900000,85.45569739051332
monero,1788525900000,531.3422905014083
ripple,1788525900000,1.412928015562676
solana,1788525900000,101.60837790350132
tron,1788525900000,0.3282314307137599
zcash,1788525900000,983.3035387594684
binancecoin,1788526200000,714.289391662578
bitcoin,1788526200000,79428.94075995262
bitcoin-cash,1788526200000,250.91866544174144
cardano,1788526200000,0.21445797256433233
chainlink,1788526200000,11.652323844898653
ethereum,1788526200000,2447.2724305137936
hyperliquid,1788526200000,84.9257034213294
monero,1788526200000,532.4878455293075
ripple,1788526200000,1.4102844428736603
solana,1788526200000,101.27208954538423
tron,1788526200000,0.32791476504557165
zcash,1788526200000,990.3202624665262
binancecoin,1788526500000,716.4074138339995
bitcoin,1788526500000,79608.15089842542
bitcoin-cash,1788526500000,251.9694365283513
cardano,1788526500000,0.21483675007884476
chainlink,1788526500000,11.688956439497638
ethereum,1788526500000,2456.2815873785585
hyperliquid,1788526500000,85.41699846929981
monero,1788526500000,532.0717238063246
ripple,1788526500000,1.41409449641933
solana,1788526500000,101.73448249477762
tron,1788526500000,0.3284248962035655
zcash,1788526500000,988.3121235574105
binancecoin,1788526800000,715.1805311855401
bitcoin,1788526800000,79438.20975066516
bitcoin-cash,1788526800000,251.503836014639
cardano,1788526800000,0.21445266571872212
chainlink,1788526800000,11.646697497015541
ethereum,1788526800000,2450.5568906453504
hyperliquid,1788526800000,85.49850057816491
monero,1788526800000,526.9509296125527
ripple,1788526800000,1.409137547710381
solana,1788526800000,101.55862536941393
tron,1788526800000,0.32848246695261013
zcash,1788526800000,986.6911488385804
binancecoin,1788527100000,715.3905063365081
bitcoin,1788527100000,79429.4807040198
bitcoin-cash,1788527100000,251.6396344279732
cardano,1788527100000,0.2147444635207599
chainlink,1788527100000,11.62953897275431
ethereum,1788527100000,2449.0458735247275
hyperliquid,1788527100000,85.6153018091102
monero,1788527100000,527.5804512273858
ripple,1788527100000,1.4115924409748952
solana,1788527100000,101.57726775596572
tron,1788527100000,0.32862311648824444
zcash,1788527100000,987.4750095195664
binancecoin,1788527400000,714.5484780771642
bitcoin,1788527400000,79323.71494243998
bitcoin-cash,1788527400000,250.92764784008313
cardano,1788527400000,0.21421341604819436
chainlink,1788527400000,11.614678194368182
ethereum,1788527400000,2449.242045403049
hyperliquid,1788527400000,85.55432010734533
monero,1788527400000,530.0398970348061
ripple,1788527400000,1.4089928209254323
solana,1788527400000,101.5830988314656
tron,1788527400000,0.328881719115198
zcash,1788527400000,987.2128621004772
binancecoin,1788527700000,714.1845723014519
bitcoin,1788527700000,79225.56804712328
bitcoin-cash,1788527700000,250.29613139357514
cardano,1788527700000,0.2138372577965575
chainlink,1788527700000,11.583713460108665
ethereum,1788527700000,2445.682063957159
hyperliquid,1788527700000,85.07237972622988
monero,1788527700000,531.523744421192
ripple,1788527700000,1.4056170923930045
solana,1788527700000,101.14888990167076
tron,1788527700000,0.3287816603199629
zcash,1788527700000,969.7218252882475
binancecoin,1788528000000,715.7800244110857
bitcoin,1788528000000,79352.20566073482
bitcoin-cash,1788528000000,250.6112253969323
cardano,1788528000000,0.21410067433750687
chainlink,1788528000000,11.60788751895825
ethereum,1788528000000,2451.5493090339064
hyperliquid,1788528000000,85.22223529727165
monero,1788528000000,526.4700525906358
ripple,1788528000000,1.4096092526139723
solana,1788528000000,101.38509874387927
tron,1788528000000,0.3291480077419364
zcash,1788528000000,975.5854592661522
binancecoin,1788528300000,715.7424038808992
bitcoin,1788528300000,79403.26184582619
bitcoin-cash,1788528300000,251.27131938767002
cardano,1788528300000,0.21465447302802826
chainlink,1788528300000,11.634845261446692
ethereum,1788528300000,2452.472168171853
hyperliquid,1788528300000,85.55773611719721
monero,1788528300000,529.6785642423433
ripple,1788528300000,1.4113068717666037
solana,1788528300000,101.52900530649161
tron,1788528300000,0.32921832784559946
zcash,1788528300000,976.3345328352397
binancecoin,1788528600000,715.1676754161073
bitcoin,1788528600000,79347.13872953928
bitcoin-cash,1788528600000,250.92564112314534
cardano,1788528600000,0.2143064010973049
chainlink,1788528600000,11.606502698962036
ethereum,1788528600000,2451.0842328294707
hyperliquid,1788528600000,85.41891100522659
monero,1788528600000,529.5194885564374
ripple,1788528600000,1.4094030099268204
solana,1788528600000,101.48602444806461
tron,1788528600000,0.32915038722971235
zcash,1788528600000,977.4662919307381
binancecoin,1788528900000,714.3929739778803
bitcoin,1788528900000,79267.98654656977
bitcoin-cash,1788528900000,250.86741886463668
cardano,1788528900000,0.21430461628613304
chainlink,1788528900000,11.596478851719867
ethereum,1788528900000,2446.050671195481
hyperliquid,1788528900000,85.2581222734207
monero,1788528900000,527.677913325109
ripple,1788528900000,1.4084817785927433
solana,1788528900000,101.4863313050432
tron,1788528900000,0.3292217844670944
zcash,1788528900000,972.9428884152574
binancecoin,1788529200000,715.4997203506025
bitcoin,1788529200000,79364.43431368945
bitcoin-cash,1788529200000,251.45786598936658
cardano,1788529200000,0.214390342714354
chainlink,1788529200000,11.629054719231103
ethereum,1788529200000,2447.885279969969
hyperliquid,1788529200000,85.21346332133335
monero,1788529200000,531.0737308946058
ripple,1788529200000,1.4115800258254643
solana,1788529200000,101.66062237639349
tron,1788529200000,0.3294645495236633
zcash,1788529200000,989.9788014721952
binancecoin,1788529500000,715.5297802227777
bitcoin,1788529500000,79385.95623583897
bitcoin-cash,1788529500000,251.6549806809753
cardano,1788529500000,0.21428900810291449
chainlink,1788529500000,11.632419270695232
ethereum,1788529500000,2449.805358153668
hyperliquid,1788529500000,85.28971963192953
monero,1788529500000,528.6739356702519
ripple,1788529500000,1.4103840481625123
solana,1788529500000,101.70146424306253
tron,1788529500000,0.3294341167031197
zcash,1788529500000,988.2247060517515
binancecoin,1788529800000,717.2454149954635
bitcoin,1788529800000,79654.78673917153
bitcoin-cash,1788529800000,252.81387886756346
cardano,1788529800000,0.21655807106693592
chainlink,1788529800000,11.703579832208755
ethereum,1788529800000,2460.9174652493257
hyperliquid,1788529800000,85.7309762075395
monero,1788529800000,529.8581999430016
ripple,1788529800000,1.4194859806193292
solana,1788529800000,102.12664366349986
tron,1788529800000,0.3296203947852933
zcash,1788529800000,997.9134754793588
binancecoin,1788530100000,715.0274545256527
bitcoin,1788530100000,79284.95850192907
bitcoin-cash,1788530100000,251.79419582265334
cardano,1788530100000,0.21504303320417278
chainlink,1788530100000,11.638688420332278
ethereum,1788530100000,2450.463611687137
hyperliquid,1788530100000,85.11929165177906
monero,1788530100000,526.0409934776401
ripple,1788530100000,1.412199346335909
solana,1788530100000,101.62668539166997
tron,1788530100000,0.32953719880777177
zcash,1788530100000,990.3471394071527
binancecoin,1788530400000,715.0553374685855
bitcoin,1788530400000,79362.52222701395
bitcoin-cash,1788530400000,251.86444829243035
cardano,1788530400000,0.2150290408139961
chainlink,1788530400000,11.648610361867778
ethereum,1788530400000,2451.8522223000355
hyperliquid,1788530400000,85.06627207595534
monero,1788530400000,525.7676282222986
ripple,1788530400000,1.4133318029373907
solana,1788530400000,101.64139320195093
tron,1788530400000,0.3296643773771329
zcash,1788530400000,987.7953715839933
binancecoin,1788530700000,715.7868917192146
bitcoin,1788530700000,79480.12320219433
bitcoin-cash,1788530700000,252.07224052012018
cardano,1788530700000,0.21480499607985915
chainlink,1788530700000,11.661435809289591
ethereum,1788530700000,2454.590792869201
hyperliquid,1788530700000,85.24866048881185
monero,1788530700000,524.7973973089307
ripple,1788530700000,1.4129992923007706
solana,1788530700000,101.61339325611458
tron,1788530700000,0.32961749579596705
zcash,1788530700000,988.6272192456443
binancecoin,1788531000000,714.7949672863259
bitcoin,1788531000000,79292.22133322227
bitcoin-cash,1788531000000,251.14222507057704
cardano,1788531000000,0.21384955412596018
chainlink,1788531000000,11.62335589382844
ethereum,1788531000000,2450.7121844403173
hyperliquid,1788531000000,84.93951714818662
monero,1788531000000,520.9857372293922
ripple,1788531000000,1.408510959475097
solana,1788531000000,101.32323438980798
tron,1788531000000,0.3295314250553341
zcash,1788531000000,979.6461189679063
binancecoin,1788531300000,715.5693435850882
bitcoin,1788531300000,79406.00985856529
bitcoin-cash,1788531300000,251.28541393354428
cardano,1788531300000,0.21416818482505232
chainlink,1788531300000,11.636427313735762
ethereum,1788531300000,2453.4663265974596
hyperliquid,1788531300000,85.05045450092692
monero,1788531300000,523.2354812087269
ripple,1788531300000,1.4100435723751237
solana,1788531300000,101.37754032432322
tron,1788531300000,0.32917172901183217
zcash,1788531300000,980.2129445007678
binancecoin,1788531600000,714.6559633161007
bitcoin,1788531600000,79254.96294080582
bitcoin-cash,1788531600000,251.02077861461694
cardano,1788531600000,0.213384252349911
chainlink,1788531600000,11.601834142221003
ethereum,1788531600000,2448.0871345283927
hyperliquid,1788531600000,84.53340828565956
monero,1788531600000,524.7375452847926
ripple,1788531600000,1.405142277229125
solana,1788531600000,101.11869557357511
tron,1788531600000,0.3290015841051476
zcash,1788531600000,978.619420470116
binancecoin,1788531900000,713.5382547025358
bitcoin,1788531900000,79278.60008319559
bitcoin-cash,1788531900000,251.23573944698202
cardano,1788531900000,0.21326203737842006
chainlink,1788531900000,11.609202545860771
ethereum,1788531900000,2451.8563487354504
hyperliquid,1788531900000,84.59345608307196
monero,1788531900000,528.113037061375
ripple,1788531900000,1.4034040663725584
solana,1788531900000,101.19191911078975
tron,1788531900000,0.3289588658543589
zcash,1788531900000,982.3520741864755
binancecoin,1788532200000,714.5476504981175
bitcoin,1788532200000,79362.05808769522
bitcoin-cash,1788532200000,251.5267621482809
cardano,1788532200000,0.21345444225768176
chainlink,1788532200000,11.619612135505642
ethereum,1788532200000,2453.4227525256206
hyperliquid,1788532200000,84.70913995079576
monero,1788532200000,526.4865159285398
ripple,1788532200000,1.4044490850197742
solana,1788532200000,101.28943528086874
tron,1788532200000,0.32897794082667003
zcash,1788532200000,984.5558085082449
binancecoin,1788532500000,714.7729661081578
bitcoin,1788532500000,79363.21428024587
bitcoin-cash,1788532500000,250.98125334749045
cardano,1788532500000,0.2131242813296453
chainlink,1788532500000,11.616716379174832
ethereum,1788532500000,2454.2320431069907
hyperliquid,1788532500000,84.45143549195758
monero,1788532500000,516.8591966410285
ripple,1788532500000,1.400584845075877
solana,1788532500000,101.20016435989405
tron,1788532500000,0.3289963194656779
zcash,1788532500000,984.6396632357105
binancecoin,1788532800000,714.0424589301056
bitcoin,1788532800000,79304.83097572972
bitcoin-cash,1788532800000,250.79062264303403
cardano,1788532800000,0.21281684663575592
chainlink,1788532800000,11.607805323670203
ethereum,1788532800000,2451.2672123225834
hyperliquid,1788532800000,84.38107960313583
monero,1788532800000,522.5580001015318
ripple,1788532800000,1.3991597188702793
solana,1788532800000,101.08230796844929
tron,1788532800000,0.32905876057785355
zcash,1788532800000,981.0291590228429
binancecoin,1788533100000,712.2025717384204
bitcoin,1788533100000,79073.03157396714
bitcoin-cash,1788533100000,249.2328755775017
cardano,1788533100000,0.21158782709398244
chainlink,1788533100000,11.54331044764653
ethereum,1788533100000,2445.0345643270953
hyperliquid,1788533100000,83.94007692431654
monero,1788533100000,522.932884151281
ripple,1788533100000,1.3944352546308636
solana,1788533100000,100.79035088736023
tron,1788533100000,0.3290770683070232
zcash,1788533100000,973.0341632948977
binancecoin,1788533400000,709.2856692144669
bitcoin,1788533400000,78706.39966356597
bitcoin-cash,1788533400000,247.66963776957593
cardano,1788533400000,0.2096753278304376
chainlink,1788533400000,11.479188655956412
ethereum,1788533400000,2435.1542792057276
hyperliquid,1788533400000,83.64402745819446
monero,1788533400000,521.6688833161569
ripple,1788533400000,1.3846949374671962
solana,1788533400000,100.4006769753236
tron,1788533400000,0.3288667715102982
zcash,1788533400000,968.4237866649435
binancecoin,1788533700000,710.1884344380784
bitcoin,1788533700000,78817.00599791591
bitcoin-cash,1788533700000,248.6560651160979
cardano,1788533700000,0.21043765867903436
chainlink,1788533700000,11.502781215628069
ethereum,1788533700000,2438.2652625882997
hyperliquid,1788533700000,83.9614292162002
monero,1788533700000,517.6445150490093
ripple,1788533700000,1.3874522365134676
solana,1788533700000,100.57126092807877
tron,1788533700000,0.3289825216021831
zcash,1788533700000,974.8603393130289
binancecoin,1788534000000,711.5907436676433
bitcoin,1788534000000,78918.77058040584
bitcoin-cash,1788534000000,249.28664793543436
cardano,1788534000000,0.21114690163179226
chainlink,1788534000000,11.522541603377768
ethereum,1788534000000,2440.7065378816096
hyperliquid,1788534000000,83.76005377471414
monero,1788534000000,518.5843911545327
ripple,1788534000000,1.3896641421237945
solana,1788534000000,100.79973016737745
tron,1788534000000,0.329158341981602
zcash,1788534000000,974.8309066242075
binancecoin,1788534300000,713.1648580162524
bitcoin,1788534300000,78987.08170025346
bitcoin-cash,1788534300000,249.62281990448676
cardano,1788534300000,0.2118192270345102
chainlink,1788534300000,11.551975743129763
ethereum,1788534300000,2442.351388500024
hyperliquid,1788534300000,84.054746545266
monero,1788534300000,519.3099394937392
ripple,1788534300000,1.3922865518841374
solana,1788534300000,100.9395552154584
tron,1788534300000,0.3294730995467165
zcash,1788534300000,976.8458684564148
binancecoin,1788534600000,713.9780336576149
bitcoin,1788534600000,79153.86032951868
bitcoin-cash,1788534600000,250.0020722598549
cardano,1788534600000,0.2125638720353337
chainlink,1788534600000,11.570933046034297
ethereum,1788534600000,2446.7422315845924
hyperliquid,1788534600000,84.34479472969802
monero,1788534600000,518.3096177011503
ripple,1788534600000,1.3944591374671977
solana,1788534600000,100.98703412730418
tron,1788534600000,0.32953079722848466
zcash,1788534600000,984.7344994779594
binancecoin,1788534900000,714.638897359563
bitcoin,1788534900000,79168.20349766701
bitcoin-cash,1788534900000,250.18519809064236
cardano,1788534900000,0.2128452647398107
chainlink,1788534900000,11.584636185752178
ethereum,1788534900000,2447.869705473888
hyperliquid,1788534900000,84.36352203434569
monero,1788534900000,517.631121129116
ripple,1788534900000,1.394847730946155
solana,1788534900000,101.0633033619363
tron,1788534900000,0.3296419781112064
zcash,1788534900000,986.9876769215292
binancecoin,1788535200000,715.266191863875
bitcoin,1788535200000,79242.43252994552
bitcoin-cash,1788535200000,250.31858182523007
cardano,1788535200000,0.2128603892920658
chainlink,1788535200000,11.577221104944178
ethereum,1788535200000,2449.9369392486637
hyperliquid,1788535200000,84.37995834199117
monero,1788535200000,517.668749294162
ripple,1788535200000,1.39531825608275
solana,1788535200000,101.2350956608091
tron,1788535200000,0.3295440954514661
zcash,1788535200000,983.5812522180175
binancecoin,1788535500000,715.7893443593288
bitcoin,1788535500000,79292.5364425248
bitcoin-cash,1788535500000,250.61763593385638
cardano,1788535500000,0.21333757281887722
chainlink,1788535500000,11.609870908695681
ethereum,1788535500000,2452.4981363920374
hyperliquid,1788535500000,84.60808551493727
monero,1788535500000,520.3895983368824
ripple,1788535500000,1.3987994429544144
solana,1788535500000,101.3731915557597
tron,1788535500000,0.32946145574541674
zcash,1788535500000,984.6468262628155
binancecoin,1788535800000,716.2902541378484
bitcoin,1788535800000,79408.5422018474
bitcoin-cash,1788535800000,250.85592904846163
cardano,1788535800000,0.21367668946832924
chainlink,1788535800000,11.650496445306628
ethereum,1788535800000,2454.324383399721
hyperliquid,1788535800000,84.60672270726756
monero,1788535800000,520.0839172244727
ripple,1788535800000,1.3994035743134958
solana,1788535800000,101.50826444104058
tron,1788535800000,0.3295118985724156
zcash,1788535800000,982.2916657106254
binancecoin,1788536100000,716.1239453552972
bitcoin,1788536100000,79369.7771911635
bitcoin-cash,1788536100000,250.81248265825485
cardano,1788536100000,0.21364301995228907
chainlink,1788536100000,11.657214225472607
ethereum,1788536100000,2453.2541057890944
hyperliquid,1788536100000,84.25197094431044
monero,1788536100000,519.8653816971618
ripple,1788536100000,1.396902892146925
solana,1788536100000,101.39018672963398
tron,1788536100000,0.32951703298446944
zcash,1788536100000,977.7304929629872
binancecoin,1788536400000,716.8743905667835
bitcoin,1788536400000,79513.48276285619
bitcoin-cash,1788536400000,250.95452177981844
cardano,1788536400000,0.21378463094659766
chainlink,1788536400000,11.67077695546057
ethereum,1788536400000,2456.5135502633843
hyperliquid,1788536400000,84.44367774819996
monero,1788536400000,520.5215591158104
ripple,1788536400000,1.3984917627444051
solana,1788536400000,101.48340462744954
tron,1788536400000,0.32982505944231827
zcash,1788536400000,983.9181356720634
binancecoin,1788536700000,717.3538800187425
bitcoin,1788536700000,79514.62585645441
bitcoin-cash,1788536700000,251.3165241351641
cardano,1788536700000,0.21382531864701063
chainlink,1788536700000,11.681153172567338
ethereum,1788536700000,2455.7444457622273
hyperliquid,1788536700000,84.56239665427442
monero,1788536700000,520.6517910243659
ripple,1788536700000,1.4012281144735947
solana,1788536700000,101.6201244775781
tron,1788536700000,0.3301151643804491
zcash,1788536700000,985.1027109616078
binancecoin,1788537000000,716.1312009379795
bitcoin,1788537000000,79408.30716807685
bitcoin-cash,1788537000000,251.17069473753077
cardano,1788537000000,0.21303350731796644
chainlink,1788537000000,11.658592089048879
ethereum,1788537000000,2452.1235369490005
hyperliquid,1788537000000,84.49204038175895
monero,1788537000000,522.2849614260493
ripple,1788537000000,1.3979765323117086
solana,1788537000000,101.45822265365682
tron,1788537000000,0.3301488026405367
zcash,1788537000000,981.3980409535917
binancecoin,1788537300000,716.6333753247908
bitcoin,1788537300000,79434.22095590446
bitcoin-cash,1788537300000,251.35536695795892
cardano,1788537300000,0.21313443817875558
chainlink,1788537300000,11.663495526771266
ethereum,1788537300000,2453.8781116370637
hyperliquid,1788537300000,84.493809909594
monero,1788537300000,523.4868760945685
ripple,1788537300000,1.3989278089224637
solana,1788537300000,101.48991594119536
tron,1788537300000,0.3302383986430189
zcash,1788537300000,986.0457342164855
binancecoin,1788537600000,716.527183079481
bitcoin,1788537600000,79411.2566301278
bitcoin-cash,1788537600000,251.41958162936038
cardano,1788537600000,0.2129320559718901
chainlink,1788537600000,11.656317302905622
ethereum,1788537600000,2451.689399652983
hyperliquid,1788537600000,84.73592993427987
monero,1788537600000,522.6329704485921
ripple,1788537600000,1.3988292871167622
solana,1788537600000,101.43767783892257
tron,1788537600000,0.3301759083505293
zcash,1788537600000,986.6465524590511
binancecoin,1788537900000,716.415750166104
bitcoin,1788537900000,79418.3835994665
bitcoin-cash,1788537900000,251.08023028696908
cardano,1788537900000,0.21283795209463183
chainlink,1788537900000,11.64265247555361
ethereum,1788537900000,2450.828322965479
hyperliquid,1788537900000,84.55752433203376
monero,1788537900000,523.0044000817296
ripple,1788537900000,1.3976483035171743
solana,1788537900000,101.40918868046074
tron,1788537900000,0.3301307394707709
zcash,1788537900000,986.9292058142764
binancecoin,1788538200000,716.8819161224499
bitcoin,1788538200000,79459.26287940785
bitcoin-cash,1788538200000,251.3273606254177
cardano,1788538200000,0.21346504542504705
chainlink,1788538200000,11.668018992253678
ethereum,1788538200000,2452.3167725087937
hyperliquid,1788538200000,84.73483877784177
monero,1788538200000,524.714515664447
ripple,1788538200000,1.4004809242751104
solana,1788538200000,101.53408026949339
tron,1788538200000,0.33013456196403795
zcash,1788538200000,994.7052135314028
binancecoin,1788538500000,717.0727754427069
bitcoin,1788538500000,79454.13165222754
bitcoin-cash,1788538500000,251.2005405602266
cardano,1788538500000,0.2132606184449128
chainlink,1788538500000,11.661665089907427
ethereum,1788538500000,2451.668511496026
hyperliquid,1788538500000,84.61682360015939
monero,1788538500000,526.4967626593198
ripple,1788538500000,1.401129834175753
solana,1788538500000,101.54944384585323
tron,1788538500000,0.33024527071203896
zcash,1788538500000,991.5711451388257
binancecoin,1788538800000,717.3196992321493
bitcoin,1788538800000,79470.41521516562
bitcoin-cash,1788538800000,251.61143999443712
cardano,1788538800000,0.21358977015205188
chainlink,1788538800000,11.670510197854842
ethereum,1788538800000,2451.5523725214393
hyperliquid,1788538800000,84.67862290432393
monero,1788538800000,527.8756915416128
ripple,1788538800000,1.4038736644843475
solana,1788538800000,101.68174054440226
tron,1788538800000,0.33036023403327686
zcash,1788538800000,996.8568787213582
binancecoin,1788539100000,718.0642154973649
bitcoin,1788539100000,79506.29657414036
bitcoin-cash,1788539100000,251.64351387760826
cardano,1788539100000,0.21327672927153535
chainlink,1788539100000,11.675005328316836
ethereum,1788539100000,2451.8285680506297
hyperliquid,1788539100000,84.7728856989063
monero,1788539100000,527.2626264650784
ripple,1788539100000,1.4039472868883274
solana,1788539100000,101.71173149978537
tron,1788539100000,0.33030561183544427
zcash,1788539100000,998.2869997052547
binancecoin,1788539400000,718.0067676178217
bitcoin,1788539400000,79535.91300092015
bitcoin-cash,1788539400000,251.8466824396685
cardano,1788539400000,0.2137448914369537
chainlink,1788539400000,11.679706071624494
ethereum,1788539400000,2453.6247582776314
hyperliquid,1788539400000,84.87605861433202
monero,1788539400000,526.5045820085683
ripple,1788539400000,1.4033932198154841
solana,1788539400000,101.70399668367223
tron,1788539400000,0.33035218347461837
zcash,1788539400000,1001.5661492056311
binancecoin,1788539700000,719.5433777775904
bitcoin,1788539700000,79689.05266356505
bitcoin-cash,1788539700000,252.57639762054922
cardano,1788539700000,0.21447211652030204
chainlink,1788539700000,11.70012826464484
ethereum,1788539700000,2457.969395090187
hyperliquid,1788539700000,85.38151854964535
monero,1788539700000,530.7701340643365
ripple,1788539700000,1.4062651525771954
solana,1788539700000,101.9088765837144
tron,1788539700000,0.33035896754915517
zcash,1788539700000,1016.4981532361423
binancecoin,1788540000000,719.6274761477916
bitcoin,1788540000000,79704.13409534775
bitcoin-cash,1788540000000,252.6891178556085
cardano,1788540000000,0.21428076547413474
chainlink,1788540000000,11.694677356434141
ethereum,1788540000000,2457.04027651017
hyperliquid,1788540000000,85.17797612348728
monero,1788540000000,527.7957828707029
ripple,1788540000000,1.404837433179072
solana,1788540000000,101.87776356597692
tron,1788540000000,0.33054217472504394
zcash,1788540000000,1016.7471846343029
binancecoin,1788540300000,720.7800062743552
bitcoin,1788540300000,79838.79131036282
bitcoin-cash,1788540300000,252.8856104697049
cardano,1788540300000,0.21391497764220832
chainlink,1788540300000,11.715927757443739
ethereum,1788540300000,2460.708063851402
hyperliquid,1788540300000,85.18800725183084
monero,1788540300000,529.3404761890603
ripple,1788540300000,1.4052683837437283
solana,1788540300000,101.97147132726593
tron,1788540300000,0.3306187972499251
zcash,1788540300000,1020.4254939100473
binancecoin,1788540600000,720.7508261424241
bitcoin,1788540600000,79802.79283531218
bitcoin-cash,1788540600000,253.1186068307462
cardano,1788540600000,0.2142565962605907
chainlink,1788540600000,11.719226996314301
ethereum,1788540600000,2461.099268276586
hyperliquid,1788540600000,85.2487653184557
monero,1788540600000,531.232948350082
ripple,1788540600000,1.4069855301126686
solana,1788540600000,101.9894582770194
tron,1788540600000,0.33064672041302307
zcash,1788540600000,1037.5197307260876
binancecoin,1788540900000,720.0802599968881
bitcoin,1788540900000,79759.35855065355
bitcoin-cash,1788540900000,252.96776237533166
cardano,1788540900000,0.21400602464147547
chainlink,1788540900000,11.7156268729719
ethereum,1788540900000,2461.3513422467176
hyperliquid,1788540900000,85.3005400121654
monero,1788540900000,527.8519735041195
ripple,1788540900000,1.4047773777133585
solana,1788540900000,101.93091872408954
tron,1788540900000,0.33062901810872036
zcash,1788540900000,1036.8123056584618
binancecoin,1788541200000,719.4368521265197
bitcoin,1788541200000,79753.14168349805
bitcoin-cash,1788541200000,252.7176007317804
cardano,1788541200000,0.2137617164425669
chainlink,1788541200000,11.700741164569175
ethereum,1788541200000,2460.5369888719374
hyperliquid,1788541200000,85.10657572697473
monero,1788541200000,524.3477492256219
ripple,1788541200000,1.4030280720076298
solana,1788541200000,101.84526037381985
tron,1788541200000,0.33067167317362994
zcash,1788541200000,1035.1943929916242
binancecoin,1788541500000,718.6703474854407
bitcoin,1788541500000,79684.81309052666
bitcoin-cash,1788541500000,252.540821219346
cardano,1788541500000,0.213606428945058
chainlink,1788541500000,11.680507940756739
ethereum,1788541500000,2456.895732354933
hyperliquid,1788541500000,85.00842918429105
monero,1788541500000,524.7916723557635
ripple,1788541500000,1.4012122506172109
solana,1788541500000,101.72316401905253
tron,1788541500000,0.3306320833717922
zcash,1788541500000,1038.732644072714
binancecoin,1788541800000,718.6956050428931
bitcoin,1788541800000,79679.85682865561
bitcoin-cash,1788541800000,252.7432494419123
cardano,1788541800000,0.2134590286236129
chainlink,1788541800000,11.672557128794612
ethereum,1788541800000,2455.552689872295
hyperliquid,1788541800000,85.30776570348439
monero,1788541800000,525.2137211856835
ripple,1788541800000,1.4011788571326618
solana,1788541800000,101.75245319033426
tron,1788541800000,0.33064782754285726
zcash,1788541800000,1040.702160569323
binancecoin,1788542100000,718.4044008410148
bitcoin,1788542100000,79633.80483198196
bitcoin-cash,1788542100000,252.7375924854827
cardano,1788542100000,0.21306664383550075
chainlink,1788542100000,11.655997843504041
ethereum,1788542100000,2453.08801097788
hyperliquid,1788542100000,85.28946627476442
monero,1788542100000,523.8586110691492
ripple,1788542100000,1.398478798757829
solana,1788542100000,101.66351067474083
tron,1788542100000,0.3306534980304875
zcash,1788542100000,1038.0987368018257
binancecoin,1788542400000,717.9508777005296
bitcoin,1788542400000,79590.18308490116
bitcoin-cash,1788542400000,252.74780839298555
cardano,1788542400000,0.21284005470517767
chainlink,1788542400000,11.626860609613184
ethereum,1788542400000,2450.3603472270843
hyperliquid,1788542400000,85.16688104461879
monero,1788542400000,523.5135402238345
ripple,1788542400000,1.3971798925386558
solana,1788542400000,101.60919061815378
tron,1788542400000,0.33064701574682825
zcash,1788542400000,1028.1924521528886
binancecoin,1788542700000,717.901712532137
bitcoin,1788542700000,79593.42212139089
bitcoin-cash,1788542700000,252.6910952218791
cardano,1788542700000,0.21243965592844055
chainlink,1788542700000,11.630624358903681
ethereum,1788542700000,2450.532709466839
hyperliquid,1788542700000,85.16462330613047
monero,1788542700000,522.7619244918529
ripple,1788542700000,1.3981718649883232
solana,1788542700000,101.65461593976049
tron,1788542700000,0.33076032141578177
zcash,1788542700000,1018.859094330117
binancecoin,1788543000000,717.5620354493061
bitcoin,1788543000000,79534.65238764415
bitcoin-cash,1788543000000,252.8311843390143
cardano,1788543000000,0.21206094833227512
chainlink,1788543000000,11.62490694628895
ethereum,1788543000000,2448.611996183417
hyperliquid,1788543000000,85.16574718281275
monero,1788543000000,521.6539870766809
ripple,1788543000000,1.3968725761166074
solana,1788543000000,101.59384090566833
tron,1788543000000,0.33071697490923463
zcash,1788543000000,1020.559311385654
binancecoin,1788543300000,717.7567130712648
bitcoin,1788543300000,79514.82590880357
bitcoin-cash,1788543300000,252.89803772042507
cardano,1788543300000,0.21212215054279784
chainlink,1788543300000,11.627237622376096
ethereum,1788543300000,2449.2156165451065
hyperliquid,1788543300000,85.15372290497605
monero,1788543300000,522.5785310143527
ripple,1788543300000,1.3953518603901174
solana,1788543300000,101.55926989319775
tron,1788543300000,0.330839337982229
zcash,1788543300000,1016.6896750754742
binancecoin,1788543600000,717.7501320268233
bitcoin,1788543600000,79561.39753493223
bitcoin-cash,1788543600000,252.3867028550501
cardano,1788543600000,0.21205169164258694
chainlink,1788543600000,11.616365489881316
ethereum,1788543600000,2448.8644914577458
hyperliquid,1788543600000,85.20988007841711
monero,1788543600000,522.0569968628354
ripple,1788543600000,1.39470183210846
solana,1788543600000,101.42227938055035
tron,1788543600000,0.330871732889085
zcash,1788543600000,1019.4652538085766
binancecoin,1788543900000,717.6602388924092
bitcoin,1788543900000,79491.88082821245
bitcoin-cash,1788543900000,251.714452753364
cardano,1788543900000,0.21162964297923675
chainlink,1788543900000,11.604723085508066
ethereum,1788543900000,2447.2778975872184
hyperliquid,1788543900000,85.08250748940185
monero,1788543900000,522.4627193815479
ripple,1788543900000,1.393768887102965
solana,1788543900000,101.39374405533071
tron,1788543900000,0.3308635037536574
zcash,1788543900000,1015.2837899085487
binancecoin,1788544200000,717.1973120416582
bitcoin,1788544200000,79479.19588564085
bitcoin-cash,1788544200000,251.62694138343767
cardano,1788544200000,0.21140391596910402
chainlink,1788544200000,11.59958667013397
ethereum,1788544200000,2445.331718263066
hyperliquid,1788544200000,85.06911331861168
monero,1788544200000,523.1673213453241
ripple,1788544200000,1.3936882267155366
solana,1788544200000,101.22891657497864
tron,1788544200000,0.33088546707365657
zcash,1788544200000,1009.2769599460755
binancecoin,1788544500000,717.1900362265843
bitcoin,1788544500000,79455.58496603374
bitcoin-cash,1788544500000,251.847732230965
cardano,1788544500000,0.2113127017865222
chainlink,1788544500000,11.594704049272364
ethereum,1788544500000,2445.926886049572
hyperliquid,1788544500000,85.02261905357956
monero,1788544500000,520.6601479447952
ripple,1788544500000,1.3935266735222438
solana,1788544500000,101.248493579276
tron,1788544500000,0.3308391789026312
zcash,1788544500000,1004.7628213381213
binancecoin,1788544800000,716.89281984882
bitcoin,1788544800000,79478.53536802711
bitcoin-cash,1788544800000,251.88136813995118
cardano,1788544800000,0.21149424625116922
chainlink,1788544800000,11.598402236741942
ethereum,1788544800000,2445.8312181634315
hyperliquid,1788544800000,84.98244166075557
monero,1788544800000,521.0550173883879
ripple,1788544800000,1.394216804093323
solana,1788544800000,101.25519129898306
tron,1788544800000,0.33094933679380345
zcash,1788544800000,1008.3737979954789
binancecoin,1788545100000,717.7779183521703
bitcoin,1788545100000,79566.54781467542
bitcoin-cash,1788545100000,252.16679475969556
cardano,1788545100000,0.21226405630804512
chainlink,1788545100000,11.62591962110611
ethereum,1788545100000,2448.798670800694
hyperliquid,1788545100000,84.97760437662284
monero,1788545100000,522.0070892986664
ripple,1788545100000,1.3966754298536845
solana,1788545100000,101.43255422774001
tron,1788545100000,0.33113380691488176
zcash,1788545100000,1014.9189118557794
binancecoin,1788545400000,717.860913664478
bitcoin,1788545400000,79579.81851465345
bitcoin-cash,1788545400000,252.3272978677063
cardano,1788545400000,0.21206080267788968
chainlink,1788545400000,11.629042232409029
ethereum,1788545400000,2448.4848200815723
hyperliquid,1788545400000,85.00900936214
monero,1788545400000,522.4270881806439
ripple,1788545400000,1.3969231645042524
solana,1788545400000,101.45552642741802
tron,1788545400000,0.33124354730151656
zcash,1788545400000,1016.7999536755568
binancecoin,1788545700000,716.8258259099606
bitcoin,1788545700000,79535.08328233492
bitcoin-cash,1788545700000,251.72207860152977
cardano,1788545700000,0.21151751245722855
chainlink,1788545700000,11.612599714764304
ethereum,1788545700000,2445.8407357120736
hyperliquid,1788545700000,84.82679495790434
monero,1788545700000,522.8530792792915
ripple,1788545700000,1.3950571391241355
solana,1788545700000,101.32871525199904
tron,1788545700000,0.33124341877637864
zcash,1788545700000,1010.6610802760694
binancecoin,1788546000000,717.7676541737338
bitcoin,1788546000000,79576.87520386693
bitcoin-cash,1788546000000,252.03946022333702
cardano,1788546000000,0.2116562041712773
chainlink,1788546000000,11.626989011652833
ethereum,1788546000000,2448.4170327752536
hyperliquid,1788546000000,85.17639792757328
monero,1788546000000,521.1143429861427
ripple,1788546000000,1.3966709443463783
solana,1788546000000,101.4254475915767
tron,1788546000000,0.33151896212041115
zcash,1788546000000,1014.67421691542
binancecoin,1788546300000,718.1745218267789
bitcoin,1788546300000,79575.9937712203
bitcoin-cash,1788546300000,252.1760172214559
cardano,1788546300000,0.21188954694181267
chainlink,1788546300000,11.634393313888326
ethereum,1788546300000,2448.6971710685734
hyperliquid,1788546300000,85.22963155207027
monero,1788546300000,520.8104352885205
ripple,1788546300000,1.396906918773343
solana,1788546300000,101.44192978016669
tron,1788546300000,0.33151919266136315
zcash,1788546300000,1017.6966171021594
binancecoin,1788546600000,718.0858748305619
bitcoin,1788546600000,79543.76615120158
bitcoin-cash,1788546600000,251.89700731247703
cardano,1788546600000,0.21177403576876133
chainlink,1788546600000,11.631241446840594
ethereum,1788546600000,2448.2217096699296
hyperliquid,1788546600000,85.02233844766107
monero,1788546600000,518.3121615680083
ripple,1788546600000,1.3960020608204247
solana,1788546600000,101.42676519497549
tron,1788546600000,0.3315734032900488
zcash,1788546600000,1018.7516964783646
binancecoin,1788546900000,718.4790914066268
bitcoin,1788546900000,79621.14343983126
bitcoin-cash,1788546900000,252.2606141719159
cardano,1788546900000,0.2124719499671224
chainlink,1788546900000,11.64491407264229
ethereum,1788546900000,2450.6157710216276
hyperliquid,1788546900000,85.26666154451
monero,1788546900000,519.0367512404868
ripple,1788546900000,1.398946800948885
solana,1788546900000,101.62478159590988
tron,1788546900000,0.3316041265210179
zcash,1788546900000,1028.247613984133
binancecoin,1788547200000,718.4810627829233
bitcoin,1788547200000,79574.92697090778
bitcoin-cash,1788547200000,252.33930987399626
cardano,1788547200000,0.2121563004159835
chainlink,1788547200000,11.641688868985977
ethereum,1788547200000,2450.811287973812
hyperliquid,1788547200000,85.07401901089875
monero,1788547200000,519.6565461947962
ripple,1788547200000,1.3988489470343224
solana,1788547200000,101.57869093584311
tron,1788547200000,0.3316270244538781
zcash,1788547200000,1024.5274735168805
binancecoin,1788547500000,718.6857957203708
bitcoin,1788547500000,79642.60581446603
bitcoin-cash,1788547500000,252.7640407084948
cardano,1788547500000,0.21251206847185994
chainlink,1788547500000,11.664184128734759
ethereum,1788547500000,2451.3322516863104
hyperliquid,1788547500000,85.33669656643184
monero,1788547500000,522.2386702774654
ripple,1788547500000,1.4004633046647668
solana,1788547500000,101.64127680824924
tron,1788547500000,0.33180353009847086
zcash,1788547500000,1029.0928623819007
binancecoin,1788547800000,718.2986384836066
bitcoin,1788547800000,79606.07002241684
bitcoin-cash,1788547800000,252.3512838776468
cardano,1788547800000,0.21262151888712374
chainlink,1788547800000,11.659814164578226
ethereum,1788547800000,2450.1122164855406
hyperliquid,1788547800000,85.12513542691138
monero,1788547800000,522.7185117692835
ripple,1788547800000,1.3997769762621826
solana,1788547800000,101.56274447528352
tron,1788547800000,0.33193287934293014
zcash,1788547800000,1025.633466394019
binancecoin,1788548100000,718.4398177060787
bitcoin,1788548100000,79624.32676605687
bitcoin-cash,1788548100000,252.33368022301073
cardano,1788548100000,0.21283466167650184
chainlink,1788548100000,11.66819592443822
ethereum,1788548100000,2450.2133436624317
hyperliquid,1788548100000,85.14878964212235
monero,1788548100000,522.9234338901471
ripple,1788548100000,1.3998312825585835
solana,1788548100000,101.57912920697339
tron,1788548100000,0.3319526724100201
zcash,1788548100000,1028.388186124296
binancecoin,1788548400000,718.7984561013533
bitcoin,1788548400000,79623.42306987401
bitcoin-cash,1788548400000,252.3442466508257
cardano,1788548400000,0.21292329589578465
chainlink,1788548400000,11.660524087493764
ethereum,1788548400000,2450.7013589730423
hyperliquid,1788548400000,85.13644101237868
monero,1788548400000,523.8495146508805
ripple,1788548400000,1.399235798311161
solana,1788548400000,101.65916422226195
tron,1788548400000,0.33188860382564517
zcash,1788548400000,1025.528536457812
binancecoin,1788548700000,719.4688846314758
bitcoin,1788548700000,79713.14070170755
bitcoin-cash,1788548700000,252.68204959847318
cardano,1788548700000,0.21303211762873844
chainlink,1788548700000,11.672591522556749
ethereum,1788548700000,2454.003851875394
hyperliquid,1788548700000,85.27197319384149
monero,1788548700000,525.2449925987858
ripple,1788548700000,1.4013361061048917
solana,1788548700000,101.72576084517057
tron,1788548700000,0.33189629733475684
zcash,1788548700000,1026.1906603220773
binancecoin,1788549000000,719.2196156539861
bitcoin,1788549000000,79721.72653291032
bitcoin-cash,1788549000000,252.59654993033772
cardano,1788549000000,0.21296003353757437
chainlink,1788549000000,11.67240184272483
ethereum,1788549000000,2453.794470143429
hyperliquid,1788549000000,85.27536285265602
monero,1788549000000,527.2019815727696
ripple,1788549000000,1.400591024686942
solana,1788549000000,101.7071751898612
tron,1788549000000,0.33191802588061314
zcash,1788549000000,1024.6660824482908
binancecoin,1788549300000,719.5508312983947
bitcoin,1788549300000,79702.22657465383
bitcoin-cash,1788549300000,252.46240417796085
cardano,1788549300000,0.2127552553216064
chainlink,1788549300000,11.662589756349247
ethereum,1788549300000,2453.9012699957484
hyperliquid,1788549300000,85.16015905809513
monero,1788549300000,526.5191502379341
ripple,1788549300000,1.4003522941059994
solana,1788549300000,101.71766827499935
tron,1788549300000,0.3319204471140829
zcash,1788549300000,1026.0235245075671
binancecoin,1788549600000,720.68666943683
bitcoin,1788549600000,79785.23521551584
bitcoin-cash,1788549600000,253.0686897742728
cardano,1788549600000,0.21335194982196667
chainlink,1788549600000,11.688788235974906
ethereum,1788549600000,2456.1782487327882
hyperliquid,1788549600000,85.0928265942895
monero,1788549600000,526.7475221999694
ripple,1788549600000,1.402561489802881
solana,1788549600000,101.8275923393391
tron,1788549600000,0.3318590280811986
zcash,1788549600000,1032.7540116153218
binancecoin,1788549900000,721.0875013673963
bitcoin,1788549900000,79797.78173925981
bitcoin-cash,1788549900000,253.55813084674386
cardano,1788549900000,0.2137199909465586
chainlink,1788549900000,11.702863277802905
ethereum,1788549900000,2456.959825037402
hyperliquid,1788549900000,85.06165887929312
monero,1788549900000,526.4628703472124
ripple,1788549900000,1.4042658369968004
solana,1788549900000,101.90505909339228
tron,1788549900000,0.33188318873529854
zcash,1788549900000,1037.225836391397
binancecoin,1788550200000,721.0238898164206
bitcoin,1788550200000,79791.23824363267
bitcoin-cash,1788550200000,253.76880765169082
cardano,1788550200000,0.21432704797804056
chainlink,1788550200000,11.711930220003346
ethereum,1788550200000,2456.838688188774
hyperliquid,1788550200000,85.02490722780517
monero,1788550200000,526.704466718275
ripple,1788550200000,1.4034311544531342
solana,1788550200000,101.88669289240904
tron,1788550200000,0.331898707843784
zcash,1788550200000,1035.5466737579443
binancecoin,1788550500000,720.816605993169
bitcoin,1788550500000,79746.58627615903
bitcoin-cash,1788550500000,253.43536404694763
cardano,1788550500000,0.21399342885371284
chainlink,1788550500000,11.708235056794903
ethereum,1788550500000,2456.6588925297597
hyperliquid,1788550500000,85.03203841064445
monero,1788550500000,526.3353316433869
ripple,1788550500000,1.403044583402654
solana,1788550500000,101.78006365793063
tron,1788550500000,0.33181701324188456
zcash,1788550500000,1035.7800134447111
binancecoin,1788550800000,720.3034192719934
bitcoin,1788550800000,79660.01819336368
bitcoin-cash,1788550800000,253.3995283911153
cardano,1788550800000,0.21324771778627982
chainlink,1788550800000,11.695824274108812
ethereum,1788550800000,2454.609793537089
hyperliquid,1788550800000,84.89642757551688
monero,1788550800000,526.524173469993
ripple,1788550800000,1.400144171411364
solana,1788550800000,101.6616354617333
tron,1788550800000,0.3318327936802972
zcash,1788550800000,1033.894623760874
binancecoin,1788551100000,720.4557002240397
bitcoin,1788551100000,79684.14518797636
bitcoin-cash,1788551100000,253.4645633653066
cardano,1788551100000,0.21365246317653472
chainlink,1788551100000,11.704581614392268
ethereum,1788551100000,2454.998875427467
hyperliquid,1788551100000,84.92482578369608
monero,1788551100000,528.2356769989149
ripple,1788551100000,1.4006431999332518
solana,1788551100000,101.708401547089
tron,1788551100000,0.33171461909942207
zcash,1788551100000,1036.0703437721895
binancecoin,1788551400000,721.0385521549888
bitcoin,1788551400000,79732.19094726254
bitcoin-cash,1788551400000,253.42658048987946
cardano,1788551400000,0.21379151345150238
chainlink,1788551400000,11.716547207712516
ethereum,1788551400000,2456.6444233743123
hyperliquid,1788551400000,84.92070447401089
monero,1788551400000,528.9886716008441
ripple,1788551400000,1.4035082979758082
solana,1788551400000,101.82855653824834
tron,1788551400000,0.3316973031655156
zcash,1788551400000,1038.2787292095393
binancecoin,1788551700000,720.1968960718655
bitcoin,1788551700000,79698.07001685802
bitcoin-cash,1788551700000,253.34658690667845
cardano,1788551700000,0.21361998440276822
chainlink,1788551700000,11.71115513606888
ethereum,1788551700000,2455.9601620037574
hyperliquid,1788551700000,84.96794895978684
monero,1788551700000,527.9657758380853
ripple,1788551700000,1.4031724780585213
solana,1788551700000,101.79746852808047
tron,1788551700000,0.3317283370474913
zcash,1788551700000,1038.131999367347
binancecoin,1788552000000,720.069630405626
bitcoin,1788552000000,79779.29611442194
bitcoin-cash,1788552000000,253.19112650372622
cardano,1788552000000,0.21351789156532966
chainlink,1788552000000,11.709849602650893
ethereum,1788552000000,2455.796742574295
hyperliquid,1788552000000,84.85963580318727
monero,1788552000000,527.7497385615569
ripple,1788552000000,1.4003925911974215
solana,1788552000000,101.70927452287218
tron,1788552000000,0.3316822458551338
zcash,1788552000000,1040.2046701579477
binancecoin,1788552300000,720.5719674436073
bitcoin,1788552300000,79835.42710270788
bitcoin-cash,1788552300000,253.44148179989338
cardano,1788552300000,0.21356118958243805
chainlink,1788552300000,11.712165396058714
ethereum,1788552300000,2457.310022515181
hyperliquid,1788552300000,85.02240123944695
monero,1788552300000,529.0188789478749
ripple,1788552300000,1.4004241423535708
solana,1788552300000,101.79536432446884
tron,1788552300000,0.3317329221085499
zcash,1788552300000,1041.1105462609628
binancecoin,1788552600000,720.227142760892
bitcoin,1788552600000,79818.26949668038
bitcoin-cash,1788552600000,253.44928591550823
cardano,1788552600000,0.21331950113152606
chainlink,1788552600000,11.708993324193267
ethereum,1788552600000,2455.0363364944756
hyperliquid,1788552600000,84.92212550752471
monero,1788552600000,529.5080211594587
ripple,1788552600000,1.398450701155561
solana,1788552600000,101.70117953254454
tron,1788552600000,0.3315528167599268
zcash,1788552600000,1039.9560583076104
binancecoin,1788552900000,719.9993718047707
bitcoin,1788552900000,79819.55911974284
bitcoin-cash,1788552900000,253.05139738526262
cardano,1788552900000,0.21281330174008564
chainlink,1788552900000,11.689048004494195
ethereum,1788552900000,2454.001117596103
hyperliquid,1788552900000,84.81535506727734
monero,1788552900000,533.2084510565595
ripple,1788552900000,1.397200037928676
solana,1788552900000,101.6655598296595
tron,1788552900000,0.3314179505273593
zcash,1788552900000,1036.851756329821
binancecoin,1788553200000,720.1206449574418
bitcoin,1788553200000,79830.02648690366
bitcoin-cash,1788553200000,253.06060803655814
cardano,1788553200000,0.21280033024154482
chainlink,1788553200000,11.705731392755112
ethereum,1788553200000,2455.4397575884536
hyperliquid,1788553200000,84.81450650320824
monero,1788553200000,533.5580686918744
ripple,1788553200000,1.398638314798203
solana,1788553200000,101.76465569083598
tron,1788553200000,0.33156269506446306
zcash,1788553200000,1037.168196228938
binancecoin,1788553500000,719.3307439444487
bitcoin,1788553500000,79777.37140059254
bitcoin-cash,1788553500000,252.94334800029924
cardano,1788553500000,0.21258062379451068
chainlink,1788553500000,11.69567591547117
ethereum,1788553500000,2453.69338594132
hyperliquid,1788553500000,84.58821574511414
monero,1788553500000,532.4079718878302
ripple,1788553500000,1.3980521964026806
solana,1788553500000,101.6637333216748
tron,1788553500000,0.33141786785797056
zcash,1788553500000,1032.5992205525883
binancecoin,1788553800000,719.2283903138173
bitcoin,1788553800000,79764.6141012273
bitcoin-cash,1788553800000,253.0293942056578
cardano,1788553800000,0.21253001782917127
chainlink,1788553800000,11.688615177341497
ethereum,1788553800000,2453.3763477812504
hyperliquid,1788553800000,84.64261647348252
monero,1788553800000,533.6605178018805
ripple,1788553800000,1.3977282494211103
solana,1788553800000,101.6486837890917
tron,1788553800000,0.33145258588301657
zcash,1788553800000,1034.389536631242
binancecoin,1788554100000,719.1044662849681
bitcoin,1788554100000,79747.45843287441
bitcoin-cash,1788554100000,253.01356320291143
cardano,1788554100000,0.21238347700264798
chainlink,1788554100000,11.690726768536706
ethereum,1788554100000,2453.164198853076
hyperliquid,1788554100000,84.82787176383071
monero,1788554100000,533.1347253837708
ripple,1788554100000,1.3980418565806667
solana,1788554100000,101.7181985553222
tron,1788554100000,0.3313548835526383
zcash,1788554100000,1037.7730649115733
binancecoin,1788554400000,719.363602797033
bitcoin,1788554400000,79747.02545690394
bitcoin-cash,1788554400000,253.2340964570837
cardano,1788554400000,0.21265724045305165
chainlink,1788554400000,11.70991012686635
ethereum,1788554400000,2454.106236600533
hyperliquid,1788554400000,84.90017448143547
monero,1788554400000,533.3427709585881
ripple,1788554400000,1.3984236688993303
solana,1788554400000,101.76025627524712
tron,1788554400000,0.33143309983930597
zcash,1788554400000,1037.5260306697328
binancecoin,1788554700000,719.1197837577691
bitcoin,1788554700000,79722.56324004316
bitcoin-cash,1788554700000,253.15007815932304
cardano,1788554700000,0.21261087606432852
chainlink,1788554700000,11.694555166659432
ethereum,1788554700000,2453.9019948176297
hyperliquid,1788554700000,84.77118401668675
monero,1788554700000,535.4962373762214
ripple,1788554700000,1.398403474757408
solana,1788554700000,101.80979838517698
tron,1788554700000,0.33144040877582504
zcash,1788554700000,1032.8552292135912
binancecoin,1788555000000,718.9654633417065
bitcoin,1788555000000,79755.70547938885
bitcoin-cash,1788555000000,252.98028823237848
cardano,1788555000000,0.21271754672864082
chainlink,1788555000000,11.69432660074054
ethereum,1788555000000,2454.7069411880984
hyperliquid,1788555000000,84.65690346499395
monero,1788555000000,535.7764149101583
ripple,1788555000000,1.3994930414546807
solana,1788555000000,101.82832937426171
tron,1788555000000,0.33156528682041503
zcash,1788555000000,1032.3350733134555
binancecoin,1788555300000,718.4916057448818
bitcoin,1788555300000,79734.94183426084
bitcoin-cash,1788555300000,252.86107280634155
cardano,1788555300000,0.21268303223709728
chainlink,1788555300000,11.683622996732367
ethereum,1788555300000,2452.736341624414
hyperliquid,1788555300000,84.40106097259599
monero,1788555300000,535.8465067087261
ripple,1788555300000,1.4000079234356333
solana,1788555300000,101.78996497719804
tron,1788555300000,0.33159156905023957
zcash,1788555300000,1025.5453585984365
binancecoin,1788555600000,718.2697076120006
bitcoin,1788555600000,79706.25394282232
bitcoin-cash,1788555600000,252.69060699107794
cardano,1788555600000,0.21287533017411747
chainlink,1788555600000,11.67288669190154
ethereum,1788555600000,2451.521121175233
hyperliquid,1788555600000,84.3156483692172
monero,1788555600000,535.5948861883169
ripple,1788555600000,1.4001918308332884
solana,1788555600000,101.77453651204091
tron,1788555600000,0.3314864855121816
zcash,1788555600000,1023.8057031466768
binancecoin,1788555900000,718.3080904240664
bitcoin,1788555900000,79749.90926101047
bitcoin-cash,1788555900000,252.9991990753289
cardano,1788555900000,0.2129928136199761
chainlink,1788555900000,11.685476183740127
ethereum,1788555900000,2453.20798080613
hyperliquid,1788555900000,84.24558557923693
monero,1788555900000,534.4283591172092
ripple,1788555900000,1.3990760034876004
solana,1788555900000,101.8130664603284
tron,1788555900000,0.3314885968385363
zcash,1788555900000,1026.7183273276373
binancecoin,1788556200000,718.9332028359585
bitcoin,1788556200000,79783.57559054048
bitcoin-cash,1788556200000,252.8833277242281
cardano,1788556200000,0.21300378107662432
chainlink,1788556200000,11.68782243883752
ethereum,1788556200000,2453.883767174105
hyperliquid,1788556200000,84.10874788638378
monero,1788556200000,535.9535958056633
ripple,1788556200000,1.399227011160503
solana,1788556200000,101.73096220992849
tron,1788556200000,0.3314098100964948
zcash,1788556200000,1025.779002905835
binancecoin,1788556500000,718.9874144220739
bitcoin,1788556500000,79785.90495548984
bitcoin-cash,1788556500000,252.91074036257035
cardano,1788556500000,0.2131231810631645
chainlink,1788556500000,11.689191432138003
ethereum,1788556500000,2453.90247331827
hyperliquid,1788556500000,84.09985571676941
monero,1788556500000,535.3655704100202
ripple,1788556500000,1.3994370354457282
solana,1788556500000,101.70007416378728
tron,1788556500000,0.3314599845609095
zcash,1788556500000,1022.400324281114
binancecoin,1788556800000,719.1666074792162
bitcoin,1788556800000,79815.81512882042
bitcoin-cash,1788556800000,253.18738004780099
cardano,1788556800000,0.21313117202356258
chainlink,1788556800000,11.689968659316648
ethereum,1788556800000,2454.7715825665396
hyperliquid,1788556800000,84.1901779040387
monero,1788556800000,537.09680270191
ripple,1788556800000,1.400552676777205
solana,1788556800000,101.83708331989249
tron,1788556800000,0.3314719025228621
zcash,1788556800000,1028.21292775118
binancecoin,1788557100000,718.8997803582477
bitcoin,1788557100000,79788.35929349612
bitcoin-cash,1788557100000,252.9357288145902
cardano,1788557100000,0.2128772344446216
chainlink,1788557100000,11.679307890293492
ethereum,1788557100000,2453.9594784463116
hyperliquid,1788557100000,84.18182289389111
monero,1788557100000,527.1684586954976
ripple,1788557100000,1.4008232359542703
solana,1788557100000,101.79064034997133
tron,1788557100000,0.3314024681818435
zcash,1788557100000,1021.8882399335123
binancecoin,1788557400000,718.3262761775153
bitcoin,1788557400000,79784.7939056146
bitcoin-cash,1788557400000,252.68812211311618
cardano,1788557400000,0.2125457310968202
chainlink,1788557400000,11.662302675885456
ethereum,1788557400000,2453.344510903424
hyperliquid,1788557400000,84.28673846120536
monero,1788557400000,524.7805524444091
ripple,1788557400000,1.4007574756474652
solana,1788557400000,101.74594920520931
tron,1788557400000,0.33138843983215344
zcash,1788557400000,1021.9144842792889
binancecoin,1788557700000,718.3600556839692
bitcoin,1788557700000,79802.51225525202
bitcoin-cash,1788557700000,252.6756722109791
cardano,1788557700000,0.21261291340648095
chainlink,1788557700000,11.66608853851891
ethereum,1788557700000,2455.299887373407
hyperliquid,1788557700000,84.19106584184357
monero,1788557700000,522.3887659303826
ripple,1788557700000,1.402035364661029
solana,1788557700000,101.81272050953056
tron,1788557700000,0.33138716840443116
zcash,1788557700000,1017.128110566109
binancecoin,1788558000000,718.6186159771759
bitcoin,1788558000000,79807.87327698825
bitcoin-cash,1788558000000,252.65458603447908
cardano,1788558000000,0.21276351157822618
chainlink,1788558000000,11.667886853248898
ethereum,1788558000000,2455.6206325729827
hyperliquid,1788558000000,84.15212649810577
monero,1788558000000,521.4778011137095
ripple,1788558000000,1.4011889612169632
solana,1788558000000,101.79098836849346
tron,1788558000000,0.3314383538711879
zcash,1788558000000,1020.9855392393926
binancecoin,1788558300000,718.3499007464089
bitcoin,1788558300000,79791.34181545203
bitcoin-cash,1788558300000,252.7945226170733
cardano,1788558300000,0.2128598357066651
chainlink,1788558300000,11.666364198728672
ethereum,1788558300000,2456.802043602082
hyperliquid,1788558300000,84.29957285929314
monero,1788558300000,521.4289951581227
ripple,1788558300000,1.4016167405530933
solana,1788558300000,101.87832480130582
tron,1788558300000,0.3313484101943442
zcash,1788558300000,1019.6392592359048
binancecoin,1788558600000,718.4386030600922
bitcoin,1788558600000,79756.69890530205
bitcoin-cash,1788558600000,252.67896592085833
cardano,1788558600000,0.21226471202431058
chainlink,1788558600000,11.658041625712666
ethereum,1788558600000,2455.4535800430326
hyperliquid,1788558600000,84.28368134966273
monero,1788558600000,518.3820852705309
ripple,1788558600000,1.4006305570181115
solana,1788558600000,101.80243565692868
tron,1788558600000,0.3313866263115917
zcash,1788558600000,1018.8537268890653
binancecoin,1788558900000,717.4272404812497
bitcoin,1788558900000,79646.38879663868
bitcoin-cash,1788558900000,251.9881537484652
cardano,1788558900000,0.2116078233917603
chainlink,1788558900000,11.615248053801558
ethereum,1788558900000,2453.096898824128
hyperliquid,1788558900000,83.7738959951692
monero,1788558900000,514.3350563770206
ripple,1788558900000,1.3966030043541466
solana,1788558900000,101.61652665021735
tron,1788558900000,0.33133513757445365
zcash,1788558900000,1017.4630279205161
binancecoin,1788559200000,717.5021955301536
bitcoin,1788559200000,79649.90012856525
bitcoin-cash,1788559200000,251.95915041526868
cardano,1788559200000,0.21148788048603692
chainlink,1788559200000,11.61325641298471
ethereum,1788559200000,2452.5626955542716
hyperliquid,1788559200000,83.9083083363067
monero,1788559200000,514.9280375308941
ripple,1788559200000,1.3964202446934806
solana,1788559200000,101.59882813719359
tron,1788559200000,0.33130536539558236
zcash,1788559200000,1017.5711596108216
binancecoin,1788559500000,717.9412080272776
bitcoin,1788559500000,79680.31518159926
bitcoin-cash,1788559500000,252.1619452743065
cardano,1788559500000,0.21152350187422997
chainlink,1788559500000,11.625314747229721
ethereum,1788559500000,2453.635466296545
hyperliquid,1788559500000,84.03529898785031
monero,1788559500000,517.3476915109023
ripple,1788559500000,1.3978797206012692
solana,1788559500000,101.68542539735796
tron,1788559500000,0.3315083182497133
zcash,1788559500000,1015.6378379181022
binancecoin,1788559800000,718.100075699575
bitcoin,1788559800000,79667.6516279244
bitcoin-cash,1788559800000,252.21881857102673
cardano,1788559800000,0.21152325221170012
chainlink,1788559800000,11.636352958755928
ethereum,1788559800000,2453.028298196855
hyperliquid,1788559800000,84.07866855909599
monero,1788559800000,517.7990723020824
ripple,1788559800000,1.3965241794696686
solana,1788559800000,101.73018584597118
tron,1788559800000,0.3315015315574431
zcash,1788559800000,1015.3642531678809
binancecoin,1788560100000,718.3419499476119
bitcoin,1788560100000,79695.64587630068
bitcoin-cash,1788560100000,252.0890877848231
cardano,1788560100000,0.2113204054796615
chainlink,1788560100000,11.635876758229166
ethereum,1788560100000,2452.8910720188455
hyperliquid,1788560100000,83.95666630490787
monero,1788560100000,517.2678948008931
ripple,1788560100000,1.3968783493384322
solana,1788560100000,101.67784375984847
tron,1788560100000,0.3315294357983705
zcash,1788560100000,1017.4481815543614
binancecoin,1788560400000,718.0515450390268
bitcoin,1788560400000,79703.66176908754
bitcoin-cash,1788560400000,251.91625134927077
cardano,1788560400000,0.21116075244201052
chainlink,1788560400000,11.64131390076552
ethereum,1788560400000,2452.453574937842
hyperliquid,1788560400000,84.01514401016236
monero,1788560400000,518.1672689742386
ripple,1788560400000,1.3972324704925223
solana,1788560400000,101.72421841717983
tron,1788560400000,0.33159871826357906
zcash,1788560400000,1020.615478867727
binancecoin,1788560700000,718.3777065059907
bitcoin,1788560700000,79695.62242755026
bitcoin-cash,1788560700000,251.96787736036683
cardano,1788560700000,0.21110041346486297
chainlink,1788560700000,11.640719729570684
ethereum,1788560700000,2452.3085818156023
hyperliquid,1788560700000,84.10246067607414
monero,1788560700000,518.2323162208854
ripple,1788560700000,1.3971907935637347
solana,1788560700000,101.75278027452086
tron,1788560700000,0.3315881215895737
zcash,1788560700000,1022.6060235977629
binancecoin,1788561000000,718.5134603518687
bitcoin,1788561000000,79707.29362530605
bitcoin-cash,1788561000000,251.90648370302145
cardano,1788561000000,0.21078638616511788
chainlink,1788561000000,11.638956725353681
ethereum,1788561000000,2452.817641079954
hyperliquid,1788561000000,84.16910945818897
monero,1788561000000,514.4337206981385
ripple,1788561000000,1.3976611805898576
solana,1788561000000,101.73609821872022
tron,1788561000000,0.3315829190221127
zcash,1788561000000,1022.5024802787468
binancecoin,1788561300000,718.1184481134705
bitcoin,1788561300000,79695.34227735944
bitcoin-cash,1788561300000,251.68486804115363
cardano,1788561300000,0.2107550373989396
chainlink,1788561300000,11.633254479732777
ethereum,1788561300000,2453.318730445525
hyperliquid,1788561300000,84.01979034247054
monero,1788561300000,515.77141932223
ripple,1788561300000,1.3962949625378969
solana,1788561300000,101.66883461678547
tron,1788561300000,0.3316042734684235
zcash,1788561300000,1020.9123435346415
binancecoin,1788561600000,718.6270865942583
bitcoin,1788561600000,79714.62818048941
bitcoin-cash,1788561600000,251.66163684137555
cardano,1788561600000,0.21058418040948015
chainlink,1788561600000,11.631611787384196
ethereum,1788561600000,2454.0668565797127
hyperliquid,1788561600000,84.13683452092387
monero,1788561600000,515.806689656378
ripple,1788561600000,1.3961639308157094
solana,1788561600000,101.73837786637985
tron,1788561600000,0.33160430730403895
zcash,1788561600000,1022.7803797542795
binancecoin,1788561900000,718.7604338171524
bitcoin,1788561900000,79682.15218209772
bitcoin-cash,1788561900000,251.7369628653424
cardano,1788561900000,0.21047858411929732
chainlink,1788561900000,11.625924920661001
ethereum,1788561900000,2452.854455863388
hyperliquid,1788561900000,84.0969913546611
monero,1788561900000,515.8305964177309
ripple,1788561900000,1.3950944933189235
solana,1788561900000,101.71119951585072
tron,1788561900000,0.3316512125949638
zcash,1788561900000,1021.2956850143439
binancecoin,1788562200000,718.48374448194
bitcoin,1788562200000,79651.38141470654
bitcoin-cash,1788562200000,251.38234265957706
cardano,1788562200000,0.21018070882212367
chainlink,1788562200000,11.61832677370089
ethereum,1788562200000,2451.62288103481
hyperliquid,1788562200000,83.94835570138768
monero,1788562200000,515.7025773546428
ripple,1788562200000,1.3942953490455532
solana,1788562200000,101.69388751208676
tron,1788562200000,0.3316894781542236
zcash,1788562200000,1022.9512139224405
binancecoin,1788562500000,718.8890186896137
bitcoin,1788562500000,79670.76667841214
bitcoin-cash,1788562500000,249.5627361654348
cardano,1788562500000,0.21003322149368425
chainlink,1788562500000,11.618786556843666
ethereum,1788562500000,2451.7865553004017
hyperliquid,1788562500000,83.88722214847763
monero,1788562500000,516.610013639185
ripple,1788562500000,1.3945299513148042
solana,1788562500000,101.6867117696495
tron,1788562500000,0.3316379675111905
zcash,1788562500000,1024.2767687981552
binancecoin,1788562800000,718.816387500851
bitcoin,1788562800000,79648.8752251388
bitcoin-cash,1788562800000,248.8914514204115
cardano,1788562800000,0.2099925322715426
chainlink,1788562800000,11.613418588805725
ethereum,1788562800000,2451.5592572459245
hyperliquid,1788562800000,83.8610270608998
monero,1788562800000,517.1423021101513
ripple,1788562800000,1.3957762654078452
solana,1788562800000,101.74803416637016
tron,1788562800000,0.33175975049571405
zcash,1788562800000,1022.9602366768565
binancecoin,1788563100000,718.878684940613
bitcoin,1788563100000,79651.19586402108
bitcoin-cash,1788563100000,249.1484056360702
cardano,1788563100000,0.21025474072553169
chainlink,1788563100000,11.60113127157066
ethereum,1788563100000,2451.5872655625258
hyperliquid,1788563100000,84.12374450615216
monero,1788563100000,517.4341969191092
ripple,1788563100000,1.3961573816570172
solana,1788563100000,101.76778257895803
tron,1788563100000,0.3317591907482641
zcash,1788563100000,1026.522092417784
binancecoin,1788563400000,719.1069604245351
bitcoin,1788563400000,79661.07318149018
bitcoin-cash,1788563400000,249.82802834211375
cardano,1788563400000,0.21079665395289224
chainlink,1788563400000,11.605175110327348
ethereum,1788563400000,2451.3053897826044
hyperliquid,1788563400000,84.18149739255499
monero,1788563400000,517.3250176719993
ripple,1788563400000,1.3968251864140477
solana,1788563400000,101.81593858820281
tron,1788563400000,0.33163718069687637
zcash,1788563400000,1029.6554731345595
binancecoin,1788563700000,719.3543786630169
bitcoin,1788563700000,79629.34030614291
bitcoin-cash,1788563700000,249.81758227377543
cardano,1788563700000,0.21086040630659142
chainlink,1788563700000,11.60020357376399
ethereum,1788563700000,2451.108508659594
hyperliquid,1788563700000,84.19638960603851
monero,1788563700000,517.0408131521816
ripple,1788563700000,1.3966618487769096
solana,1788563700000,101.81965778679631
tron,1788563700000,0.33153619470945866
zcash,1788563700000,1027.8426235876009
binancecoin,1788564000000,719.6531124422979
bitcoin,1788564000000,79657.12282947442
bitcoin-cash,1788564000000,248.8396914787448
cardano,1788564000000,0.21077208609578996
chainlink,1788564000000,11.602361885789078
ethereum,1788564000000,2452.2825671377045
hyperliquid,1788564000000,84.24282396211254
monero,1788564000000,517.9858206578706
ripple,1788564000000,1.3968108734807516
solana,1788564000000,101.87725176141831
tron,1788564000000,0.33153442569003494
zcash,1788564000000,1029.424425050407
binancecoin,1788564300000,720.4155328985553
bitcoin,1788564300000,79716.69730998417
bitcoin-cash,1788564300000,248.52890752616662
cardano,1788564300000,0.21087329513667952
chainlink,1788564300000,11.606326059858459
ethereum,1788564300000,2454.3230829219365
hyperliquid,1788564300000,84.37766182064175
monero,1788564300000,518.0425623281399
ripple,1788564300000,1.3980394341193867
solana,1788564300000,101.92639570807444
tron,1788564300000,0.3315202698782319
zcash,1788564300000,1033.0881654419384
binancecoin,1788564600000,720.8158341328199
bitcoin,1788564600000,79752.04991298383
bitcoin-cash,1788564600000,248.0593322918572
cardano,1788564600000,0.21111426336703257
chainlink,1788564600000,11.624673569748577
ethereum,1788564600000,2454.3218819899826
hyperliquid,1788564600000,84.44186094770583
monero,1788564600000,520.237555266857
ripple,1788564600000,1.3990339217454941
solana,1788564600000,101.9271349316577
tron,1788564600000,0.3313431080252884
zcash,1788564600000,1026.8755466097934
binancecoin,1788564900000,720.4053397443482
bitcoin,1788564900000,79697.74740342147
bitcoin-cash,1788564900000,247.61770296672879
cardano,1788564900000,0.21097818426608955
chainlink,1788564900000,11.624257002027123
ethereum,1788564900000,2453.1939060632435
hyperliquid,1788564900000,84.48020906365521
monero,1788564900000,521.2319706675355
ripple,1788564900000,1.3984857427596196
solana,1788564900000,101.86173689421507
tron,1788564900000,0.33125945756148945
zcash,1788564900000,1025.0545545099392
binancecoin,1788565200000,721.0600542328447
bitcoin,1788565200000,79688.37873588382
bitcoin-cash,1788565200000,248.17268789990428
cardano,1788565200000,0.2114160820978951
chainlink,1788565200000,11.635421168259635
ethereum,1788565200000,2454.0341230585964
hyperliquid,1788565200000,84.49470383702828
monero,1788565200000,521.238543108873
ripple,1788565200000,1.3993383315425771
solana,1788565200000,101.94517617017036
tron,1788565200000,0.33151430106384044
zcash,1788565200000,1029.8177598244458
binancecoin,1788565500000,721.2236160598759
bitcoin,1788565500000,79683.4846752395
bitcoin-cash,1788565500000,248.15141675551513
cardano,1788565500000,0.21123600896234584
chainlink,1788565500000,11.63770769956249
ethereum,1788565500000,2453.9659662763747
hyperliquid,1788565500000,84.51327391681927
monero,1788565500000,521.8274748007352
ripple,1788565500000,1.3994717643052461
solana,1788565500000,101.89176235995266
tron,1788565500000,0.3313258496904522
zcash,1788565500000,1027.85829936
binancecoin,1788565800000,721.1098957563933
bitcoin,1788565800000,79663.36348794728
bitcoin-cash,1788565800000,248.04566971048192
cardano,1788565800000,0.21095559180247522
chainlink,1788565800000,11.644386472087186
ethereum,1788565800000,2454.8338869471054
hyperliquid,1788565800000,84.46332298420832
monero,1788565800000,521.0473852913401
ripple,1788565800000,1.3991093574598996
solana,1788565800000,101.94526477409926
tron,1788565800000,0.33150221516858874
zcash,1788565800000,1025.9883078715281
binancecoin,1788566100000,720.8610491541266
bitcoin,1788566100000,79637.55226186082
bitcoin-cash,1788566100000,248.1127967695459
cardano,1788566100000,0.21120740696721768
chainlink,1788566100000,11.635048436344025
ethereum,1788566100000,2455.0352760314995
hyperliquid,1788566100000,84.4148790026388
monero,1788566100000,520.7764977502521
ripple,1788566100000,1.3984783568847114
solana,1788566100000,101.93362701172015
tron,1788566100000,0.3315188731849342
zcash,1788566100000,1023.9129553242108
binancecoin,1788566400000,721.4302698070193
bitcoin,1788566400000,79671.25767420157
bitcoin-cash,1788566400000,248.1215442881509
cardano,1788566400000,0.2112164477124468
chainlink,1788566400000,11.631341842390773
ethereum,1788566400000,2456.085066364875
hyperliquid,1788566400000,84.42714870960482
monero,1788566400000,520.5977490183706
ripple,1788566400000,1.3986937238549557
solana,1788566400000,101.92907583272797
tron,1788566400000,0.3314700643795388
zcash,1788566400000,1023.0377877508347
binancecoin,1788566700000,721.4531145123727
bitcoin,1788566700000,79656.13659468871
bitcoin-cash,1788566700000,247.9983231281314
cardano,1788566700000,0.21061999693730757
chainlink,1788566700000,11.62229507759224
ethereum,1788566700000,2455.3945570346464
hyperliquid,1788566700000,84.35196181937434
monero,1788566700000,519.5291213475145
ripple,1788566700000,1.3980177137300658
solana,1788566700000,101.86992346899723
tron,1788566700000,0.3316497334192106
zcash,1788566700000,1020.9352159740423
binancecoin,1788567000000,721.9886350342867
bitcoin,1788567000000,79669.41084464846
bitcoin-cash,1788567000000,246.26482390870063
cardano,1788567000000,0.21084450767475954
chainlink,1788567000000,11.623587654289446
ethereum,1788567000000,2455.299530991629
hyperliquid,1788567000000,84.35518353924415
monero,1788567000000,522.0627993805535
ripple,1788567000000,1.3990461349887777
solana,1788567000000,101.8538346804314
tron,1788567000000,0.331627185792446
zcash,1788567000000,1020.333454790637
binancecoin,1788567300000,721.4027927595777
bitcoin,1788567300000,79690.82067429143
bitcoin-cash,1788567300000,246.54767806284266
cardano,1788567300000,0.21088403577185835
chainlink,1788567300000,11.628081663706746
ethereum,1788567300000,2455.347688495647
hyperliquid,1788567300000,84.36404060225208
monero,1788567300000,522.825786210065
ripple,1788567300000,1.3992176789040527
solana,1788567300000,101.82027500881325
tron,1788567300000,0.33163436093644816
zcash,1788567300000,1022.0710956186701
binancecoin,1788567600000,720.2947970989803
bitcoin,1788567600000,79637.69325644226
bitcoin-cash,1788567600000,246.11922878537644
cardano,1788567600000,0.21117885863613967
chainlink,1788567600000,11.619613766340068
ethereum,1788567600000,2453.879289431695
hyperliquid,1788567600000,84.52705877006687
monero,1788567600000,522.3297937056499
ripple,1788567600000,1.3978186663010121
solana,1788567600000,101.76052782224254
tron,1788567600000,0.3316256220903818
zcash,1788567600000,1018.3455714133362
binancecoin,1788567900000,720.2779690463562
bitcoin,1788567900000,79650.38939202821
bitcoin-cash,1788567900000,246.1849709719931
cardano,1788567900000,0.21101850838795022
chainlink,1788567900000,11.613832564193096
ethereum,1788567900000,2453.6270612217045
hyperliquid,1788567900000,84.50026139180699
monero,1788567900000,523.6219323900618
ripple,1788567900000,1.3971452001470157
solana,1788567900000,101.8159348795385
tron,1788567900000,0.3316345611465565
zcash,1788567900000,1018.1118904904126
binancecoin,1788568200000,720.1697618448025
bitcoin,1788568200000,79666.64409559454
bitcoin-cash,1788568200000,246.18725875493257
cardano,1788568200000,0.21076016680712395
chainlink,1788568200000,11.619761287491668
ethereum,1788568200000,2453.3207565990183
hyperliquid,1788568200000,84.5467097152843
monero,1788568200000,522.6085335034218
ripple,1788568200000,1.3973976303799354
solana,1788568200000,101.85840101168183
tron,1788568200000,0.3315991869170607
zcash,1788568200000,1017.5919250742807
binancecoin,1788568500000,720.213618003881
bitcoin,1788568500000,79667.18679686991
bitcoin-cash,1788568500000,246.07785016997894
cardano,1788568500000,0.2104560274181129
chainlink,1788568500000,11.618260114652399
ethereum,1788568500000,2452.739001842375
hyperliquid,1788568500000,84.37965578631794
monero,1788568500000,524.0095995919578
ripple,1788568500000,1.3966291647976643
solana,1788568500000,101.83168799677235
tron,1788568500000,0.3316054177751722
zcash,1788568500000,1018.1451670672592
binancecoin,1788568800000,720.4011246097627
bitcoin,1788568800000,79656.85283361081
bitcoin-cash,1788568800000,246.42227093114792
cardano,1788568800000,0.2105776157844338
chainlink,1788568800000,11.636063387614545
ethereum,1788568800000,2454.5325569781508
hyperliquid,1788568800000,84.42633907288281
monero,1788568800000,523.2527167747858
ripple,1788568800000,1.3968352595053148
solana,1788568800000,101.9165862574497
tron,1788568800000,0.3317244355392997
zcash,1788568800000,1021.9221662907247
binancecoin,1788569100000,720.6634957781441
bitcoin,1788569100000,79646.23966847204
bitcoin-cash,1788569100000,246.73369720768977
cardano,1788569100000,0.2109818364616217
chainlink,1788569100000,11.645028953689955
ethereum,1788569100000,2454.7273213455023
hyperliquid,1788569100000,84.43387569330243
monero,1788569100000,526.7793273106704
ripple,1788569100000,1.3976542241414562
solana,1788569100000,101.88461094285692
tron,1788569100000,0.33169828976725685
zcash,1788569100000,1022.4576765495069
binancecoin,1788569400000,719.8353598315019
bitcoin,1788569400000,79609.60740973451
bitcoin-cash,1788569400000,246.61195823438976
cardano,1788569400000,0.2107337052871511
chainlink,1788569400000,11.632347802322931
ethereum,1788569400000,2453.1933488829873
hyperliquid,1788569400000,84.36088548540677
monero,1788569400000,527.2981833650515
ripple,1788569400000,1.397234787707156
solana,1788569400000,101.90904281384022
tron,1788569400000,0.33172021213259567
zcash,1788569400000,1022.0701523050436
binancecoin,1788569700000,720.2301562113747
bitcoin,1788569700000,79654.6456651646
bitcoin-cash,1788569700000,246.53959677972162
cardano,1788569700000,0.21099828861796033
chainlink,1788569700000,11.646134440397576
ethereum,1788569700000,2455.2935055181933
hyperliquid,1788569700000,84.53173365726714
monero,1788569700000,527.9534113618997
ripple,1788569700000,1.3992371691483294
solana,1788569700000,101.99271596751788
tron,1788569700000,0.33172007633425865
zcash,1788569700000,1023.9477252726494
binancecoin,1788570000000,719.784985549748
bitcoin,1788570000000,79593.020767888
bitcoin-cash,1788570000000,245.33741157304942
cardano,1788570000000,0.21054475003841697
chainlink,1788570000000,11.623803098941393
ethereum,1788570000000,2452.949671327691
hyperliquid,1788570000000,84.336040697755
monero,1788570000000,526.3155564543008
ripple,1788570000000,1.3958812632337083
solana,1788570000000,101.86228864193227
tron,1788570000000,0.33171758777998583
zcash,1788570000000,1019.0586275062329
binancecoin,1788570300000,719.9634116126985
bitcoin,1788570300000,79613.81506685044
bitcoin-cash,1788570300000,245.70680159971906
cardano,1788570300000,0.21060224146666157
chainlink,1788570300000,11.634743876136612
ethereum,1788570300000,2453.8860029383713
hyperliquid,1788570300000,84.22451451685413
monero,1788570300000,524.6491433666204
ripple,1788570300000,1.3970991333910572
solana,1788570300000,101.88661128937272
tron,1788570300000,0.33171996736374126
zcash,1788570300000,1017.6138880534161
zcash,1788570460000,1019.8741362151569
bitcoin,1788570470000,79630.56724475147
monero,1788570470000,524.2449413876514
bitcoin-cash,1788570480000,245.74221912854188
hyperliquid,1788570510000,84.26653635891769
binancecoin,1788570520000,720.1913330294295
cardano,1788570520000,0.21083576996113
tron,1788570530000,0.33169680172744137
ethereum,1788570590000,2455.291009642973
solana,1788570590000,101.96075209621021
chainlink,1788570600000,11.657238434346128
ripple,1788570600000,1.4002403652980644
chainlink,1788570610000,11.65723843434612
ripple,1788570610000,1.4002403652980646
binancecoin,1788570600000,720.2493269995886
bitcoin,1788570600000,79652.26193626359
bitcoin-cash,1788570600000,246.13030715393836
cardano,1788570600000,0.21100144850145316
ethereum,1788570600000,2455.255658451142
hyperliquid,1788570600000,84.30188355318093
monero,1788570600000,524.7606391419288
solana,1788570600000,101.96270285773028
tron,1788570600000,0.3317230512697827
zcash,1788570600000,1021.1710669573974
binancecoin,1788570900000,719.7099515905685
bitcoin,1788570900000,79650.24635664477
bitcoin-cash,1788570900000,245.94976918739775
cardano,1788570900000,0.2108704412223183
chainlink,1788570900000,11.6566852952984
ethereum,1788570900000,2454.2359436442657
hyperliquid,1788570900000,84.19323149164858
monero,1788570900000,524.2070528645743
ripple,1788570900000,1.3989912488626124
solana,1788570900000,101.90713525079971
tron,1788570900000,0.3317954944186989
zcash,1788570900000,1018.7049279277173
bitcoin,1788570910000,79651.0034766699
bitcoin-cash,1788570910000,245.9304854305253
monero,1788570910000,524.1564234852206
zcash,1788570910000,1018.7723265760922
binancecoin,1788570950000,719.7939057967452
hyperliquid,1788570970000,84.25745507860965
cardano,1788570980000,0.21102294144694825
tron,1788570980000,0.33179185631666486
ripple,1788571020000,1.3998390230237685
ethereum,1788571030000,2455.045141526513
chainlink,1788571040000,11.671981473115638
solana,1788571050000,101.93405586715116
binancecoin,1788571200000,720.8597824027395
bitcoin,1788571200000,79682.30778993407
bitcoin-cash,1788571200000,245.95171555466555
cardano,1788571200000,0.21101084879078502
chainlink,1788571200000,11.660270937607624
ethereum,1788571200000,2454.556263558873
hyperliquid,1788571200000,84.20058066180376
monero,1788571200000,524.8475398661957
ripple,1788571200000,1.4000003406581678
solana,1788571200000,101.89267302134094
tron,1788571200000,0.3317459361995502
zcash,1788571200000,1017.617346666554
bitcoin,1788571350000,79670.14108869125
bitcoin-cash,1788571350000,246.10766079643065
zcash,1788571350000,1016.0510956901264
monero,1788571360000,524.9253518415926
binancecoin,1788571380000,720.5465351100293
cardano,1788571400000,0.21080748921608483
hyperliquid,1788571420000,84.15193486509251
tron,1788571420000,0.3317664269017677
solana,1788571460000,101.90054243803642
chainlink,1788571480000,11.65267000209478
ripple,1788571480000,1.3993334322450344
ethereum,1788571490000,2454.1052221042537
binancecoin,1788571500000,720.6270627465079
bitcoin,1788571500000,79687.6582123776
bitcoin-cash,1788571500000,246.29515664265236
cardano,1788571500000,0.21138580404992188
chainlink,1788571500000,11.654377176410778
ethereum,1788571500000,2454.1052221042546
hyperliquid,1788571500000,84.17362398005218
monero,1788571500000,526.1430288222311
ripple,1788571500000,1.3993828600582416
solana,1788571500000,101.9220060498099
tron,1788571500000,0.331749698556029
zcash,1788571500000,1017.2847047792419
binancecoin,1788571800000,722.3192793449572
bitcoin,1788571800000,79686.18602594658
bitcoin-cash,1788571800000,246.48009785180395
cardano,1788571800000,0.21124035676700378
chainlink,1788571800000,11.661341148367015
ethereum,1788571800000,2455.607279470251
hyperliquid,1788571800000,84.25736653994612
monero,1788571800000,528.2978318537313
ripple,1788571800000,1.400939118890692
solana,1788571800000,102.03026036672331
tron,1788571800000,0.3317570741252105
zcash,1788571800000,1018.0338009413734
zcash,1788572070000,1018.1408350924088
bitcoin,1788572090000,79688.27465436242
bitcoin-cash,1788572090000,246.60094529811624
binancecoin,1788572100000,723.4315304407183
cardano,1788572100000,0.21115320854303699
chainlink,1788572100000,11.654244904537686
ethereum,1788572100000,2455.4770878511436
hyperliquid,1788572100000,84.25553720262204
monero,1788572100000,528.5706519114761
ripple,1788572100000,1.4017487396147383
solana,1788572100000,102.02273931230403
tron,1788572100000,0.3317723448853636
cardano,1788572150000,0.2110455047809976
solana,1788572150000,102.0001716409917
binancecoin,1788572160000,723.1561094100095
hyperliquid,1788572160000,84.2289637054833
ripple,1788572210000,1.4008114347366827
ethereum,1788572220000,2454.8065470603624
chainlink,1788572240000,11.663264772838025
tron,1788572240000,0.3317668407718199
bitcoin,1788572100000,79688.38227970414
bitcoin-cash,1788572100000,246.60152654140842
zcash,1788572100000,1018.3671677579691
binancecoin,1788572400000,722.5676108821209
bitcoin,1788572400000,79636.32687303716
bitcoin-cash,1788572400000,246.31295850900435
cardano,1788572400000,0.21096553642898072
chainlink,1788572400000,11.656998501394726
ethereum,1788572400000,2454.187890209366
hyperliquid,1788572400000,84.26382166675911
monero,1788572400000,528.8724002702102
ripple,1788572400000,1.4007890971659573
solana,1788572400000,102.08554812637986
tron,1788572400000,0.3317889921938474
zcash,1788572400000,1018.8758747689692
binancecoin,1788572700000,722.6126472083147
bitcoin,1788572700000,79650.32995134417
bitcoin-cash,1788572700000,246.4074542664592
cardano,1788572700000,0.21080543375087255
chainlink,1788572700000,11.656195253522446
ethereum,1788572700000,2454.213301836243
hyperliquid,1788572700000,84.24338611752424
monero,1788572700000,528.6175485638032
ripple,1788572700000,1.4007619924796655
solana,1788572700000,102.13541262709047
tron,1788572700000,0.3318047440774194
zcash,1788572700000,1019.4616511019155
binancecoin,1788573000000,721.9134618259733
bitcoin,1788573000000,79610.69444241987
bitcoin-cash,1788573000000,245.75345640289467
cardano,1788573000000,0.210578295146306
chainlink,1788573000000,11.649207183728581
ethereum,1788573000000,2453.2468749999807
hyperliquid,1788573000000,84.03845775536958
monero,1788573000000,529.3510766830715
ripple,1788573000000,1.39812093974933
solana,1788573000000,101.99263840705058
tron,1788573000000,0.33178777121757735
zcash,1788573000000,1015.4485612195655
chainlink,1788573140000,11.650576077105171
binancecoin,1788573300000,722.0141698042368
bitcoin,1788573300000,79601.11642620047
bitcoin-cash,1788573300000,245.80067349484037
cardano,1788573300000,0.21051592670678917
ethereum,1788573300000,2453.572953518644
hyperliquid,1788573300000,84.12159338324896
monero,1788573300000,529.3319596016397
ripple,1788573300000,1.397086149283457
solana,1788573300000,101.94057837399737
tron,1788573300000,0.33191606028924586
zcash,1788573300000,1014.7705490682868
bitcoin,1788573400000,79579.93801520113
zcash,1788573410000,1015.2009048387928
bitcoin-cash,1788573420000,245.8461623043603
monero,1788573420000,528.1399337410054
ripple,1788573470000,1.3968777575180804
cardano,1788573490000,0.21024116497793496
hyperliquid,1788573490000,84.16765250824031
binancecoin,1788573520000,721.3910788961778
solana,1788573520000,101.88151904824839
tron,1788573520000,0.3318936517002455
ethereum,1788573540000,2452.757935642569
chainlink,1788573300000,11.639610565101682
binancecoin,1788573600000,720.7294498697165
bitcoin,1788573600000,79547.32656799363
bitcoin-cash,1788573600000,245.8283347162649
cardano,1788573600000,0.21010997164606454
chainlink,1788573600000,11.630522458677302
ethereum,1788573600000,2452.4012274460833
hyperliquid,1788573600000,84.07476204916857
monero,1788573600000,528.0479603842355
ripple,1788573600000,1.3967990413321454
solana,1788573600000,101.87882311303353
tron,1788573600000,0.33189759778802147
zcash,1788573600000,1012.9524853089057
binancecoin,1788573900000,720.2964770494298
bitcoin,1788573900000,79518.8676231011
bitcoin-cash,1788573900000,245.7565793112392
cardano,1788573900000,0.20971448000610182
chainlink,1788573900000,11.625364739531227
ethereum,1788573900000,2450.857893928431
hyperliquid,1788573900000,84.08071754590658
monero,1788573900000,529.2694201271238
ripple,1788573900000,1.395696970536765
solana,1788573900000,101.82722797382876
tron,1788573900000,0.3320088939223294
zcash,1788573900000,1014.2937604916611
solana,1788573930000,101.84392139735505
chainlink,1788573960000,11.627466143189835
monero,1788574000000,529.5274185907489
bitcoin,1788574040000,79531.93387112039
bitcoin-cash,1788574040000,245.90104102670298
zcash,1788574060000,1014.2118824472398
hyperliquid,1788574100000,84.1031536989592
cardano,1788574110000,0.2097060525035616
binancecoin,1788574170000,720.7652474946858
ethereum,1788574170000,2451.8596813599515
tron,1788574180000,0.33200592968913073
ripple,1788574190000,1.396522280115243
binancecoin,1788574200000,720.7592333299683
bitcoin,1788574200000,79556.8739404614
bitcoin-cash,1788574200000,246.07657393018866
cardano,1788574200000,0.2101712393193677
chainlink,1788574200000,11.644727727537742
ethereum,1788574200000,2452.0952894860907
hyperliquid,1788574200000,84.1809569995156
monero,1788574200000,529.709959190238
ripple,1788574200000,1.39661830184166
solana,1788574200000,101.86308654888163
tron,1788574200000,0.3319614745203445
zcash,1788574200000,1016.6980488384813
binancecoin,1788574500000,721.2948972598666
bitcoin,1788574500000,79575.5148465774
bitcoin-cash,1788574500000,245.83902477205572
cardano,1788574500000,0.21008057799105853
chainlink,1788574500000,11.655102753883966
ethereum,1788574500000,2452.4303969276175
hyperliquid,1788574500000,84.15009944206824
monero,1788574500000,529.817306045121
ripple,1788574500000,1.3967466044185266
solana,1788574500000,101.8737664610979
tron,1788574500000,0.33213494287442813
zcash,1788574500000,1015.2274206484113
binancecoin,1788574800000,720.8272061957116
bitcoin,1788574800000,79590.4101909578
bitcoin-cash,1788574800000,245.8820297657268
cardano,1788574800000,0.21025705257803107
chainlink,1788574800000,11.668125975151511
ethereum,1788574800000,2452.8673795992377
hyperliquid,1788574800000,84.14152489961643
monero,1788574800000,525.7546324856804
ripple,1788574800000,1.3966022018489703
solana,1788574800000,101.86505202260004
tron,1788574800000,0.33207441256988574
zcash,1788574800000,1016.1937599818391
binancecoin,1788575100000,720.9408211368903
bitcoin,1788575100000,79598.17844971965
bitcoin-cash,1788575100000,246.2713737711943
cardano,1788575100000,0.210779495693285
chainlink,1788575100000,11.680965484152493
ethereum,1788575100000,2453.275731700414
hyperliquid,1788575100000,84.1568932672608
monero,1788575100000,527.3121559903931
ripple,1788575100000,1.3979706053868064
solana,1788575100000,101.89794840715501
tron,1788575100000,0.3320880410473387
zcash,1788575100000,1019.2335145203409
zcash,1788575260000,1019.7096353936539
solana,1788575270000,101.91332455441636
bitcoin-cash,1788575280000,246.34642285458813
chainlink,1788575280000,11.66707075811363
bitcoin,1788575330000,79548.44212082407
monero,1788575330000,528.0855755540376
hyperliquid,1788575350000,84.02479860799191
cardano,1788575360000,0.2106034944553106
binancecoin,1788575400000,720.4573096458134
ethereum,1788575400000,2451.345325539282
ripple,1788575400000,1.3957806137483182
tron,1788575400000,0.33190700049582855
ethereum,1788575410000,2451.4261999151654
ripple,1788575410000,1.395796437349407
binancecoin,1788575430000,720.7116159907398
tron,1788575430000,0.3319149940583742
bitcoin,1788575400000,79538.94813357451
bitcoin-cash,1788575400000,246.25177817074905
cardano,1788575400000,0.21060902204741214
chainlink,1788575400000,11.658460909745159
hyperliquid,1788575400000,84.01792056276811
monero,1788575400000,528.457701095695
solana,1788575400000,101.80302044968128
zcash,1788575400000,1019.8466958658942
binancecoin,1788575700000,720.5729323980771
bitcoin,1788575700000,79575.10155399099
bitcoin-cash,1788575700000,246.34391916141377
cardano,1788575700000,0.210256232477736
chainlink,1788575700000,11.670807588073142
ethereum,1788575700000,2452.427427190866
hyperliquid,1788575700000,84.13198402279089
monero,1788575700000,529.1104804968728
ripple,1788575700000,1.3963876727426128
solana,1788575700000,101.8618457838658
tron,1788575700000,0.33185850389991306
zcash,1788575700000,1022.6119838066103
binancecoin,1788576000000,721.2788531937865
bitcoin,1788576000000,79598.46552708554
bitcoin-cash,1788576000000,246.72576813732198
cardano,1788576000000,0.21062175875821432
chainlink,1788576000000,11.694512583001966
ethereum,1788576000000,2452.7656862591593
hyperliquid,1788576000000,84.18022735865264
monero,1788576000000,530.7950270261686
ripple,1788576000000,1.3972778179822836
solana,1788576000000,101.93413105374884
tron,1788576000000,0.33196860637642217
zcash,1788576000000,1022.8781385207501
bitcoin-cash,1788576020000,246.73016987570608
chainlink,1788576030000,11.696229307017022
monero,1788576030000,530.689498580126
hyperliquid,1788576090000,84.20728037474301
bitcoin,1788576100000,79617.457851059
ripple,1788576100000,1.3976929674289662
cardano,1788576110000,0.21072454291250076
tron,1788576140000,0.33200709466673667
binancecoin,1788576160000,721.6730673160264
ethereum,1788576160000,2453.2662093184776
zcash,1788576180000,1026.061424004594
binancecoin,1788576300000,721.4279683038133
bitcoin,1788576300000,79624.77749192981
bitcoin-cash,1788576300000,246.95785924686282
cardano,1788576300000,0.21089293490785754
chainlink,1788576300000,11.693973277483057
ethereum,1788576300000,2453.1756635944043
hyperliquid,1788576300000,84.19146351940879
monero,1788576300000,530.8179100509503
ripple,1788576300000,1.3979800163856924
solana,1788576300000,101.9452076976419
tron,1788576300000,0.33184147319740825
zcash,1788576300000,1027.3197392348895
binancecoin,1788576600000,720.7107343650484
bitcoin,1788576600000,79577.19423879657
bitcoin-cash,1788576600000,246.51196707716426
cardano,1788576600000,0.2107501880084094
chainlink,1788576600000,11.68624872492918
ethereum,1788576600000,2451.983363011757
hyperliquid,1788576600000,84.13327224316888
monero,1788576600000,530.7991899419115
ripple,1788576600000,1.3978344526873352
solana,1788576600000,101.88921456373198
tron,1788576600000,0.33161123103036805
zcash,1788576600000,1026.3392413462939
zcash,1788576840000,1028.8277848391197
tron,1788576860000,0.3315103589082137
binancecoin,1788576900000,720.8195711775902
bitcoin,1788576900000,79570.91785321296
bitcoin-cash,1788576900000,246.58496482948362
cardano,1788576900000,0.21069172613811266
chainlink,1788576900000,11.67097684405171
ethereum,1788576900000,2452.4287606585367
hyperliquid,1788576900000,84.10716455508889
monero,1788576900000,531.4739796265306
ripple,1788576900000,1.397705017872537
solana,1788576900000,101.9049277856283
solana,1788577020000,101.95135776686703
chainlink,1788577040000,11.67613077818933
monero,1788577040000,532.0455680918828
bitcoin-cash,1788577050000,246.81995394170985
binancecoin,1788577090000,720.975811826806
cardano,1788577100000,0.21046984868202567
ethereum,1788577100000,2453.204798797613
bitcoin,1788577110000,79583.41042200902
hyperliquid,1788577160000,84.11962466751294
ripple,1788577180000,1.398387541287944
tron,1788576900000,0.33154502068437003
zcash,1788576900000,1028.5756002726525
binancecoin,1788577200000,720.9185704649244
bitcoin,1788577200000,79577.31078765137
bitcoin-cash,1788577200000,247.09312551716044
cardano,1788577200000,0.21036479729048976
chainlink,1788577200000,11.682778931530677
ethereum,1788577200000,2453.363423349342
hyperliquid,1788577200000,84.11917142047099
monero,1788577200000,532.5212008997826
ripple,1788577200000,1.3985688116332244
solana,1788577200000,101.97729384401767
tron,1788577200000,0.33151037695611224
zcash,1788577200000,1030.2229932074224
binancecoin,1788577500000,721.2727095579992
bitcoin,1788577500000,79563.7615673952
bitcoin-cash,1788577500000,247.3043462678575
cardano,1788577500000,0.21054308352176587
chainlink,1788577500000,11.6917804884107
ethereum,1788577500000,2452.5210778850765
hyperliquid,1788577500000,84.06964547631738
monero,1788577500000,531.2099292075595
ripple,1788577500000,1.3986824490215983
solana,1788577500000,101.90310741472153
tron,1788577500000,0.33171539509869724
zcash,1788577500000,1031.9332524416805
binancecoin,1788577800000,721.8046101339852
bitcoin,1788577800000,79537.13978509037
bitcoin-cash,1788577800000,247.105576144851
cardano,1788577800000,0.21037858374168605
chainlink,1788577800000,11.674544414542547
ethereum,1788577800000,2451.5944600816556
hyperliquid,1788577800000,84.00259185252452
monero,1788577800000,530.7996855991737
ripple,1788577800000,1.3979999739860134
solana,1788577800000,101.81522347159111
tron,1788577800000,0.3318823126166263
zcash,1788577800000,1027.089353124089
binancecoin,1788578100000,721.536323473672
bitcoin,1788578100000,79562.33600841057
bitcoin-cash,1788578100000,247.19029687713035
cardano,1788578100000,0.21063490222689427
chainlink,1788578100000,11.686767597573374
ethereum,1788578100000,2452.6686539106877
hyperliquid,1788578100000,83.8947461599099
monero,1788578100000,530.3666106783529
ripple,1788578100000,1.3997521270812419
solana,1788578100000,101.88291291379126
tron,1788578100000,0.33185864605659793
zcash,1788578100000,1026.661546897126
binancecoin,1788578400000,722.5731330469863
bitcoin,1788578400000,79597.55649378762
bitcoin-cash,1788578400000,247.34986453144444
cardano,1788578400000,0.21076755893126112
chainlink,1788578400000,11.687029767922892
ethereum,1788578400000,2453.105121546701
hyperliquid,1788578400000,83.897383607333
monero,1788578400000,530.041578694159
ripple,1788578400000,1.3991036275196693
solana,1788578400000,101.87295015969627
tron,1788578400000,0.3318198276795372
zcash,1788578400000,1025.3859927524836
binancecoin,1788578700000,723.1592531593085
bitcoin,1788578700000,79597.82394778318
bitcoin-cash,1788578700000,247.3866020708601
cardano,1788578700000,0.2107452323837397
chainlink,1788578700000,11.68735148637108
ethereum,1788578700000,2453.380481804328
hyperliquid,1788578700000,83.85079982556056
monero,1788578700000,530.9932475957731
ripple,1788578700000,1.399803734305915
solana,1788578700000,101.91794684692321
tron,1788578700000,0.3318695007212073
zcash,1788578700000,1028.3686489401152
hyperliquid,1788578720000,83.90667214508801
ethereum,1788578730000,2453.0676772774673
chainlink,1788578860000,11.691728323916196
solana,1788578860000,101.95441409443683
tron,1788578860000,0.3318658586921495
zcash,1788578860000,1031.7679559794803
bitcoin-cash,1788578900000,247.5262621695103
bitcoin,1788578910000,79603.72068970423
monero,1788578910000,529.4120263715333
cardano,1788578930000,0.21080210214255218
binancecoin,1788578990000,723.2165755926582
ripple,1788578990000,1.4001668466326647
binancecoin,1788579000000,723.3011835730895
bitcoin,1788579000000,79597.32299002958
bitcoin-cash,1788579000000,247.55010142293997
cardano,1788579000000,0.21084092909231378
chainlink,1788579000000,11.68580332953973
ethereum,1788579000000,2453.7332309223075
hyperliquid,1788579000000,83.98971954791348
monero,1788579000000,530.1508435961673
ripple,1788579000000,1.400416994547301
solana,1788579000000,101.94930340519093
tron,1788579000000,0.3318713260845619
zcash,1788579000000,1029.8354979724027
binancecoin,1788579300000,723.4144421441648
bitcoin,1788579300000,79605.21814749211
bitcoin-cash,1788579300000,247.3259065139559
cardano,1788579300000,0.21093311615554985
chainlink,1788579300000,11.702844043299773
ethereum,1788579300000,2454.6200276557074
hyperliquid,1788579300000,84.03324193077113
monero,1788579300000,530.6277220464449
ripple,1788579300000,1.3999192338844013
solana,1788579300000,101.96474485786024
tron,1788579300000,0.3318854364177106
zcash,1788579300000,1028.3594456535373
binancecoin,1788579600000,724.3159057762441
bitcoin,1788579600000,79622.08781576512
bitcoin-cash,1788579600000,247.40335052895833
cardano,1788579600000,0.21098799667155893
chainlink,1788579600000,11.700996824817109
ethereum,1788579600000,2454.8665184689376
hyperliquid,1788579600000,84.05827085173162
monero,1788579600000,530.714435630308
ripple,1788579600000,1.3999988322136552
solana,1788579600000,101.96712684880325
tron,1788579600000,0.33187189715881554
zcash,1788579600000,1027.051486336175
binancecoin,1788579900000,724.5450532920728
bitcoin,1788579900000,79627.62625994973
bitcoin-cash,1788579900000,247.5906783763002
cardano,1788579900000,0.21083737422493737
chainlink,1788579900000,11.706041893082043
ethereum,1788579900000,2454.1524499928414
hyperliquid,1788579900000,84.15329235916816
monero,1788579900000,532.4921259012317
ripple,1788579900000,1.4006224587203548
solana,1788579900000,101.98020988907437
tron,1788579900000,0.3318856112946563
zcash,1788579900000,1028.7840319978436
binancecoin,1788580200000,723.9346870809385
bitcoin,1788580200000,79628.82015473048
bitcoin-cash,1788580200000,247.41197723865292
cardano,1788580200000,0.2107089198048085
chainlink,1788580200000,11.697869781220847
ethereum,1788580200000,2454.6716977318642
hyperliquid,1788580200000,84.12069769285658
monero,1788580200000,532.2517531496518
ripple,1788580200000,1.4001793302699017
solana,1788580200000,101.98749424482888
tron,1788580200000,0.3319922571820035
zcash,1788580200000,1025.9337817350647
ripple,1788580490000,1.3987000192058079
binancecoin,1788580500000,724.1310267136083
bitcoin,1788580500000,79609.46174463606
bitcoin-cash,1788580500000,247.41702895806088
cardano,1788580500000,0.21059828276852183
chainlink,1788580500000,11.68347231313597
ethereum,1788580500000,2453.588728309792
hyperliquid,1788580500000,83.98212797225432
monero,1788580500000,533.6498335281702
solana,1788580500000,101.9289064511884
tron,1788580500000,0.3319615973355541
zcash,1788580500000,1025.1847061451897
ethereum,1788580670000,2452.820937916646
hyperliquid,1788580670000,83.97155050566101
tron,1788580690000,0.33197339353673705
chainlink,1788580730000,11.668516739358939
monero,1788580750000,533.8186301041659
solana,1788580750000,101.89356791120836
bitcoin-cash,1788580760000,247.39867581280527
binancecoin,1788580800000,723.6289433417346
bitcoin,1788580800000,79591.52525925986
cardano,1788580800000,0.21051960337512074
zcash,1788580800000,1024.7030700508915
binancecoin,1788580820000,723.5783816383408
bitcoin,1788580820000,79595.81815945325
cardano,1788580820000,0.2103988527348728
zcash,1788580820000,1025.0182049193734
ripple,1788580500000,1.3985430116785451
bitcoin-cash,1788580800000,247.45980515035973
chainlink,1788580800000,11.670530702130119
ethereum,1788580800000,2452.7532886736326
hyperliquid,1788580800000,83.96261731253438
monero,1788580800000,533.2612603985112
ripple,1788580800000,1.3974284180349614
solana,1788580800000,101.8969375552106
tron,1788580800000,0.3319923494771799
binancecoin,1788581100000,723.0819312860546
bitcoin,1788581100000,79582.38014292768
bitcoin-cash,1788581100000,247.55279190770207
cardano,1788581100000,0.21023553343992382
chainlink,1788581100000,11.65858567176029
ethereum,1788581100000,2452.5952937594498
hyperliquid,1788581100000,83.86799095318834
monero,1788581100000,534.1655334970175
ripple,1788581100000,1.3971974347352079
solana,1788581100000,101.85672597570368
tron,1788581100000,0.33207214451725975
zcash,1788581100000,1025.9260534035363
binancecoin,1788581400000,722.414009559369
bitcoin,1788581400000,79562.69656807599
bitcoin-cash,1788581400000,247.45949247523336
cardano,1788581400000,0.21022357472125636
chainlink,1788581400000,11.655398897129295
ethereum,1788581400000,2451.6552777455645
hyperliquid,1788581400000,83.832731337322
monero,1788581400000,535.232109293223
ripple,1788581400000,1.3963003227865565
solana,1788581400000,101.74914513450922
tron,1788581400000,0.3320082742560475
zcash,1788581400000,1024.533723006443
binancecoin,1788581700000,722.1577557208184
bitcoin,1788581700000,79547.8231869326
bitcoin-cash,1788581700000,247.49872744510284
cardano,1788581700000,0.2101782770518868
chainlink,1788581700000,11.646700920340939
ethereum,1788581700000,2451.234719188891
hyperliquid,1788581700000,83.79969571579323
monero,1788581700000,534.2758036732149
ripple,1788581700000,1.395884565693148
solana,1788581700000,101.76649835783846
tron,1788581700000,0.33189467505107545
zcash,1788581700000,1024.886048837488
binancecoin,1788582000000,722.2922997888479
bitcoin,1788582000000,79572.24461511239
bitcoin-cash,1788582000000,247.73046327275412
cardano,1788582000000,0.2103755356841257
chainlink,1788582000000,11.662468398454683
ethereum,1788582000000,2452.3333698277047
hyperliquid,1788582000000,83.85911156141897
monero,1788582000000,534.7125197136872
ripple,1788582000000,1.397682763489177
solana,1788582000000,101.89058262468423
tron,1788582000000,0.331867166437915
zcash,1788582000000,1024.4822522946822
binancecoin,1788582300000,722.2058778941143
bitcoin,1788582300000,79580.17230067131
bitcoin-cash,1788582300000,247.99835623409444
cardano,1788582300000,0.21059523205049469
chainlink,1788582300000,11.665985985294666
ethereum,1788582300000,2452.410250742888
hyperliquid,1788582300000,83.8453634566884
monero,1788582300000,529.2853061074036
ripple,1788582300000,1.397602281660981
solana,1788582300000,101.90644504035124
tron,1788582300000,0.3319045959433703
zcash,1788582300000,1024.632393036061
binancecoin,1788582310000,722.1162016006442
hyperliquid,1788582480000,83.8870348014617
monero,1788582500000,531.315091863454
ripple,1788582500000,1.3978802263618537
solana,1788582500000,101.89247338039188
bitcoin,1788582530000,79581.77158604773
cardano,1788582560000,0.2106594145575038
ethereum,1788582560000,2452.598207112311
zcash,1788582570000,1024.2056837422067
bitcoin-cash,1788582600000,248.06599053068675
chainlink,1788582600000,11.668288400511548
tron,1788582600000,0.33188927170052773
bitcoin-cash,1788582650000,248.16609030232377
chainlink,1788582650000,11.668568330736171
tron,1788582650000,0.3318615000160908
binancecoin,1788582600000,721.7025626918078
hyperliquid,1788582600000,83.9304620462218
ripple,1788582600000,1.3975058106289848
solana,1788582600000,101.90203699797993
binancecoin,1788582900000,722.1207147025955
hyperliquid,1788582900000,83.97467277608469
ripple,1788582900000,1.3979639720564563
solana,1788582900000,101.931208823119
binancecoin,1788583200000,721.8517630310815
hyperliquid,1788583200000,83.92979008867492
ripple,1788583200000,1.3972512885915318
solana,1788583200000,101.8964545090176
binancecoin,1788583500000,722.2529467742384
hyperliquid,1788583500000,83.98763126942188
ripple,1788583500000,1.398325227802799
solana,1788583500000,101.90905158350853
binancecoin,1788583800000,721.8246982556244
hyperliquid,1788583800000,83.86914345953059
ripple,1788583800000,1.3971431863055195
solana,1788583800000,101.79019074252558
binancecoin,1788583920000,721.7792618839602
ripple,1788583930000,1.3968557051872479
hyperliquid,1788583940000,83.88571863075053
solana,1788583960000,101.7829906880687
bitcoin,1788582600000,79567.59115386991
cardano,1788582600000,0.21062259262562344
ethereum,1788582600000,2452.5514318660303
monero,1788582600000,532.662686227913
zcash,1788582600000,1024.3104420099598
bitcoin,1788582900000,79564.01912656358
bitcoin-cash,1788582900000,248.32271834299434
cardano,1788582900000,0.21076860362236147
chainlink,1788582900000,11.670284578086942
ethereum,1788582900000,2452.0633960239343
monero,1788582900000,532.9747129867806
tron,1788582900000,0.3317714188383104
zcash,1788582900000,1023.5205689143434
bitcoin,1788583200000,79538.19335413033
bitcoin-cash,1788583200000,248.25338022990965
cardano,1788583200000,0.21076727976402646
chainlink,1788583200000,11.660551534331171
ethereum,1788583200000,2450.842938581181
monero,1788583200000,532.7415122528251
tron,1788583200000,0.3316743400659985
zcash,1788583200000,1018.5215263651161
bitcoin,1788583500000,79542.03484005596
bitcoin-cash,1788583500000,248.51339335608316
cardano,1788583500000,0.21087692406672873
chainlink,1788583500000,11.66523114638558
ethereum,1788583500000,2451.2452070888335
monero,1788583500000,533.6524616283197
tron,1788583500000,0.3316592246652298
zcash,1788583500000,1018.3901213672098
bitcoin,1788583800000,79558.81012017191
bitcoin-cash,1788583800000,248.16096651383705
cardano,1788583800000,0.21061194830309884
chainlink,1788583800000,11.644396286911315
ethereum,1788583800000,2450.278236521767
monero,1788583800000,531.6797439882931
tron,1788583800000,0.33182654304587944
zcash,1788583800000,1018.482808988394
binancecoin,1788584100000,722.01317877585
bitcoin,1788584100000,79547.47133313846
bitcoin-cash,1788584100000,248.44816283105277
cardano,1788584100000,0.2110811752676601
chainlink,1788584100000,11.647091049717147
ethereum,1788584100000,2450.5891256847176
hyperliquid,1788584100000,83.99179077698581
monero,1788584100000,533.674597174487
ripple,1788584100000,1.3984666296481714
solana,1788584100000,101.86864968975082
tron,1788584100000,0.3317881571188112
zcash,1788584100000,1019.5816731001191
binancecoin,1788584270000,721.9475737097117
hyperliquid,1788584270000,83.98839473333915
solana,1788584270000,101.86587605418426
ripple,1788584280000,1.3988111813225004
cardano,1788584330000,0.21106124160304374
monero,1788584330000,533.7305451908893
bitcoin,1788584340000,79544.68414158099
zcash,1788584340000,1016.7083116284332
bitcoin-cash,1788584400000,248.0985357176724
chainlink,1788584400000,11.650153718147509
ethereum,1788584400000,2449.4302366577967
tron,1788584400000,0.3317979438947106
bitcoin-cash,1788584420000,248.08985259794747
chainlink,1788584420000,11.652703417330173
ethereum,1788584420000,2449.4641288011985
tron,1788584420000,0.33177855955805524
binancecoin,1788584400000,721.5354399936891
bitcoin,1788584400000,79513.2875742262
cardano,1788584400000,0.210796321242856
hyperliquid,1788584400000,83.9918400871145
monero,1788584400000,533.2996775996771
ripple,1788584400000,1.398204212332794
solana,1788584400000,101.77694873355797
zcash,1788584400000,1015.8801356060923
binancecoin,1788584700000,721.0492488982063
bitcoin,1788584700000,79476.81335650758
bitcoin-cash,1788584700000,247.1710249710035
cardano,1788584700000,0.210480862859213
chainlink,1788584700000,11.625644839920222
ethereum,1788584700000,2446.851200739068
hyperliquid,1788584700000,83.84444234794647
monero,1788584700000,531.8324912461482
ripple,1788584700000,1.3963264539846199
solana,1788584700000,101.64626933031312
tron,1788584700000,0.33170660111901296
zcash,1788584700000,1015.205675219081
bitcoin-cash,1788584810000,247.1375262732075
chainlink,1788584840000,11.62458682658522
ripple,1788584970000,1.397064410186803
solana,1788584970000,101.73411228512381
binancecoin,1788585000000,721.5741212362573
bitcoin,1788585000000,79472.27234664038
cardano,1788585000000,0.21068149298927372
ethereum,1788585000000,2446.8646124335223
hyperliquid,1788585000000,83.78532332014233
monero,1788585000000,531.2348325646035
tron,1788585000000,0.33170041195498645
zcash,1788585000000,1017.6540299337753
bitcoin,1788585020000,79476.10349327311
monero,1788585030000,530.8747193969614
zcash,1788585030000,1017.6598181015486
binancecoin,1788585050000,721.6879897478436
cardano,1788585050000,0.2107240467863126
ethereum,1788585070000,2448.4797071577964
hyperliquid,1788585070000,83.84930933559573
tron,1788585110000,0.33179150849534206
bitcoin-cash,1788585000000,247.24726044083692
chainlink,1788585000000,11.642767115161494
ripple,1788585000000,1.3968062281301856
solana,1788585000000,101.73362644598166
binancecoin,1788585300000,722.331641327395
bitcoin,1788585300000,79564.26216415963
bitcoin-cash,1788585300000,247.5736496589088
cardano,1788585300000,0.21071609239633318
chainlink,1788585300000,11.668929677944455
ethereum,1788585300000,2450.0214731804244
hyperliquid,1788585300000,83.93189479483667
monero,1788585300000,531.505506164044
ripple,1788585300000,1.3979449630103478
solana,1788585300000,101.81711084631024
tron,1788585300000,0.33184813776795846
zcash,1788585300000,1022.136379170014
cardano,1788585380000,0.21072332672404048
binancecoin,1788585430000,722.741359324534
ethereum,1788585430000,2450.5814876328946
hyperliquid,1788585440000,83.94110841317392
tron,1788585450000,0.33185410628570167
chainlink,1788585500000,11.668711830663481
bitcoin-cash,1788585520000,247.83077534134162
bitcoin,1788585600000,79562.84475412105
monero,1788585600000,532.0176803136414
ripple,1788585600000,1.3978143973851067
solana,1788585600000,101.76076710911744
zcash,1788585600000,1018.800139654781
ripple,1788585630000,1.3978168662867796
solana,1788585630000,101.76397245612088
monero,1788585650000,531.5635664511808
bitcoin,1788585710000,79565.85904452865
zcash,1788585710000,1019.6171795599998
binancecoin,1788585600000,722.3212828949103
bitcoin-cash,1788585600000,247.7922397420589
cardano,1788585600000,0.210968215857825
chainlink,1788585600000,11.658658985713442
ethereum,1788585600000,2449.89132635384
hyperliquid,1788585600000,83.88692863222151
tron,1788585600000,0.33184959101286465
binancecoin,1788585900000,722.1551894243595
bitcoin,1788585900000,79541.13692279403
bitcoin-cash,1788585900000,247.52765258190377
cardano,1788585900000,0.21071458807842866
chainlink,1788585900000,11.642428584722122
ethereum,1788585900000,2449.4651418735034
hyperliquid,1788585900000,83.87823413478998
monero,1788585900000,531.1586235617308
ripple,1788585900000,1.397146126154628
solana,1788585900000,101.7249589483231
tron,1788585900000,0.33189651712805285
zcash,1788585900000,1019.9601174201364
ripple,1788585940000,1.397031322323465
bitcoin,1788586020000,79541.87199532095
monero,1788586030000,530.4816669869995
solana,1788586030000,101.71881887987116
zcash,1788586030000,1019.6981263055402
binancecoin,1788586120000,722.1398516736115
ethereum,1788586130000,2450.2143465075355
hyperliquid,1788586150000,83.93189171181614
tron,1788586160000,0.3319882917772243
bitcoin-cash,1788586200000,247.55051683408252
cardano,1788586200000,0.210844327049565
chainlink,1788586200000,11.648970113396604
bitcoin-cash,1788586230000,247.5559188468819
binancecoin,1788586200000,722.6169880875732
bitcoin,1788586200000,79589.42133085079
ethereum,1788586200000,2450.9103518502575
hyperliquid,1788586200000,84.04689181437217
monero,1788586200000,531.516642258026
ripple,1788586200000,1.3986952664134857
solana,1788586200000,101.79807717408526
tron,1788586200000,0.3319714989539197
zcash,1788586200000,1022.8316859308477
binancecoin,1788586500000,722.7916341198968
bitcoin,1788586500000,79600.20274843849
bitcoin-cash,1788586500000,247.58566831047588
cardano,1788586500000,0.2108007663080986
chainlink,1788586500000,11.626391688365665
ethereum,1788586500000,2450.6337253439438
hyperliquid,1788586500000,84.04773117887206
monero,1788586500000,531.4824419473483
ripple,1788586500000,1.3985671526702614
solana,1788586500000,101.82497006367592
tron,1788586500000,0.33190044078104336
zcash,1788586500000,1025.860159896734
bitcoin,1788586680000,79585.4088864356
ripple,1788586690000,1.3985695699556087
solana,1788586700000,101.81690085360789
zcash,1788586700000,1024.2166803227365
monero,1788586770000,530.797499784553
binancecoin,1788586790000,722.5636066748446
bitcoin-cash,1788586800000,247.6632104547269
cardano,1788586800000,0.21041252479883843
chainlink,1788586800000,11.628342627378816
ethereum,1788586800000,2450.3211293174622
hyperliquid,1788586800000,84.11002197054152
tron,1788586800000,0.33185064197359976
ethereum,1788586820000,2450.398688549249
hyperliquid,1788586820000,84.10824767037779
tron,1788586820000,0.33187914463428925
chainlink,1788586870000,11.632148176206897
cardano,1788586900000,0.21057995429402088
bitcoin-cash,1788586910000,248.15521136080136
binancecoin,1788586800000,722.5236464166487
bitcoin,1788586800000,79584.58354923973
monero,1788586800000,530.8096135757015
ripple,1788586800000,1.3985827591755937
solana,1788586800000,101.80915036669776
zcash,1788586800000,1023.7162372940406
binancecoin,1788587100000,722.2152282594535
bitcoin,1788587100000,79546.23757113033
bitcoin-cash,1788587100000,248.20840256463106
cardano,1788587100000,0.21042673019232064
chainlink,1788587100000,11.634819754924509
ethereum,1788587100000,2450.7567536287866
hyperliquid,1788587100000,84.10215309452732
monero,1788587100000,532.0302301440454
ripple,1788587100000,1.3986555055300387
solana,1788587100000,101.77770606905949
tron,1788587100000,0.3319120682060013
zcash,1788587100000,1020.5119388142233
chainlink,1788587190000,11.630763089755975
cardano,1788587220000,0.21039773341274734
binancecoin,1788587230000,722.1414670879949
bitcoin,1788587230000,79532.63141299208
bitcoin-cash,1788587230000,248.1577157118382
ethereum,1788587230000,2450.2492720584864
hyperliquid,1788587230000,84.03147159872886
monero,1788587230000,530.4977753805293
ripple,1788587230000,1.3975073520728138
solana,1788587230000,101.7653636740541
tron,1788587230000,0.33186523127594086
zcash,1788587230000,1019.9655097262101
binancecoin,1788587400000,722.0207676207554
bitcoin,1788587400000,79534.83385537678
bitcoin-cash,1788587400000,248.15763502322997
cardano,1788587400000,0.21038516401511761
chainlink,1788587400000,11.6261968551242
ethereum,1788587400000,2450.318536396129
hyperliquid,1788587400000,83.9989950049385
monero,1788587400000,527.9788672599838
ripple,1788587400000,1.3979615064213824
solana,1788587400000,101.7962869101817
tron,1788587400000,0.33189049632931583
zcash,1788587400000,1017.573487043723
binancecoin,1788587700000,722.4850779640807
bitcoin,1788587700000,79579.73869259199
bitcoin-cash,1788587700000,248.3171655341274
cardano,1788587700000,0.21084888035901128
chainlink,1788587700000,11.63933936607488
ethereum,1788587700000,2451.21308331826
hyperliquid,1788587700000,84.08933214108936
monero,1788587700000,528.9721730107199
ripple,1788587700000,1.3994630697895525
solana,1788587700000,101.84976527494061
tron,1788587700000,0.33192131145749587
zcash,1788587700000,1018.6504920766511
binancecoin,1788588000000,722.5485437117843
bitcoin,1788588000000,79586.59732593811
bitcoin-cash,1788588000000,248.6495445014474
cardano,1788588000000,0.21124464309433783
chainlink,1788588000000,11.652692444768812
ethereum,1788588000000,2451.239406458116
hyperliquid,1788588000000,84.15573596469636
monero,1788588000000,528.9490358262854
ripple,1788588000000,1.399359503172118
solana,1788588000000,101.88104021077379
tron,1788588000000,0.33199688294002744
zcash,1788588000000,1015.9113063736359
solana,1788588260000,101.91127573288652
binancecoin,1788588300000,722.334951015587
bitcoin,1788588300000,79612.45282341448
bitcoin-cash,1788588300000,248.90301001037656
cardano,1788588300000,0.21153118155936712
chainlink,1788588300000,11.657293026713386
ethereum,1788588300000,2451.7242720705203
hyperliquid,1788588300000,84.11063605780828
monero,1788588300000,527.6726692725971
ripple,1788588300000,1.399633062036386
tron,1788588300000,0.3320002354531123
zcash,1788588300000,1013.1074307964469
tron,1788588340000,0.33201280981187303
cardano,1788588550000,0.21185575875564713
bitcoin-cash,1788588560000,248.9589060753583
binancecoin,1788588600000,722.73057176809
bitcoin,1788588600000,79591.29136103901
chainlink,1788588600000,11.651772999811755
ethereum,1788588600000,2451.259588329878
hyperliquid,1788588600000,84.02930278654594
monero,1788588600000,526.7555935548419
ripple,1788588600000,1.3992050954818769
zcash,1788588600000,1013.9547863672403
monero,1788588620000,526.7555935548419
bitcoin,1788588630000,79620.77837005245
zcash,1788588630000,1015.7902963318371
chainlink,1788588650000,11.667327908493991
binancecoin,1788588680000,722.9677531914654
ripple,1788588680000,1.400853644128528
ethereum,1788588700000,2452.145571627485
hyperliquid,1788588720000,84.09610544894817
solana,1788588300000,101.91063966809656
bitcoin-cash,1788588600000,249.08165845443844
cardano,1788588600000,0.21197451458766525
solana,1788588600000,101.8536729396377
tron,1788588600000,0.33196940393306257
binancecoin,1788588900000,722.4752161855687
bitcoin,1788588900000,79633.52194289627
bitcoin-cash,1788588900000,249.5448349491672
cardano,1788588900000,0.2123105837072805
chainlink,1788588900000,11.659473131857442
ethereum,1788588900000,2452.0411290758075
hyperliquid,1788588900000,84.06669711557095
monero,1788588900000,527.7191703282055
ripple,1788588900000,1.4008526142308046
solana,1788588900000,101.89671668162327
tron,1788588900000,0.33199664958360553
zcash,1788588900000,1014.7189607969618
chainlink,1788588980000,11.653186969148921
ripple,1788588990000,1.4008553691905905
monero,1788589000000,527.3716720339316
binancecoin,1788589060000,722.6295054352868
solana,1788589060000,101.88258981890945
ethereum,1788589070000,2451.8550894671835
hyperliquid,1788589070000,84.01045134412435
tron,1788589160000,0.33197708926654435
bitcoin,1788589200000,79629.20316639647
bitcoin-cash,1788589200000,250.03599085515685
cardano,1788589200000,0.21214574839237949
zcash,1788589200000,1013.5213429608928
cardano,1788589220000,0.21215345549768166
bitcoin,1788589250000,79631.46218327625
zcash,1788589270000,1014.1983052043785
bitcoin-cash,1788589280000,250.04923727249812
binancecoin,1788589200000,722.9011844862257
chainlink,1788589200000,11.66535936642194
ethereum,1788589200000,2451.7795396642673
hyperliquid,1788589200000,84.03556243311301
monero,1788589200000,526.6034827084341
ripple,1788589200000,1.4004513830735361
solana,1788589200000,101.95830208177289
tron,1788589200000,0.33200303747876586
binancecoin,1788589500000,722.6828441269905
bitcoin,1788589500000,79638.84599273314
bitcoin-cash,1788589500000,250.43043168767267
cardano,1788589500000,0.21246181826427696
chainlink,1788589500000,11.671918813847572
ethereum,1788589500000,2452.055883991494
hyperliquid,1788589500000,84.0680124245877
monero,1788589500000,526.9263693640751
ripple,1788589500000,1.4009549284932936
solana,1788589500000,102.01645298678193
tron,1788589500000,0.33195923278204775
zcash,1788589500000,1014.4322633776117
bitcoin,1788589580000,79631.2132799494
zcash,1788589610000,1014.1288049592804
bitcoin-cash,1788589660000,250.40357781719987
ripple,1788589660000,1.4013637701904345
chainlink,1788589670000,11.6740539040483
monero,1788589680000,527.6463824769966
binancecoin,1788589730000,722.7215800467858
ethereum,1788589730000,2451.582037389425
solana,1788589730000,102.03168987490709
hyperliquid,1788589740000,83.97602022557541
cardano,1788589800000,0.21252254045842364
tron,1788589800000,0.33199430455382445
tron,1788589820000,0.33200195899037876
cardano,1788589880000,0.21254614496438456
binancecoin,1788589800000,722.7687527902801
bitcoin,1788589800000,79647.89411793236
bitcoin-cash,1788589800000,250.42186864521648
chainlink,1788589800000,11.681627596277451
ethereum,1788589800000,2451.422993266834
hyperliquid,1788589800000,83.99881803717854
monero,1788589800000,527.503101341756
ripple,1788589800000,1.40136446660757
solana,1788589800000,102.00104275050325
zcash,1788589800000,1014.4731307215867
binancecoin,1788590100000,723.8806113062957
bitcoin,1788590100000,79641.09316770713
bitcoin-cash,1788590100000,250.48846896891808
cardano,1788590100000,0.21284490708893553
chainlink,1788590100000,11.700775534181117
ethereum,1788590100000,2452.6467172431726
hyperliquid,1788590100000,84.08851050380605
monero,1788590100000,527.7623135497302
ripple,1788590100000,1.4027432182238575
solana,1788590100000,102.0460258647047
tron,1788590100000,0.3320990011284585
zcash,1788590100000,1015.9832723712008
zcash,1788590300000,1017.2657024220931
bitcoin,1788590310000,79649.85879082012
monero,1788590310000,526.2417333222428
chainlink,1788590340000,11.708210202572747
ripple,1788590360000,1.4031231446419306
binancecoin,1788590370000,726.3494853277672
bitcoin-cash,1788590400000,250.75162183251612
cardano,1788590400000,0.21312378960055225
ethereum,1788590400000,2454.6565975507233
hyperliquid,1788590400000,84.22817377030407
solana,1788590400000,102.15811206136227
tron,1788590400000,0.33231865692644197
ethereum,1788590440000,2454.023443700678
solana,1788590440000,102.13824124512747
tron,1788590460000,0.33234488205505636
cardano,1788590490000,0.21308377808179513
binancecoin,1788590400000,726.9485767601924
bitcoin,1788590400000,79706.18798949909
chainlink,1788590400000,11.71684303557958
monero,1788590400000,526.4249969121973
ripple,1788590400000,1.4033656586526004
zcash,1788590400000,1018.8118704555849
binancecoin,1788590700000,726.5719620129141
bitcoin,1788590700000,79675.69527154183
bitcoin-cash,1788590700000,250.60758803635784
cardano,1788590700000,0.2129733209339019
chainlink,1788590700000,11.715576402314174
ethereum,1788590700000,2452.9788296008187
hyperliquid,1788590700000,84.16166545267733
monero,1788590700000,526.2976244075691
ripple,1788590700000,1.4024057461221076
solana,1788590700000,102.1419370143159
tron,1788590700000,0.3326400229125231
zcash,1788590700000,1015.7980572695756
binancecoin,1788590740000,726.6225562423907
tron,1788590780000,0.33266446125971016
solana,1788590800000,102.11789254446988
ethereum,1788590810000,2453.027342830794
cardano,1788590870000,0.21311003946344206
bitcoin,1788590990000,79672.8945948754
zcash,1788590990000,1017.2427311223087
bitcoin-cash,1788591000000,250.69210758911558
chainlink,1788591000000,11.716102329675547
hyperliquid,1788591000000,84.1093350169384
monero,1788591000000,528.2806814502038
ripple,1788591000000,1.4031547450324209
chainlink,1788591010000,11.716184508303945
hyperliquid,1788591080000,84.13503760280953
ripple,1788591080000,1.4029546172545444
bitcoin-cash,1788591090000,250.80790461967587
monero,1788591090000,528.2535832111171
binancecoin,1788591000000,726.0806400238779
bitcoin,1788591000000,79672.89082550333
cardano,1788591000000,0.21323425963856646
ethereum,1788591000000,2452.9068127705186
solana,1788591000000,102.178031171661
tron,1788591000000,0.3326947614813407
zcash,1788591000000,1017.2427311223087
binancecoin,1788591300000,726.4502663532754
bitcoin,1788591300000,79667.64783436846
bitcoin-cash,1788591300000,250.91267823199104
cardano,1788591300000,0.21306327948436
chainlink,1788591300000,11.71087112145636
ethereum,1788591300000,2453.1786145214533
hyperliquid,1788591300000,84.13914016827128
monero,1788591300000,528.191746578081
ripple,1788591300000,1.4032826307661501
solana,1788591300000,102.19508422242495
tron,1788591300000,0.33275780549850453
zcash,1788591300000,1014.1414907360629
binancecoin,1788591600000,727.1356967201793
bitcoin,1788591600000,79657.8072660828
bitcoin-cash,1788591600000,251.1307164910352
cardano,1788591600000,0.21324481722746402
chainlink,1788591600000,11.713158116265747
ethereum,1788591600000,2453.705820414234
hyperliquid,1788591600000,84.2998451130671
monero,1788591600000,532.5418123405766
ripple,1788591600000,1.403652505111873
solana,1788591600000,102.29943105348016
tron,1788591600000,0.3327544373900891
zcash,1788591600000,1015.9558843063767
binancecoin,1788591900000,727.1905984499298
bitcoin,1788591900000,79690.55544463513
bitcoin-cash,1788591900000,250.9138243590245
cardano,1788591900000,0.21318781550118782
chainlink,1788591900000,11.718070944689591
ethereum,1788591900000,2454.29601937316
hyperliquid,1788591900000,84.31943348589337
monero,1788591900000,532.3473392290405
ripple,1788591900000,1.4035559719304922
solana,1788591900000,102.30735353135687
tron,1788591900000,0.3328757096125391
zcash,1788591900000,1018.2495059788043
binancecoin,1788592080000,726.8999700171711
solana,1788592080000,102.37041036330201
ethereum,1788592090000,2454.5192841411495
tron,1788592100000,0.3332008325643274
chainlink,1788592140000,11.734867956530069
zcash,1788592140000,1015.0036410900248
bitcoin,1788592160000,79696.44261879331
cardano,1788592160000,0.21332642129269355
bitcoin-cash,1788592200000,251.56438912060628
hyperliquid,1788592200000,84.313299853158
monero,1788592200000,532.4493210819423
ripple,1788592200000,1.40394279728173
hyperliquid,1788592220000,84.30790623841268
monero,1788592220000,532.4811682932645
bitcoin-cash,1788592230000,251.49667478382514
ripple,1788592230000,1.4036254938692807
binancecoin,1788592200000,727.0944820371474
bitcoin,1788592200000,79695.61297755975
cardano,1788592200000,0.21326094904389498
chainlink,1788592200000,11.72743982416716
ethereum,1788592200000,2454.0344188686936
solana,1788592200000,102.33454765299203
tron,1788592200000,0.3331128713246083
zcash,1788592200000,1012.8317262869791
binancecoin,1788592500000,732.2551009778325
bitcoin,1788592500000,79695.61163638688
bitcoin-cash,1788592500000,251.8356353140435
cardano,1788592500000,0.21318825273433256
chainlink,1788592500000,11.733398892059634
ethereum,1788592500000,2454.6468954897628
hyperliquid,1788592500000,84.35279338256365
monero,1788592500000,532.6811619953838
ripple,1788592500000,1.4040313186471756
solana,1788592500000,102.39836857591486
tron,1788592500000,0.3330448317235188
zcash,1788592500000,1009.2167400084177
binancecoin,1788592710000,731.1175722549636
tron,1788592710000,0.33305926644792816
ethereum,1788592730000,2454.589958747887
solana,1788592730000,102.32370597761646
bitcoin,1788592800000,79689.1837508257
bitcoin-cash,1788592800000,252.48677761655588
cardano,1788592800000,0.21312472607518457
chainlink,1788592800000,11.721900713798362
hyperliquid,1788592800000,84.47603733971309
monero,1788592800000,532.4663317841137
ripple,1788592800000,1.4026430945236914
zcash,1788592800000,1012.1165479491503
ripple,1788592850000,1.4027840559752773
bitcoin-cash,1788592870000,252.56552725383122
monero,1788592870000,531.642670207807
hyperliquid,1788592880000,84.50925460697928
binancecoin,1788592800000,731.1978538533214
ethereum,1788592800000,2454.2459438728965
solana,1788592800000,102.31313972817766
tron,1788592800000,0.33284230498480366
binancecoin,1788593100000,731.7967779940022
bitcoin,1788593100000,79710.80211766364
bitcoin-cash,1788593100000,252.56869186343553
cardano,1788593100000,0.21327515319052281
chainlink,1788593100000,11.73394713146527
ethereum,1788593100000,2455.2661571586723
hyperliquid,1788593100000,84.53559514710267
monero,1788593100000,531.2499804143455
ripple,1788593100000,1.403051631133276
solana,1788593100000,102.48334128009917
tron,1788593100000,0.33261751275105256
zcash,1788593100000,1010.6145932482158
ripple,1788593190000,1.4039303370880107
bitcoin-cash,1788593200000,252.66696887391547
hyperliquid,1788593210000,84.51074954823966
monero,1788593210000,530.8310689820137
binancecoin,1788593380000,732.6487607059912
ethereum,1788593380000,2456.935203049048
solana,1788593390000,102.52110954952198
tron,1788593390000,0.33257946883747697
bitcoin,1788593400000,79721.73659103415
cardano,1788593400000,0.21367917591942187
chainlink,1788593400000,11.743914577695108
zcash,1788593400000,1010.4070840906912
cardano,1788593440000,0.2136998487219498
bitcoin,1788593460000,79721.16159570357
chainlink,1788593460000,11.750570978898777
zcash,1788593460000,1009.3320776707862
binancecoin,1788593400000,732.5408533583441
bitcoin-cash,1788593400000,252.90752483435188
ethereum,1788593400000,2456.8684830123943
hyperliquid,1788593400000,84.49935092459225
monero,1788593400000,528.9483467185186
ripple,1788593400000,1.4050512970203748
solana,1788593400000,102.52110954952198
tron,1788593400000,0.332579468837477
binancecoin,1788593700000,734.4170410259844
bitcoin,1788593700000,79743.2953128643
bitcoin-cash,1788593700000,253.02018420659212
cardano,1788593700000,0.21402588143517973
chainlink,1788593700000,11.753964798836888
ethereum,1788593700000,2458.516378438143
hyperliquid,1788593700000,84.618181465544
monero,1788593700000,529.9964124959823
ripple,1788593700000,1.4053194372682591
solana,1788593700000,102.58783670189364
tron,1788593700000,0.332571650937322
zcash,1788593700000,1011.7636840525245
cardano,1788593800000,0.21399180360641173
zcash,1788593800000,1010.0951533274474
bitcoin,1788593810000,79736.29317662885
chainlink,1788593810000,11.758140547450807
monero,1788593860000,529.8578377762901
ripple,1788593880000,1.4050737560985098
bitcoin-cash,1788593890000,253.06251868687883
hyperliquid,1788593940000,84.62303736192925
binancecoin,1788594000000,738.7730503524643
ethereum,1788594000000,2459.2409472173995
solana,1788594000000,102.41617130513625
tron,1788594000000,0.33252061889004947
ethereum,1788594050000,2459.0084545635846
binancecoin,1788594060000,737.4649150015732
solana,1788594070000,102.37595123284092
tron,1788594090000,0.3325887641491545
bitcoin,1788594000000,79738.70938904185
bitcoin-cash,1788594000000,252.97982237104506
cardano,1788594000000,0.2137155080953607
chainlink,1788594000000,11.760701650202115
hyperliquid,1788594000000,84.61795254352259
monero,1788594000000,529.3249890873634
ripple,1788594000000,1.4042336752367075
zcash,1788594000000,1009.8411386720227
binancecoin,1788594300000,737.7266609968636
bitcoin,1788594300000,79732.86082150471
bitcoin-cash,1788594300000,252.96013098999327
cardano,1788594300000,0.21401592134477634
chainlink,1788594300000,11.759651826473753
ethereum,1788594300000,2458.510012456201
hyperliquid,1788594300000,84.70729660042805
monero,1788594300000,530.045498774632
ripple,1788594300000,1.4057929852592324
solana,1788594300000,102.3887643623247
tron,1788594300000,0.3325009710175297
zcash,1788594300000,1008.9650385917948
binancecoin,1788594390000,738.1335548304202
ethereum,1788594400000,2458.5157601735373
solana,1788594410000,102.35632945916743
tron,1788594410000,0.3325523770839061
chainlink,1788594460000,11.76925565943907
zcash,1788594460000,1011.1446573931844
bitcoin,1788594480000,79766.4206516726
cardano,1788594480000,0.21396571127980865
monero,1788594520000,529.9476473818811
bitcoin-cash,1788594550000,252.61351610081775
ripple,1788594550000,1.40453671793116
hyperliquid,1788594580000,84.54489368855633
binancecoin,1788594600000,737.8958905211607
bitcoin,1788594600000,79738.97906235568
bitcoin-cash,1788594600000,252.4330608439614
cardano,1788594600000,0.21352872539883966
chainlink,1788594600000,11.753323069217126
ethereum,1788594600000,2458.285137072436
hyperliquid,1788594600000,84.54300001923212
monero,1788594600000,529.6930854008215
ripple,1788594600000,1.4040154270075829
solana,1788594600000,102.25377424096312
tron,1788594600000,0.3325460642954291
zcash,1788594600000,1005.6191266893941
binancecoin,1788594900000,738.6177815476306
bitcoin,1788594900000,79737.06911469613
bitcoin-cash,1788594900000,252.41801919004402
cardano,1788594900000,0.2136694267542024
chainlink,1788594900000,11.746546441672141
ethereum,1788594900000,2457.8155051487224
hyperliquid,1788594900000,84.60846873073567
monero,1788594900000,529.3976889028213
ripple,1788594900000,1.403835932559681
solana,1788594900000,102.25285923781796
tron,1788594900000,0.3326068607300287
zcash,1788594900000,1005.2507326665366
binancecoin,1788595200000,738.3395524050212
bitcoin,1788595200000,79711.96673205243
bitcoin-cash,1788595200000,252.36747203830902
cardano,1788595200000,0.21374864302642396
chainlink,1788595200000,11.740944880368234
ethereum,1788595200000,2457.4885030351543
hyperliquid,1788595200000,84.56072620865994
monero,1788595200000,529.9776176264123
ripple,1788595200000,1.4045235992377687
solana,1788595200000,102.22599901224588
tron,1788595200000,0.33266631946677794
zcash,1788595200000,1001.7644029384438
bitcoin-cash,1788595490000,252.1633926435761
binancecoin,1788595500000,739.5702281161678
bitcoin,1788595500000,79656.07886332406
cardano,1788595500000,0.21338786915041957
chainlink,1788595500000,11.739456768611486
ethereum,1788595500000,2456.0382741029234
hyperliquid,1788595500000,84.50544166259974
monero,1788595500000,527.7135289412245
ripple,1788595500000,1.4025764749087308
solana,1788595500000,102.13526411412965
tron,1788595500000,0.33260968528349644
zcash,1788595500000,1001.3444708846124
ethereum,1788595690000,2455.4503790985987
binancecoin,1788595700000,739.797028536658
solana,1788595710000,102.22621177471369
tron,1788595710000,0.3325224536436078
cardano,1788595750000,0.21321653466973556
hyperliquid,1788595750000,84.64511516086779
ripple,1788595790000,1.40234564420666
zcash,1788595790000,1004.0963071009794
bitcoin,1788595800000,79654.65547373933
chainlink,1788595800000,11.731284121541707
monero,1788595800000,527.3851513699132
bitcoin,1788595830000,79651.62917643649
monero,1788595840000,527.5522204845537
chainlink,1788595850000,11.7319823314398
bitcoin-cash,1788595500000,252.1633926435761
binancecoin,1788595800000,739.3998620576691
bitcoin-cash,1788595800000,252.31757016682306
cardano,1788595800000,0.21317135800239562
ethereum,1788595800000,2455.3204962985596
hyperliquid,1788595800000,84.59914021820435
ripple,1788595800000,1.4022699926862754
solana,1788595800000,102.21181172162353
tron,1788595800000,0.33258148973090307
zcash,1788595800000,1004.3408972164971
binancecoin,1788596100000,740.8551546554413
bitcoin,1788596100000,79667.25444596822
bitcoin-cash,1788596100000,252.1134859733019
cardano,1788596100000,0.21306365971683408
chainlink,1788596100000,11.73924273763382
ethereum,1788596100000,2455.5687198892547
hyperliquid,1788596100000,84.62859889839731
monero,1788596100000,527.3092132221826
ripple,1788596100000,1.4035756119729674
solana,1788596100000,102.23537856476456
tron,1788596100000,0.33273373954699287
zcash,1788596100000,1005.6417142198974
chainlink,1788596180000,11.74704439168582
bitcoin,1788596190000,79664.13233565833
monero,1788596190000,527.4451694363364
bitcoin-cash,1788596260000,252.65643185545738
solana,1788596360000,102.42291072512646
binancecoin,1788596380000,746.4378814333578
ethereum,1788596380000,2455.8156174082333
tron,1788596390000,0.33279354850470355
cardano,1788596400000,0.2135109477008896
hyperliquid,1788596400000,84.54495250901209
ripple,1788596400000,1.4036968955266396
zcash,1788596400000,1004.3271002311018
ripple,1788596440000,1.4032858162005022
cardano,1788596460000,0.21347522775217714
hyperliquid,1788596460000,84.5370190749315
zcash,1788596460000,1003.6127806148223
binancecoin,1788596400000,746.5005215310823
bitcoin,1788596400000,79674.08883745616
bitcoin-cash,1788596400000,252.11788376919765
chainlink,1788596400000,11.762327232833565
ethereum,1788596400000,2455.708661702849
monero,1788596400000,527.2352262975751
solana,1788596400000,102.3039438583628
tron,1788596400000,0.3328022430630355
binancecoin,1788596700000,748.274829831056
bitcoin,1788596700000,79648.59957279051
bitcoin-cash,1788596700000,251.41565985988697
cardano,1788596700000,0.21332259781040072
chainlink,1788596700000,11.7441751627105
ethereum,1788596700000,2454.633666709871
hyperliquid,1788596700000,84.47470054441952
monero,1788596700000,527.0123084491585
ripple,1788596700000,1.4016171802299828
solana,1788596700000,102.22249948974701
tron,1788596700000,0.3327327264740407
zcash,1788596700000,1004.1864706635314
binancecoin,1788596720000,748.2124129853869
cardano,1788596750000,0.2132108860745251
ripple,1788596750000,1.400827713845975
zcash,1788596750000,1004.2729511541137
hyperliquid,1788596800000,84.43067838939065
monero,1788596830000,527.3401815082138
bitcoin,1788596840000,79626.56503429625
chainlink,1788596840000,11.743345194357431
ethereum,1788596990000,2455.4445495723853
solana,1788596990000,102.32393048447184
bitcoin-cash,1788597000000,251.3496348672555
tron,1788597000000,0.332791250464889
bitcoin-cash,1788597020000,251.31557575998463
tron,1788597030000,0.3327300352805522
binancecoin,1788597000000,746.7362332561645
bitcoin,1788597000000,79644.16007365528
cardano,1788597000000,0.21354326596249643
chainlink,1788597000000,11.761322401780959
ethereum,1788597000000,2455.494156978001
hyperliquid,1788597000000,84.55770503094864
monero,1788597000000,528.0276342115599
ripple,1788597000000,1.4027204965863465
solana,1788597000000,102.32228724540005
zcash,1788597000000,1006.9415470499116
binancecoin,1788597300000,746.8525157501425
bitcoin,1788597300000,79581.03314678383
bitcoin-cash,1788597300000,250.87697090923842
cardano,1788597300000,0.21315172358839785
chainlink,1788597300000,11.726152249389305
ethereum,1788597300000,2453.519993005286
hyperliquid,1788597300000,84.48196872353977
monero,1788597300000,528.063622371404
ripple,1788597300000,1.40132284065182
solana,1788597300000,102.19830324989746
tron,1788597300000,0.3327037049576131
zcash,1788597300000,1004.2738203285679
ethereum,1788597320000,2453.403941495801
bitcoin-cash,1788597340000,250.89510526199268
solana,1788597340000,102.20130474603839
tron,1788597340000,0.3327574645854427
cardano,1788597440000,0.21294628397789547
ripple,1788597460000,1.401880926147722
binancecoin,1788597470000,750.1237046985569
zcash,1788597470000,1005.0654253940149
monero,1788597520000,528.4824986645476
hyperliquid,1788597540000,84.58482821589912
chainlink,1788597580000,11.749221586046392
bitcoin,1788597590000,79614.52343822828
binancecoin,1788597600000,750.5347286896748
bitcoin,1788597600000,79613.95609350041
bitcoin-cash,1788597600000,251.09721191328666
cardano,1788597600000,0.21298199623857517
chainlink,1788597600000,11.746862078646142
ethereum,1788597600000,2455.2046418821255
hyperliquid,1788597600000,84.58694909409218
monero,1788597600000,528.5319536867644
ripple,1788597600000,1.40233847635545
solana,1788597600000,102.33101156300177
tron,1788597600000,0.3328100173947541
zcash,1788597600000,1004.5828889237681
binancecoin,1788597900000,749.7740476963853
bitcoin,1788597900000,79614.99071169978
bitcoin-cash,1788597900000,251.0494239105402
cardano,1788597900000,0.21308988813578025
chainlink,1788597900000,11.757084303141689
ethereum,1788597900000,2455.3793476853625
hyperliquid,1788597900000,84.52758049307967
monero,1788597900000,528.3404483868018
ripple,1788597900000,1.4051317965223158
solana,1788597900000,102.41281692511858
tron,1788597900000,0.3327260278610774
zcash,1788597900000,1004.7289990980189
bitcoin,1788597960000,79617.27339252108
chainlink,1788597970000,11.755292701013538
tron,1788598020000,0.3327423992525398
solana,1788598030000,102.38171255897763
bitcoin-cash,1788598040000,251.11396729328013
ethereum,1788598040000,2455.5131678208973
binancecoin,1788598100000,750.7311681793782
cardano,1788598100000,0.21326060210211248
zcash,1788598100000,1003.5824358705373
ripple,1788598110000,1.4051510723974667
hyperliquid,1788598150000,84.51901087177903
monero,1788598170000,531.0572773950007
binancecoin,1788598200000,750.3510774131155
bitcoin,1788598200000,79604.0987030484
bitcoin-cash,1788598200000,251.28704257420011
cardano,1788598200000,0.21310205428938528
chainlink,1788598200000,11.753246166182237
ethereum,1788598200000,2454.351092431164
hyperliquid,1788598200000,84.5287833292372
monero,1788598200000,530.9900075525641
ripple,1788598200000,1.4047100397485066
solana,1788598200000,102.35095791961469
tron,1788598200000,0.3326975220391216
zcash,1788598200000,1002.8002544156162
binancecoin,1788598500000,751.072362375248
bitcoin,1788598500000,79622.16787453603
bitcoin-cash,1788598500000,252.41838039474092
cardano,1788598500000,0.2133380448790778
chainlink,1788598500000,11.768431313050058
ethereum,1788598500000,2455.470974648168
hyperliquid,1788598500000,84.68488207906269
monero,1788598500000,530.1612537897477
ripple,1788598500000,1.4056126868325303
solana,1788598500000,102.47302358235092
tron,1788598500000,0.33278334794569087
zcash,1788598500000,1004.9321490994854
binancecoin,1788598800000,749.6749643271235
bitcoin,1788598800000,79647.88200438251
bitcoin-cash,1788598800000,252.49697159336569
cardano,1788598800000,0.21355057907633485
chainlink,1788598800000,11.78497680249484
ethereum,1788598800000,2456.6871141802485
hyperliquid,1788598800000,84.7612995954643
monero,1788598800000,529.219339292427
ripple,1788598800000,1.406346166669812
solana,1788598800000,102.57355630311096
tron,1788598800000,0.3327643689426805
zcash,1788598800000,1005.184622807411
binancecoin,1788599100000,749.4689451258629
bitcoin,1788599100000,79695.1969139968
bitcoin-cash,1788599100000,252.61690034794063
cardano,1788599100000,0.21430838260420323
chainlink,1788599100000,11.80481299160119
ethereum,1788599100000,2458.4486879572237
hyperliquid,1788599100000,84.87049715585353
monero,1788599100000,529.6227073013383
ripple,1788599100000,1.4080127088218124
solana,1788599100000,102.77405774789263
tron,1788599100000,0.3328364049356591
zcash,1788599100000,1009.5761296934683
ripple,1788599150000,1.4078281717047176
bitcoin,1788599270000,79694.82074285939
ethereum,1788599300000,2458.2540999547496
solana,1788599300000,102.72760386920814
bitcoin-cash,1788599310000,252.42693317418983
binancecoin,1788599330000,749.8183708074638
cardano,1788599360000,0.21442839361481078
tron,1788599380000,0.33274329466858993
zcash,1788599380000,1010.3282470877296
chainlink,1788599400000,11.816484730375725
hyperliquid,1788599400000,84.80503990573759
monero,1788599400000,528.8688511274362
chainlink,1788599430000,11.814536668434013
hyperliquid,1788599430000,84.78466434891054
monero,1788599440000,528.9950481607631
binancecoin,1788599400000,750.4114352078815
bitcoin,1788599400000,79693.30887731155
bitcoin-cash,1788599400000,252.3731238608898
cardano,1788599400000,0.21427463854468815
ethereum,1788599400000,2458.117178835973
ripple,1788599400000,1.4088626251933039
solana,1788599400000,102.70023841018104
tron,1788599400000,0.33274329466858993
zcash,1788599400000,1010.3282470877296
ethereum,1788599650000,2459.2815542412736
binancecoin,1788599700000,749.2806833986918
bitcoin,1788599700000,79716.53532389298
bitcoin-cash,1788599700000,252.16301575822757
cardano,1788599700000,0.2141164198771117
chainlink,1788599700000,11.80659187153889
hyperliquid,1788599700000,84.70216155462484
monero,1788599700000,528.6176672979292
ripple,1788599700000,1.410516184219371
solana,1788599700000,102.74904288470113
tron,1788599700000,0.33273040324261527
zcash,1788599700000,1010.1771463342213
chainlink,1788599790000,11.80658781019753
hyperliquid,1788599810000,84.71343257786427
monero,1788599810000,528.580485805144
ripple,1788599860000,1.4083472482826398
bitcoin,1788599970000,79694.8537216608
binancecoin,1788600000000,750.060193433517
bitcoin-cash,1788600000000,251.79084329244455
cardano,1788600000000,0.2137726282955575
solana,1788600000000,102.64501773019674
tron,1788600000000,0.3327277027447064
zcash,1788600000000,1008.8711099725853
bitcoin-cash,1788600010000,251.7908432924445
solana,1788600010000,102.64501773019673
tron,1788600020000,0.33277088735559335
zcash,1788600040000,1008.7774803199428
binancecoin,1788600070000,751.0062181116954
cardano,1788600070000,0.2137211643891869
ethereum,1788599700000,2458.973692347077
bitcoin,1788600000000,79693.65539502952
chainlink,1788600000000,11.7897443471919
ethereum,1788600000000,2457.751574657215
hyperliquid,1788600000000,84.69245490573032
monero,1788600000000,527.9614694612716
ripple,1788600000000,1.4085491295846733
binancecoin,1788600300000,749.548047767103
bitcoin,1788600300000,79694.34329593358
bitcoin-cash,1788600300000,251.7276232556016
cardano,1788600300000,0.2136047647961618
chainlink,1788600300000,11.859030408637897
ethereum,1788600300000,2457.6583275543244
hyperliquid,1788600300000,84.75490280176916
monero,1788600300000,525.6046579818654
ripple,1788600300000,1.4078314714008202
solana,1788600300000,102.63712244063694
tron,1788600300000,0.33281071990287997
zcash,1788600300000,1008.532569462949
tron,1788600350000,0.3327846563531211
binancecoin,1788600370000,750.6602993607771
cardano,1788600380000,0.21359958275010585
zcash,1788600380000,1006.523156758338
hyperliquid,1788600420000,84.80322404009438
ethereum,1788600440000,2457.804346873563
solana,1788600450000,102.6007414637143
bitcoin-cash,1788600460000,251.80225255734206
chainlink,1788600480000,11.845045784457572
ripple,1788600510000,1.407592517511823
monero,1788600520000,525.1396311757538
bitcoin,1788600600000,79696.58033256482
bitcoin,1788600650000,79695.80947605729
binancecoin,1788600600000,749.4321817791093
bitcoin-cash,1788600600000,251.66410271884
cardano,1788600600000,0.2134821890999151
chainlink,1788600600000,11.837875156806177
ethereum,1788600600000,2458.0690985952606
hyperliquid,1788600600000,84.80748545251019
monero,1788600600000,525.2316478959211
ripple,1788600600000,1.4076258753621012
solana,1788600600000,102.56277109838344
tron,1788600600000,0.33282282483714143
zcash,1788600600000,1008.9895727858723
binancecoin,1788600900000,750.1519693226036
bitcoin,1788600900000,79696.40054081446
bitcoin-cash,1788600900000,252.10761102670065
cardano,1788600900000,0.2134966799865189
chainlink,1788600900000,11.838186237260723
ethereum,1788600900000,2458.5553464172335
hyperliquid,1788600900000,84.71463459521381
monero,1788600900000,524.9864414120452
ripple,1788600900000,1.4076747102950113
solana,1788600900000,102.6093393146593
tron,1788600900000,0.33276186844379496
zcash,1788600900000,1007.5413008874993
bitcoin,1788601010000,79697.41435505221
zcash,1788601070000,1009.5172786665358
binancecoin,1788601080000,748.7094603323029
cardano,1788601080000,0.21339521670572645
tron,1788601080000,0.33274728144293686
ethereum,1788601130000,2458.7322482989644
bitcoin-cash,1788601140000,251.9604362302147
hyperliquid,1788601140000,84.75040650394122
solana,1788601140000,102.57614376469297
chainlink,1788601190000,11.818779219297951
monero,1788601190000,524.7605730105339
ripple,1788601200000,1.406726347533952
ripple,1788601210000,1.406726347533952
binancecoin,1788601200000,747.5993665054656
bitcoin,1788601200000,79683.07885172998
bitcoin-cash,1788601200000,251.9550658954068
cardano,1788601200000,0.21340835076297623
chainlink,1788601200000,11.817487301030425
ethereum,1788601200000,2458.598624686961
hyperliquid,1788601200000,84.74102905469708
monero,1788601200000,524.9948230865571
solana,1788601200000,102.57598856987872
tron,1788601200000,0.332510769696614
zcash,1788601200000,1011.4873176292934
binancecoin,1788601500000,747.9519197743456
bitcoin,1788601500000,79669.89169355614
bitcoin-cash,1788601500000,251.82555017532158
cardano,1788601500000,0.21358578377014065
chainlink,1788601500000,11.823906452685396
ethereum,1788601500000,2459.6694466063977
hyperliquid,1788601500000,84.75362984634373
monero,1788601500000,524.8141921580968
ripple,1788601500000,1.406134543344679
solana,1788601500000,102.5925569443416
tron,1788601500000,0.33186908813336063
zcash,1788601500000,1010.7721102566388
bitcoin,1788601650000,79653.35292440196
binancecoin,1788601720000,747.8273214246987
zcash,1788601730000,1010.2960849562502
cardano,1788601740000,0.2133255882074108
tron,1788601740000,0.33190661374164687
ethereum,1788601790000,2459.600893071073
solana,1788601790000,102.54287519265411
bitcoin-cash,1788601800000,251.70682531250455
chainlink,1788601800000,11.814404002607917
hyperliquid,1788601800000,84.78578065651061
monero,1788601800000,524.5733258209166
ripple,1788601800000,1.4057923118501539
bitcoin-cash,1788601820000,251.69520620423873
chainlink,1788601880000,11.816648576691879
ripple,1788601880000,1.406214389221832
monero,1788601890000,524.3893598522885
hyperliquid,1788601900000,84.7959629920131
binancecoin,1788601800000,747.183495094214
bitcoin,1788601800000,79645.79411233113
cardano,1788601800000,0.2132186310851382
ethereum,1788601800000,2459.6221009424603
solana,1788601800000,102.5405736946887
tron,1788601800000,0.3319093910368942
zcash,1788601800000,1010.9931703730983
binancecoin,1788602100000,747.3966447460323
bitcoin,1788602100000,79646.62722370049
bitcoin-cash,1788602100000,251.8132552532074
cardano,1788602100000,0.21333679016892002
chainlink,1788602100000,11.811109351048488
ethereum,1788602100000,2459.219086602051
hyperliquid,1788602100000,84.79120595872051
monero,1788602100000,524.0092811396133
ripple,1788602100000,1.4057806544759532
solana,1788602100000,102.52610001168496
tron,1788602100000,0.3321712398585947
zcash,1788602100000,1007.7719330489364
binancecoin,1788602400000,747.5120396232028
bitcoin,1788602400000,79626.99964778067
bitcoin-cash,1788602400000,251.85545237871455
cardano,1788602400000,0.21350794317079658
chainlink,1788602400000,11.803027174386965
ethereum,1788602400000,2458.371256761569
hyperliquid,1788602400000,84.86491180795137
monero,1788602400000,525.2579607751059
ripple,1788602400000,1.407291630119626
solana,1788602400000,102.54828704706725
tron,1788602400000,0.33224751869560576
zcash,1788602400000,1009.7450889776767
binancecoin,1788602700000,748.0468942627358
bitcoin,1788602700000,79632.91552415329
bitcoin-cash,1788602700000,251.74357468505278
cardano,1788602700000,0.21332078947792346
chainlink,1788602700000,11.79133354595428
ethereum,1788602700000,2458.36502703046
hyperliquid,1788602700000,84.8612961150998
monero,1788602700000,526.2203557413039
ripple,1788602700000,1.4064937775985051
solana,1788602700000,102.53720834125863
tron,1788602700000,0.3323278164878135
zcash,1788602700000,1008.8456371423664
binancecoin,1788602860000,747.5664376248405
bitcoin,1788602870000,79628.96819509902
cardano,1788602870000,0.21317479948589466
tron,1788602870000,0.3323031550406792
solana,1788602940000,102.46358778679179
ethereum,1788602950000,2457.8938518644945
zcash,1788602950000,1010.869494572279
bitcoin-cash,1788602970000,251.7996293432706
chainlink,1788603000000,11.79567186606062
hyperliquid,1788603000000,84.81644859037146
monero,1788603000000,524.5942059737097
ripple,1788603000000,1.4067520879313815
ripple,1788603030000,1.4067643809071424
chainlink,1788603040000,11.792155288360439
hyperliquid,1788603040000,84.8219026162159
monero,1788603040000,524.6481587564936
binancecoin,1788603000000,748.4136690694133
bitcoin,1788603000000,79627.29905823921
bitcoin-cash,1788603000000,251.89936852684093
cardano,1788603000000,0.21323518900154842
ethereum,1788603000000,2457.896166694438
solana,1788603000000,102.47381165205869
tron,1788603000000,0.3323532639978864
zcash,1788603000000,1010.7489944988415
binancecoin,1788603300000,747.6448466248031
bitcoin,1788603300000,79619.66626078391
bitcoin-cash,1788603300000,251.79364685889695
cardano,1788603300000,0.2130725085800904
chainlink,1788603300000,11.782407798891303
ethereum,1788603300000,2457.424468156367
hyperliquid,1788603300000,84.7372878372205
monero,1788603300000,523.5916877599758
ripple,1788603300000,1.404925286466435
solana,1788603300000,102.40889863392103
tron,1788603300000,0.33233823298956067
zcash,1788603300000,1009.1994774071375
hyperliquid,1788603340000,84.71181645511263
chainlink,1788603350000,11.78197485777523
monero,1788603370000,524.1638991949669
ripple,1788603370000,1.4052962408829162
binancecoin,1788603530000,747.3106595384222
bitcoin,1788603550000,79621.35840367404
tron,1788603560000,0.3324516302663421
cardano,1788603570000,0.21326194693398745
bitcoin-cash,1788603600000,251.6522868310948
ethereum,1788603600000,2457.271737597345
solana,1788603600000,102.46659345907824
zcash,1788603600000,1008.5874633708609
ethereum,1788603620000,2456.882328828459
bitcoin-cash,1788603640000,251.5369706522895
solana,1788603640000,102.44284642850569
zcash,1788603640000,1008.4646921707083
stellar,1788518100000,0.1845909215924617
stellar,1788518400000,0.1848329150689062
stellar,1788518700000,0.184819155484216
stellar,1788519000000,0.18475201404635955
stellar,1788519300000,0.18478076542252983
stellar,1788519600000,0.18482935972038894
stellar,1788519900000,0.18467781492786495
stellar,1788520200000,0.184685166015673
stellar,1788520500000,0.18457091765289316
stellar,1788520800000,0.1846403957708892
stellar,1788521100000,0.18488725775409168
stellar,1788521400000,0.18497754783569897
stellar,1788521700000,0.18494803379338343
stellar,1788522000000,0.1851243022190722
stellar,1788522300000,0.18515199663747706
stellar,1788522600000,0.1850492564018023
stellar,1788522900000,0.18510714584180776
stellar,1788523200000,0.18498484839758833
stellar,1788523500000,0.1847187356658862
stellar,1788523800000,0.18501579085029957
stellar,1788524100000,0.18477058174056393
stellar,1788524400000,0.1846672102323249
stellar,1788524700000,0.18462188771726193
stellar,1788525000000,0.1850619599220032
stellar,1788525300000,0.1807055279992799
stellar,1788525600000,0.1811773220135411
stellar,1788525900000,0.1804573654335565
stellar,1788526200000,0.1795541415597801
stellar,1788526500000,0.18006642939428322
stellar,1788526800000,0.17995696590832377
stellar,1788527100000,0.18045398804097515
stellar,1788527400000,0.18020374864190364
stellar,1788527700000,0.17996093196855037
stellar,1788528000000,0.18026440282958744
stellar,1788528300000,0.18077169550694722
stellar,1788528600000,0.18053363663031302
stellar,1788528900000,0.18021957774087694
stellar,1788529200000,0.18069422490302475
stellar,1788529500000,0.1806339304526213
stellar,1788529800000,0.18141266576802006
stellar,1788530100000,0.1807996211526243
stellar,1788530400000,0.1808962494172296
stellar,1788530700000,0.18093357972236465
stellar,1788531000000,0.18055634878083932
stellar,1788531300000,0.18057528737818115
stellar,1788531600000,0.18012341741805069
stellar,1788531900000,0.17991609880070164
stellar,1788532200000,0.18007727624212222
stellar,1788532500000,0.1797847850332751
stellar,1788532800000,0.17968817994092354
stellar,1788533100000,0.1790121904431908
stellar,1788533400000,0.1775832206627535
stellar,1788533700000,0.17766965227145254
stellar,1788534000000,0.1780806810973281
stellar,1788534300000,0.17848427327928687
stellar,1788534600000,0.17858789832955901
stellar,1788534900000,0.17842849865993043
stellar,1788535200000,0.17869355981731155
stellar,1788535500000,0.17890389369895926
stellar,1788535800000,0.17910862280387316
stellar,1788536100000,0.178983367691003
stellar,1788536400000,0.17901281475619124
stellar,1788536700000,0.179231851191488
stellar,1788537000000,0.17892662808115137
stellar,1788537300000,0.17892905162410236
stellar,1788537600000,0.17893928729131567
stellar,1788537900000,0.17884969494854902
stellar,1788538200000,0.17912710405270257
stellar,1788538500000,0.17905415825245743
stellar,1788538800000,0.17935510505930774
stellar,1788539100000,0.17920936190745643
stellar,1788539400000,0.1793439494547696
stellar,1788539700000,0.17978202909670352
stellar,1788540000000,0.17961967819301786
stellar,1788540300000,0.17965825332676782
stellar,1788540600000,0.17984263465040135
stellar,1788540900000,0.17965843497587936
stellar,1788541200000,0.17939223471283014
stellar,1788541500000,0.17914702842636468
stellar,1788541800000,0.1792350878843412
stellar,1788542100000,0.1789493538842594
stellar,1788542400000,0.17894801097038707
stellar,1788542700000,0.17892258883457157
stellar,1788543000000,0.17887065572692862
stellar,1788543300000,0.17888598543010223
stellar,1788543600000,0.1787008581850834
stellar,1788543900000,0.17842650308081323
stellar,1788544200000,0.1781633390068337
stellar,1788544500000,0.1780385336875489
stellar,1788544800000,0.17806587898563347
stellar,1788545100000,0.17835803362301797
stellar,1788545400000,0.17839530505657453
stellar,1788545700000,0.17820469782595372
stellar,1788546000000,0.1782934408081446
stellar,1788546300000,0.178266076389682
stellar,1788546600000,0.17822576594459377
stellar,1788546900000,0.17861559178495343
stellar,1788547200000,0.17851069180509035
stellar,1788547500000,0.17874727200827578
stellar,1788547800000,0.17877626460717272
stellar,1788548100000,0.17884750855364595
stellar,1788548400000,0.17879327919712287
stellar,1788548700000,0.17892276728257037
stellar,1788549000000,0.1789377048148433
stellar,1788549300000,0.17888906098966662
stellar,1788549600000,0.1791879076336715
stellar,1788549900000,0.17931086402442012
stellar,1788550200000,0.17939332254793217
stellar,1788550500000,0.1792842230761042
stellar,1788550800000,0.17921030004328817
stellar,1788551100000,0.1791443923477852
stellar,1788551400000,0.17953505997379848
stellar,1788551700000,0.17959993754478026
stellar,1788552000000,0.17955161666709413
stellar,1788552300000,0.17959416723331875
stellar,1788552600000,0.17948509109865587
stellar,1788552900000,0.17930535534857878
stellar,1788553200000,0.17951453239382856
stellar,1788553500000,0.1793048984126776
stellar,1788553800000,0.17921138674674714
stellar,1788554100000,0.17938078595608864
stellar,1788554400000,0.17956464117447565
stellar,1788554700000,0.1796246206483825
stellar,1788555000000,0.179558375942931
stellar,1788555300000,0.17944517554747488
stellar,1788555600000,0.17940605626514028
stellar,1788555900000,0.1794063634988779
stellar,1788556200000,0.1794901314263372
stellar,1788556500000,0.17949622814363023
stellar,1788556800000,0.179571360560702
stellar,1788557100000,0.17951262090991016
stellar,1788557400000,0.17948527468803943
stellar,1788557700000,0.17958455025950476
stellar,1788558000000,0.17962144815079664
stellar,1788558300000,0.17983045903007233
stellar,1788558600000,0.17964757316294325
stellar,1788558900000,0.17910897362200814
stellar,1788559200000,0.17903714659247758
stellar,1788559500000,0.17934394527997224
stellar,1788559800000,0.1792076119284784
stellar,1788560100000,0.17925487818063682
stellar,1788560400000,0.17924876541590873
stellar,1788560700000,0.17940790272409057
stellar,1788561000000,0.17920236255435237
stellar,1788561300000,0.17918218648178116
stellar,1788561600000,0.1792226719351286
stellar,1788561900000,0.17916511290287654
stellar,1788562200000,0.1790088893563986
stellar,1788562500000,0.17898911061654638
stellar,1788562800000,0.17898398090417705
stellar,1788563100000,0.1790312010874374
stellar,1788563400000,0.17916270949877539
stellar,1788563700000,0.17920715227555992
stellar,1788564000000,0.1792552393223976
stellar,1788564300000,0.1792815044778183
stellar,1788564600000,0.1794632658993433
stellar,1788564900000,0.17933602828408923
stellar,1788565200000,0.17940989042308658
stellar,1788565500000,0.17937255259741722
stellar,1788565800000,0.17950241229207356
stellar,1788566100000,0.17941969443046354
stellar,1788566400000,0.17950855301110644
stellar,1788566700000,0.17951479531890327
stellar,1788567000000,0.17951245314878997
stellar,1788567300000,0.17963836833909863
stellar,1788567600000,0.1793138284951011
stellar,1788567900000,0.17923655850562445
stellar,1788568200000,0.1790645451373365
stellar,1788568500000,0.17892733142775036
stellar,1788568800000,0.1789030781496005
stellar,1788569100000,0.1792322673718184
stellar,1788569400000,0.17898029439525492
stellar,1788569700000,0.1791959746754889
stellar,1788570000000,0.17879175277705456
stellar,1788570300000,0.1789489576328676
stellar,1788570600000,0.17930059430767642
stellar,1788570900000,0.17911518757189462
stellar,1788571200000,0.17918051680740982
stellar,1788571500000,0.17910685165539666
stellar,1788571800000,0.17938883933300315
stellar,1788572100000,0.17946514654495407
stellar,1788572400000,0.1794629666528211
stellar,1788572700000,0.1794960292527743
stellar,1788573000000,0.17926633670248407
stellar,1788573300000,0.17921139240710895
stellar,1788573600000,0.17899488878705772
stellar,1788573900000,0.1785612225803546
stellar,1788574200000,0.17887407258985547
stellar,1788574500000,0.17878600222551516
stellar,1788574800000,0.17874694078723252
stellar,1788575100000,0.17902048360498826
stellar,1788575400000,0.1788055730433657
stellar,1788575700000,0.17923853920192298
stellar,1788576000000,0.1794462940680719
stellar,1788576300000,0.17967888365627502
stellar,1788576600000,0.17972392142747207
stellar,1788576900000,0.17999492191092228
stellar,1788577200000,0.18004272515492944
stellar,1788577500000,0.18006243658546087
stellar,1788577800000,0.1797616229821552
stellar,1788578100000,0.17976719953417994
stellar,1788578400000,0.17995558392215655
stellar,1788578700000,0.1798649307177284
stellar,1788579000000,0.18012000321977734
stellar,1788579300000,0.17999757674661473
stellar,1788579600000,0.17996776066005085
stellar,1788579900000,0.18014549823872344
stellar,1788580200000,0.180071416330193
stellar,1788580500000,0.1798431935484134
stellar,1788580800000,0.17990876024810895
stellar,1788581100000,0.18005175150280026
stellar,1788581400000,0.18027793928423727
stellar,1788581700000,0.18029493528080218
stellar,1788582000000,0.18063875556695907
stellar,1788582300000,0.18070481492404836
stellar,1788582600000,0.18087193832914275
stellar,1788582900000,0.1809731070202145
stellar,1788583200000,0.18104031855515149
stellar,1788583500000,0.18118697068108902
stellar,1788583800000,0.18089290677568473
stellar,1788584100000,0.18108501853984
stellar,1788584400000,0.18117065744715213
stellar,1788584700000,0.1807574795132097
stellar,1788585000000,0.18074145307710682
stellar,1788585300000,0.18083813575757088
stellar,1788585600000,0.1811865727827423
stellar,1788585900000,0.1809648108144139
stellar,1788586200000,0.18097662607380374
stellar,1788586500000,0.1808756424360294
stellar,1788586800000,0.1808717067544285
stellar,1788587100000,0.18083981476787622
stellar,1788587400000,0.18075023308456847
stellar,1788587700000,0.18102412177869331
stellar,1788588000000,0.1811498979260093
stellar,1788588300000,0.18121469357610395
stellar,1788588600000,0.18119485988900297
stellar,1788588900000,0.181318659064964
stellar,1788589200000,0.18154642789325337
stellar,1788589500000,0.18173566160358445
stellar,1788589800000,0.18197898185748576
stellar,1788590100000,0.18266197784603672
stellar,1788590400000,0.18289233290545562
stellar,1788590700000,0.18248382342640193
stellar,1788591000000,0.18283299211051743
stellar,1788591300000,0.18256954068447903
stellar,1788591600000,0.18298797021290575
stellar,1788591900000,0.1832664200197377
stellar,1788592200000,0.18317511926214114
stellar,1788592500000,0.1830996740320562
stellar,1788592800000,0.18305269027170168
stellar,1788593100000,0.18309272347991895
stellar,1788593400000,0.18313687466878267
stellar,1788593700000,0.1830588672538145
stellar,1788594000000,0.18303501435991062
stellar,1788594300000,0.18319650147316124
stellar,1788594600000,0.18291940076744592
stellar,1788594900000,0.18233906697046826
stellar,1788595200000,0.18233199830814595
stellar,1788595500000,0.18234243637009037
stellar,1788595800000,0.18228217588417664
stellar,1788596100000,0.18228036052435584
stellar,1788596400000,0.18225367318858393
stellar,1788596700000,0.1819035654214837
stellar,1788597000000,0.18221548978905242
stellar,1788597300000,0.18201715713487565
stellar,1788597600000,0.18217922855210478
stellar,1788597900000,0.1824395619885586
stellar,1788598200000,0.1822594476554613
stellar,1788598500000,0.18261183600808364
stellar,1788598800000,0.18268352345078365
stellar,1788599100000,0.18290222737912998
stellar,1788599400000,0.1830250146021222
stellar,1788599700000,0.18321890242941755
stellar,1788600000000,0.18317626072760712
stellar,1788600300000,0.1832860946466136
stellar,1788600600000,0.18321977104923048
stellar,1788600900000,0.18319820514756255
stellar,1788601200000,0.18324905196271926
stellar,1788601500000,0.1831562818762599
stellar,1788601800000,0.18324128832641493
stellar,1788602100000,0.1831133408919498
stellar,1788602400000,0.18322172488600955
stellar,1788602700000,0.18308410552648932
stellar,1788603000000,0.18317833188505953
stellar,1788603300000,0.1831096793954772
binancecoin,1788603600000,747.9058350163998
bitcoin,1788603600000,79621.22053085176
cardano,1788603600000,0.21326426941203075
chainlink,1788603600000,11.773491971665246
hyperliquid,1788603600000,84.71787005912503
ripple,1788603600000,1.4053735763490567
stellar,1788603600000,0.18316506048330727
tron,1788603600000,0.33242257235721395
binancecoin,1788603900000,750.3408786088644
bitcoin,1788603900000,79641.9459461015
bitcoin-cash,1788603900000,251.5661151013101
cardano,1788603900000,0.21316812128897886
chainlink,1788603900000,11.767671075425334
ethereum,1788603900000,2455.9579776354067
hyperliquid,1788603900000,84.69284693728008
ripple,1788603900000,1.4059538793681925
solana,1788603900000,102.48347687579589
stellar,1788603900000,0.18317436568366413
tron,1788603900000,0.3325132875599955
zcash,1788603900000,1010.5714556927885
ethereum,1788603930000,2455.771327520009
solana,1788603940000,102.46463401653654
ripple,1788604060000,1.4057081723704679
chainlink,1788604070000,11.75696448688786
hyperliquid,1788604070000,84.63788534673513
binancecoin,1788604150000,748.6681140849986
bitcoin,1788604150000,79609.76342452168
tron,1788604150000,0.33261097406179396
bitcoin-cash,1788604200000,251.5000809197827
cardano,1788604200000,0.21300859018768895
stellar,1788604200000,0.18325556090734646
zcash,1788604200000,1012.5819444225943
stellar,1788604250000,0.18325556090734646
cardano,1788604270000,0.21317763785496405
zcash,1788604270000,1014.2538397520594
bitcoin-cash,1788604290000,251.59851918222782
binancecoin,1788604200000,748.2633477571222
bitcoin,1788604200000,79611.79466552607
chainlink,1788604200000,11.759131796324441
ethereum,1788604200000,2454.706318302594
hyperliquid,1788604200000,84.6795092226114
ripple,1788604200000,1.4061281348967132
solana,1788604200000,102.52358829818235
tron,1788604200000,0.3326013604878808
binancecoin,1788604500000,747.9277530903679
bitcoin,1788604500000,79645.90341613702
bitcoin-cash,1788604500000,251.97001016648622
cardano,1788604500000,0.21327244297695983
chainlink,1788604500000,11.789066100928792
ethereum,1788604500000,2456.4585714283976
hyperliquid,1788604500000,84.8147732017456
ripple,1788604500000,1.4072886521727614
solana,1788604500000,102.68640694172772
stellar,1788604500000,0.18352250205542017
tron,1788604500000,0.3327909193985868
zcash,1788604500000,1014.7087607804017
stellar,1788604620000,0.18333783497642148
zcash,1788604630000,1012.1384807544888
bitcoin-cash,1788604650000,251.79769471014754
cardano,1788604650000,0.21310723172089738
ripple,1788604700000,1.404770184343092
chainlink,1788604720000,11.768118997306692
hyperliquid,1788604760000,84.72466412667382
solana,1788604760000,102.61849550303354
ethereum,1788604780000,2454.4819631539617
binancecoin,1788604800000,747.8808082564345
bitcoin,1788604800000,79614.75502161396
tron,1788604800000,0.3328069631415338
tron,1788604820000,0.33282092391750284
bitcoin,1788604830000,79622.3767983995
binancecoin,1788604900000,747.6445877631874
monero,1788603600000,525.2842204285577
monero,1788603900000,525.3172931814603
monero,1788604200000,524.7746416417465
monero,1788604500000,525.7226510959066
bitcoin-cash,1788604800000,252.01742440883984
cardano,1788604800000,0.21324965100227838
chainlink,1788604800000,11.767724605925833
ethereum,1788604800000,2454.4821011939453
hyperliquid,1788604800000,84.72609213222673
monero,1788604800000,526.4720357121996
ripple,1788604800000,1.405265860104835
solana,1788604800000,102.60827929379973
zcash,1788604800000,1010.8634419572543
binancecoin,1788605100000,747.4369445262537
bitcoin,1788605100000,79599.43691707785
bitcoin-cash,1788605100000,252.2952840562515
cardano,1788605100000,0.21324401650983657
chainlink,1788605100000,11.76422980032594
ethereum,1788605100000,2455.215952150117
hyperliquid,1788605100000,84.76933756534835
monero,1788605100000,530.027116314469
ripple,1788605100000,1.4050588611086816
solana,1788605100000,102.61887942928131
tron,1788605100000,0.33282571517924847
zcash,1788605100000,1011.4077797518414
hyperliquid,1788605130000,84.7473672152247
bitcoin,1788605160000,79598.39052772278
tron,1788605200000,0.3327396791862675
binancecoin,1788605270000,748.0338222369446
cardano,1788605310000,0.21319618049091774
monero,1788605330000,532.0008555961351
bitcoin-cash,1788605340000,252.0785111825658
chainlink,1788605340000,11.756359126814253
ripple,1788605340000,1.4054698736071751
zcash,1788605340000,1012.2599578350075
ethereum,1788605400000,2454.7131645323043
solana,1788605400000,102.59121999093526
ethereum,1788605470000,2454.365314724946
solana,1788605480000,102.53940600643648
binancecoin,1788605400000,748.4224964971561
bitcoin,1788605400000,79592.72892011066
bitcoin-cash,1788605400000,252.1335914382226
cardano,1788605400000,0.21321939795687975
chainlink,1788605400000,11.759263267096827
hyperliquid,1788605400000,84.75465864410232
monero,1788605400000,533.1692811186438
ripple,1788605400000,1.4054462610343346
tron,1788605400000,0.3328147189441167
zcash,1788605400000,1012.2551286520406
binancecoin,1788605700000,748.5469819590851
bitcoin,1788605700000,79618.44954642595
bitcoin-cash,1788605700000,251.98115320711707
cardano,1788605700000,0.21309607291972843
chainlink,1788605700000,11.759092331029919
ethereum,1788605700000,2455.3382106742447
hyperliquid,1788605700000,84.69632643754386
monero,1788605700000,537.7157105757674
ripple,1788605700000,1.4059364110233417
solana,1788605700000,102.58025722181183
tron,1788605700000,0.33274091364814606
zcash,1788605700000,1011.2921515186374
binancecoin,1788606000000,748.1183457688576
bitcoin,1788606000000,79624.2235567454
bitcoin-cash,1788606000000,251.7545927408419
cardano,1788606000000,0.2129562840866757
chainlink,1788606000000,11.751006867834255
ethereum,1788606000000,2454.352772757757
hyperliquid,1788606000000,84.61206485753462
monero,1788606000000,537.1139535953853
ripple,1788606000000,1.405408931233239
solana,1788606000000,102.53254064027129
tron,1788606000000,0.332731271192002
zcash,1788606000000,1010.3576465825453
binancecoin,1788606300000,748.5312824213008
bitcoin,1788606300000,79645.70912560017
bitcoin-cash,1788606300000,251.63416779282437
cardano,1788606300000,0.21297646975279577
chainlink,1788606300000,11.7430003613726
ethereum,1788606300000,2454.4287953003263
hyperliquid,1788606300000,84.69848141186064
monero,1788606300000,537.3565042670429
ripple,1788606300000,1.4048678494001632
solana,1788606300000,102.535119711081
tron,1788606300000,0.332736880196135
zcash,1788606300000,1008.6080328704209
binancecoin,1788606440000,748.843084618043
bitcoin,1788606480000,79668.86993245811
hyperliquid,1788606480000,84.74983209206658
tron,1788606480000,0.33272088167487057
cardano,1788606560000,0.21305899075976092
monero,1788606560000,538.8772617626183
bitcoin-cash,1788606570000,251.8570282634288
zcash,1788606570000,1009.2915628999731
solana,1788606590000,102.52592011703847
chainlink,1788606600000,11.752030803931
ethereum,1788606600000,2454.486198029299
ripple,1788606600000,1.406099850918876
ripple,1788606610000,1.4057656780055705
ethereum,1788606620000,2454.4273063160317
chainlink,1788606630000,11.751035313466863
binancecoin,1788606600000,748.9161805355608
bitcoin,1788606600000,79653.10454893383
bitcoin-cash,1788606600000,251.95707008602642
cardano,1788606600000,0.2131109149339252
hyperliquid,1788606600000,84.74804974848931
monero,1788606600000,538.602357916433
solana,1788606600000,102.52787648718319
tron,1788606600000,0.3327525602480379
zcash,1788606600000,1009.0094347115603
binancecoin,1788606900000,753.7241785050347
bitcoin,1788606900000,79649.7166517115
bitcoin-cash,1788606900000,251.86987128909914
cardano,1788606900000,0.21307169813077717
chainlink,1788606900000,11.757103214313357
ethereum,1788606900000,2454.3456255317724
hyperliquid,1788606900000,84.76488888722093
monero,1788606900000,538.953593311834
ripple,1788606900000,1.405535290694993
solana,1788606900000,102.44882885848826
tron,1788606900000,0.33273859056911176
zcash,1788606900000,1006.817392046663
chainlink,1788606990000,11.745039456397437
ethereum,1788606990000,2453.9230867992983
ripple,1788606990000,1.4046159324465857
solana,1788607000000,102.3997158984645
monero,1788607050000,540.8232923216974
hyperliquid,1788607140000,84.73177866958376
bitcoin,1788607150000,79623.07230795018
binancecoin,1788607160000,752.1432924981672
tron,1788607190000,0.33284587831289963
bitcoin-cash,1788607200000,251.63307719594093
cardano,1788607200000,0.21284234593553875
zcash,1788607200000,1006.542145506318
cardano,1788607240000,0.21285137046732736
bitcoin-cash,1788607250000,251.7058783310951
zcash,1788607250000,1007.3606206797859
binancecoin,1788607200000,751.812355186814
bitcoin,1788607200000,79623.50029781862
chainlink,1788607200000,11.734765893965331
ethereum,1788607200000,2453.160448967131
hyperliquid,1788607200000,84.76565348952214
monero,1788607200000,539.7008757642628
ripple,1788607200000,1.4038232251830098
solana,1788607200000,102.3683675988811
tron,1788607200000,0.33284587831289963
binancecoin,1788607500000,751.8489697978317
bitcoin,1788607500000,79624.15677166822
bitcoin-cash,1788607500000,251.8300876060351
cardano,1788607500000,0.21275086223527265
chainlink,1788607500000,11.730569714158046
ethereum,1788607500000,2453.1896557221207
hyperliquid,1788607500000,84.79764437802022
monero,1788607500000,540.9089902348505
ripple,1788607500000,1.4031956754123227
solana,1788607500000,102.30572451221857
tron,1788607500000,0.33283803304349546
zcash,1788607500000,1008.7462117878821
cardano,1788607600000,0.21268863637984115
zcash,1788607600000,1008.0165072527711
bitcoin-cash,1788607610000,251.7359398618526
ethereum,1788607650000,2453.5345105712126
solana,1788607650000,102.30830400477262
chainlink,1788607660000,11.737679053915093
ripple,1788607660000,1.4034394058097501
monero,1788607720000,542.0284162887871
binancecoin,1788607800000,752.2713609718783
bitcoin,1788607800000,79625.36140004043
hyperliquid,1788607800000,84.91555262092949
tron,1788607800000,0.33284575606405553
bitcoin,1788607850000,79626.25438890356
binancecoin,1788607860000,752.0001376402993
hyperliquid,1788607860000,84.8648881807254
tron,1788607860000,0.3328672958690247
bitcoin-cash,1788607800000,251.75782655983227
cardano,1788607800000,0.21259541026607687
chainlink,1788607800000,11.732794774794932
ethereum,1788607800000,2453.8419498366
monero,1788607800000,541.7598246236505
ripple,1788607800000,1.403152701182434
solana,1788607800000,102.30303528181042
zcash,1788607800000,1009.438926544862
binancecoin,1788608100000,751.2541067208947
bitcoin,1788608100000,79635.81121239561
bitcoin-cash,1788608100000,251.75432717836117
cardano,1788608100000,0.21266531650327855
chainlink,1788608100000,11.729893950309839
ethereum,1788608100000,2454.064602775308
hyperliquid,1788608100000,84.88205365273866
monero,1788608100000,539.1220866066001
ripple,1788608100000,1.4030163697005218
solana,1788608100000,102.26925663849198
tron,1788608100000,0.33305090863994996
zcash,1788608100000,1009.5746436145795
chainlink,1788608270000,11.733650800951956
zcash,1788608270000,1011.205091453548
bitcoin-cash,1788608280000,251.98527760709896
cardano,1788608280000,0.2129125661286618
ripple,1788608340000,1.4035128295349018
monero,1788608370000,537.2540137854495
solana,1788608370000,102.30974438302944
ethereum,1788608380000,2454.095967140194
binancecoin,1788608400000,749.5264414940277
bitcoin,1788608400000,79636.32305817606
hyperliquid,1788608400000,84.88457938712276
tron,1788608400000,0.33307634471471403
binancecoin,1788608480000,748.1095357483396
bitcoin,1788608490000,79631.80405130742
tron,1788608490000,0.33302179787375197
hyperliquid,1788608500000,84.95114394025505
bitcoin-cash,1788608400000,252.48078922105591
cardano,1788608400000,0.21293177444660066
chainlink,1788608400000,11.731696189197976
ethereum,1788608400000,2454.052223075816
monero,1788608400000,537.112885174028
ripple,1788608400000,1.4035904112071105
solana,1788608400000,102.30641370496393
zcash,1788608400000,1010.3256242261563
binancecoin,1788608700000,747.1884436862618
bitcoin,1788608700000,79614.17095005498
bitcoin-cash,1788608700000,251.88617665611443
cardano,1788608700000,0.2127240249124372
chainlink,1788608700000,11.719694518461644
ethereum,1788608700000,2453.8274088323
hyperliquid,1788608700000,84.9654594273364
monero,1788608700000,535.5130495042313
ripple,1788608700000,1.4032362091515123
solana,1788608700000,102.24746689360046
tron,1788608700000,0.333076609706718
zcash,1788608700000,1008.6878102382984
bitcoin,1788608830000,79612.78145210429
binancecoin,1788608840000,746.2917174764765
hyperliquid,1788608840000,84.96330387517209
tron,1788608870000,0.3330343744625403
cardano,1788608960000,0.21294094477675013
chainlink,1788608980000,11.726113119271925
bitcoin-cash,1788608990000,252.26255220501508
zcash,1788608990000,1010.021729874567
ethereum,1788609000000,2454.2474060778777
monero,1788609000000,535.8808356535337
ripple,1788609000000,1.4053614727427195
solana,1788609000000,102.35368555622665
ethereum,1788609050000,2454.1527812575696
monero,1788609050000,536.0372664864339
ripple,1788609050000,1.405451333591625
solana,1788609050000,102.35286060370318
binancecoin,1788609000000,747.4110486327434
bitcoin,1788609000000,79635.33333938968
bitcoin-cash,1788609000000,252.26255220501508
cardano,1788609000000,0.21309164872444616
chainlink,1788609000000,11.729645322862057
hyperliquid,1788609000000,85.03256637842517
tron,1788609000000,0.3330329124166977
zcash,1788609000000,1010.021729874567
binancecoin,1788609300000,747.4104971054561
bitcoin,1788609300000,79642.90799677996
bitcoin-cash,1788609300000,252.4820701276739
cardano,1788609300000,0.21312304117763284
chainlink,1788609300000,11.736752473889128
ethereum,1788609300000,2454.8902871859013
hyperliquid,1788609300000,84.93951765051109
monero,1788609300000,537.2973753573383
ripple,1788609300000,1.4055216737325757
solana,1788609300000,102.36810397970459
tron,1788609300000,0.333103613887946
zcash,1788609300000,1012.485683047856
binancecoin,1788609600000,747.8297220283472
bitcoin,1788609600000,79616.72878630973
bitcoin-cash,1788609600000,252.56756208965567
cardano,1788609600000,0.21352247194679894
chainlink,1788609600000,11.726845460983316
ethereum,1788609600000,2453.8794394989577
hyperliquid,1788609600000,84.86216377593296
monero,1788609600000,537.8022993892431
ripple,1788609600000,1.4043362367606866
solana,1788609600000,102.35012911331732
tron,1788609600000,0.3331376230523054
zcash,1788609600000,1014.9849624850611
binancecoin,1788609900000,750.5770277628413
bitcoin,1788609900000,79655.53968952193
bitcoin-cash,1788609900000,250.16363793865438
cardano,1788609900000,0.2136540479953317
chainlink,1788609900000,11.733310490593137
ethereum,1788609900000,2455.527531291145
hyperliquid,1788609900000,84.85326814117063
monero,1788609900000,537.818919628738
ripple,1788609900000,1.4051805008493552
solana,1788609900000,102.40999542806476
tron,1788609900000,0.33322118335989465
zcash,1788609900000,1015.0034436647364
binancecoin,1788610200000,750.8703525346157
bitcoin,1788610200000,79670.57753331088
bitcoin-cash,1788610200000,250.50894590490623
cardano,1788610200000,0.21343515896716264
chainlink,1788610200000,11.730646722183863
ethereum,1788610200000,2455.371424374752
hyperliquid,1788610200000,84.80641073141257
monero,1788610200000,537.6133948668787
ripple,1788610200000,1.4052319749811208
solana,1788610200000,102.41913119449566
tron,1788610200000,0.3332219440774565
zcash,1788610200000,1013.3498121023232
ethereum,1788610380000,2455.2354254964343
binancecoin,1788610500000,751.9262046085265
bitcoin,1788610500000,79664.87682066996
bitcoin-cash,1788610500000,250.6024838170811
cardano,1788610500000,0.21352071012335702
chainlink,1788610500000,11.748723879085368
hyperliquid,1788610500000,84.78120054659465
monero,1788610500000,536.0858503253696
ripple,1788610500000,1.4053213280874748
solana,1788610500000,102.41809036479351
tron,1788610500000,0.3331486102532796
zcash,1788610500000,1013.3203876858719
binancecoin,1788610520000,752.0474591264797
bitcoin,1788610520000,79664.79788466779
tron,1788610520000,0.33313942366335325
cardano,1788610580000,0.21369769705210523
bitcoin-cash,1788610590000,250.952778661145
zcash,1788610590000,1013.8110055826904
solana,1788610640000,102.39291801154152
chainlink,1788610650000,11.743357321137642
monero,1788610660000,536.3579178873118
ripple,1788610660000,1.4048678830208077
ethereum,1788610500000,2455.2243927908407
binancecoin,1788610800000,753.4378767540978
bitcoin,1788610800000,79658.02436771261
bitcoin-cash,1788610800000,251.05723936150204
cardano,1788610800000,0.2135834185462872
chainlink,1788610800000,11.737856826608375
ethereum,1788610800000,2454.955082139787
hyperliquid,1788610800000,84.84359927450805
monero,1788610800000,537.3816501554671
ripple,1788610800000,1.4048077639236867
solana,1788610800000,102.35148787742799
tron,1788610800000,0.33297379108523156
zcash,1788610800000,1012.4299404920027
zcash,1788610940000,1012.4156282534332
monero,1788610970000,537.4219944458913
chainlink,1788611010000,11.743102477635848
ripple,1788611010000,1.405299926823739
ethereum,1788611060000,2454.9746580382143
solana,1788611060000,102.37425511453462
binancecoin,1788611100000,755.2647078699925
bitcoin,1788611100000,79673.44058867228
bitcoin-cash,1788611100000,251.14658761711792
cardano,1788611100000,0.21363142295076076
hyperliquid,1788611100000,85.09406762434767
tron,1788611100000,0.3329349934759433
binancecoin,1788611180000,754.679920932588
bitcoin,1788611180000,79668.81085520088
hyperliquid,1788611220000,85.09083796008495
tron,1788611220000,0.3329316744054461
cardano,1788611270000,0.21398641083260436
bitcoin-cash,1788611290000,251.04578967868454
chainlink,1788611100000,11.752650706155247
ethereum,1788611100000,2455.054735646903
monero,1788611100000,538.0743609900695
ripple,1788611100000,1.4058099477081054
solana,1788611100000,102.39185270883087
zcash,1788611100000,1012.7997613828584
binancecoin,1788611400000,756.0735290805142
bitcoin,1788611400000,79658.55578861818
bitcoin-cash,1788611400000,251.07666125465542
cardano,1788611400000,0.2140402162923619
chainlink,1788611400000,11.753322024799427
ethereum,1788611400000,2454.7292157306556
hyperliquid,1788611400000,85.12297789200989
monero,1788611400000,541.513060567699
ripple,1788611400000,1.4049071802695423
solana,1788611400000,102.39377943439193
tron,1788611400000,0.3328203773991624
zcash,1788611400000,1009.8620103775726
cardano,1788611620000,0.2142383353032801
bitcoin-cash,1788611640000,250.80632599559615
ripple,1788611640000,1.4088370321973998
chainlink,1788611690000,11.792821925459576
zcash,1788611690000,1014.3157537734442
binancecoin,1788611700000,756.9763171213557
bitcoin,1788611700000,79679.11100584501
ethereum,1788611700000,2456.3817077810418
hyperliquid,1788611700000,85.08531278770704
monero,1788611700000,545.602677507688
solana,1788611700000,102.54151417797662
tron,1788611700000,0.33290180208616554
solana,1788611780000,102.58909405276053
bitcoin,1788611830000,79688.70669038563
hyperliquid,1788611830000,84.94564151671985
binancecoin,1788611850000,756.4723733699167
tron,1788611850000,0.332857418309105
bitcoin-cash,1788611700000,250.16258065464524
cardano,1788611700000,0.21434521934760578
chainlink,1788611700000,11.792821925459576
ripple,1788611700000,1.4094099167408014
zcash,1788611700000,1014.3157537734442
binancecoin,1788612000000,757.3072567043342
bitcoin,1788612000000,79706.36956228099
bitcoin-cash,1788612000000,250.19639388832792
cardano,1788612000000,0.21585081575127216
chainlink,1788612000000,11.81337497195371
ethereum,1788612000000,2458.179773932543
hyperliquid,1788612000000,84.98536238626465
monero,1788612000000,546.0706334715253
ripple,1788612000000,1.4143828609127735
solana,1788612000000,102.83511513934454
tron,1788612000000,0.3328590456567121
zcash,1788612000000,1014.3643770002105
monero,1788612050000,544.0574738888104
bitcoin,1788612160000,79750.11239437113
hyperliquid,1788612170000,84.98351793918053
tron,1788612170000,0.332918560609756
binancecoin,1788612300000,757.207685231881
bitcoin-cash,1788612300000,251.18866812008017
cardano,1788612300000,0.2161928463425896
chainlink,1788612300000,11.819343580737945
ethereum,1788612300000,2459.0319732088856
ripple,1788612300000,1.413765590969476
solana,1788612300000,102.86851422865179
zcash,1788612300000,1012.1400801871962
cardano,1788612330000,0.21628490578910353
ethereum,1788612380000,2460.134087302445
zcash,1788612380000,1009.5814186844391
chainlink,1788612400000,11.824421520552388
binancecoin,1788612470000,758.268787662475
solana,1788612480000,102.94836339403068
bitcoin,1788612300000,79729.26395079588
hyperliquid,1788612300000,84.90584923960404
monero,1788612300000,543.0073660169386
tron,1788612300000,0.3331133254766949
binancecoin,1788612600000,758.845250854076
bitcoin,1788612600000,79734.747853871
bitcoin-cash,1788612600000,251.31508514812427
cardano,1788612600000,0.21643213003342862
chainlink,1788612600000,11.830521552774442
ethereum,1788612600000,2458.9230427410225
hyperliquid,1788612600000,85.07926883116227
monero,1788612600000,544.21910008147
ripple,1788612600000,1.4151638250213876
solana,1788612600000,102.96273887340816
tron,1788612600000,0.3331164975715702
zcash,1788612600000,1011.3772281359492
zcash,1788612720000,1010.8688938166498
ethereum,1788612740000,2458.4933871508038
monero,1788612750000,544.011893877927
binancecoin,1788612810000,762.4944833550437
cardano,1788612820000,0.21609188169971882
chainlink,1788612850000,11.832550967425885
bitcoin,1788612860000,79724.73862602442
solana,1788612870000,103.10713232698279
hyperliquid,1788612890000,85.1757809377584
bitcoin-cash,1788612900000,250.6957089901952
ripple,1788612900000,1.415338145474564
tron,1788612900000,0.3330938941160731
bitcoin-cash,1788612940000,250.71186572331266
tron,1788612940000,0.3331197648460603
ripple,1788612950000,1.4159010517123876
binancecoin,1788612900000,764.3531543706285
bitcoin,1788612900000,79738.97681623895
cardano,1788612900000,0.21629841913665476
chainlink,1788612900000,11.84072295197861
ethereum,1788612900000,2459.223168028222
hyperliquid,1788612900000,85.18034958211067
monero,1788612900000,542.683392389241
solana,1788612900000,103.20244691088088
zcash,1788612900000,1013.1822457583677
binancecoin,1788613200000,763.3648340946128
bitcoin,1788613200000,79713.129978018
bitcoin-cash,1788613200000,249.28956250982438
cardano,1788613200000,0.216534964822747
chainlink,1788613200000,11.836632309084342
ethereum,1788613200000,2459.027552275698
hyperliquid,1788613200000,85.2100932410016
monero,1788613200000,544.570373159885
ripple,1788613200000,1.4151187817500284
solana,1788613200000,103.25110027887705
tron,1788613200000,0.33308455392340064
zcash,1788613200000,1013.9419659604597
binancecoin,1788613500000,764.1817446161034
bitcoin,1788613500000,79706.5892943793
bitcoin-cash,1788613500000,249.53568456093885
cardano,1788613500000,0.21654103131544333
chainlink,1788613500000,11.844705220359538
ethereum,1788613500000,2460.096086504629
hyperliquid,1788613500000,85.2497189986983
monero,1788613500000,546.9881206160669
ripple,1788613500000,1.414435201381299
solana,1788613500000,103.3066354668957
tron,1788613500000,0.3330877505260126
zcash,1788613500000,1012.4587340377207
binancecoin,1788613740000,764.3634064030646
cardano,1788613740000,0.21664754408991269
bitcoin,1788613760000,79697.84957105735
solana,1788613760000,103.15866957957525
bitcoin-cash,1788613800000,248.94814801609402
chainlink,1788613800000,11.854324868036342
ethereum,1788613800000,2459.0700755874386
hyperliquid,1788613800000,85.21231777065877
monero,1788613800000,545.2812263370056
ripple,1788613800000,1.4152198344961833
tron,1788613800000,0.33309819118154976
zcash,1788613800000,1013.441067350188
bitcoin-cash,1788613820000,248.95324552382175
ripple,1788613830000,1.4149061949192494
tron,1788613840000,0.3331506856099625
zcash,1788613840000,1013.2751665567876
chainlink,1788613890000,11.843776128448999
ethereum,1788613890000,2458.4371400092905
hyperliquid,1788613900000,85.06483587073191
monero,1788613910000,544.5188594554166
binancecoin,1788613800000,764.1578885567368
bitcoin,1788613800000,79693.13077255196
cardano,1788613800000,0.21683926979723145
solana,1788613800000,103.15453494003182
binancecoin,1788614100000,766.9058152422633
bitcoin,1788614100000,79715.06424259636
bitcoin-cash,1788614100000,249.3323392389364
cardano,1788614100000,0.21644059680781208
chainlink,1788614100000,11.858372826632964
ethereum,1788614100000,2459.3380459367795
hyperliquid,1788614100000,85.18972142028213
monero,1788614100000,544.7299446704295
ripple,1788614100000,1.416615855095347
solana,1788614100000,103.25454970240719
tron,1788614100000,0.33312500671855844
zcash,1788614100000,1014.4872951461538
hyperliquid,1788614190000,85.18458351388801
ethereum,1788614200000,2458.8972278833694
monero,1788614200000,545.3486712565119
chainlink,1788614230000,11.843701949736877
solana,1788614380000,103.18166682250084
binancecoin,1788614390000,766.11318627771
bitcoin,1788614390000,79697.88507345995
bitcoin-cash,1788614400000,249.98842803791254
cardano,1788614400000,0.21625578351251892
ripple,1788614400000,1.4146778144247016
tron,1788614400000,0.3329432815359389
zcash,1788614400000,1016.010120403351
ripple,1788614470000,1.4158404112197547
bitcoin-cash,1788614480000,250.0749256206106
tron,1788614480000,0.33296977868233085
zcash,1788614480000,1017.3366119945836
binancecoin,1788614400000,766.174032243211
bitcoin,1788614400000,79699.69821906436
chainlink,1788614400000,11.832779333108723
ethereum,1788614400000,2457.995113089219
hyperliquid,1788614400000,85.44506653979323
monero,1788614400000,546.049639151935
solana,1788614400000,103.18485968930648
binancecoin,1788614700000,765.0248449533781
bitcoin,1788614700000,79758.34409638887
bitcoin-cash,1788614700000,250.2656408467368
cardano,1788614700000,0.2168064208708873
chainlink,1788614700000,11.84531639574118
ethereum,1788614700000,2461.0242239126837
hyperliquid,1788614700000,85.47128610408944
monero,1788614700000,545.580470644008
ripple,1788614700000,1.4170771938508044
solana,1788614700000,103.23533948123355
tron,1788614700000,0.3329657473270656
zcash,1788614700000,1018.643302512552
solana,1788614710000,103.19020929727094
ripple,1788614770000,1.416567074335663
tron,1788614780000,0.3330543227940692
bitcoin-cash,1788614790000,250.30645771165436
zcash,1788614790000,1017.5129317856938
ethereum,1788614900000,2459.646527168648
hyperliquid,1788614900000,85.53608125777097
chainlink,1788614910000,11.832306528889125
monero,1788614920000,544.8049026147131
binancecoin,1788615000000,764.0028445152898
bitcoin,1788615000000,79754.64963065877
cardano,1788615000000,0.2164407018424547
binancecoin,1788615030000,764.1048321440065
bitcoin,1788615030000,79755.22716263555
cardano,1788615060000,0.2163158613121857
bitcoin-cash,1788615000000,250.55317066237146
chainlink,1788615000000,11.832434267351358
ethereum,1788615000000,2459.634147374298
hyperliquid,1788615000000,85.49456206170191
monero,1788615000000,545.3959171342831
ripple,1788615000000,1.4153511651575101
solana,1788615000000,103.11388741688718
tron,1788615000000,0.33306723723155923
zcash,1788615000000,1016.6468654945741
binancecoin,1788615300000,765.5805744606325
bitcoin,1788615300000,79732.5062110221
bitcoin-cash,1788615300000,250.40399756258608
cardano,1788615300000,0.2162594659188113
chainlink,1788615300000,11.853363155309843
ethereum,1788615300000,2459.6950483271935
hyperliquid,1788615300000,85.68961505894828
monero,1788615300000,543.3177783686195
ripple,1788615300000,1.415041065515919
solana,1788615300000,103.12352276381964
tron,1788615300000,0.33310185685742344
zcash,1788615300000,1014.8160635049305
binancecoin,1788615360000,765.9752658446625
cardano,1788615450000,0.21624886933198417
bitcoin-cash,1788615510000,250.0814631334136
zcash,1788615510000,1016.981378289961
tron,1788615520000,0.33319602071815174
ripple,1788615580000,1.412234476411314
solana,1788615590000,102.95267201245815
bitcoin,1788615600000,79665.78766394022
chainlink,1788615600000,11.844627970455926
ethereum,1788615600000,2456.997565202845
hyperliquid,1788615600000,85.45573415593347
monero,1788615600000,543.3570168239775
chainlink,1788615630000,11.860069763590072
monero,1788615650000,543.2368348068487
ethereum,1788615660000,2458.69049193196
bitcoin,1788615670000,79710.97854437331
binancecoin,1788615600000,764.715832640968
bitcoin-cash,1788615600000,249.98103740987503
cardano,1788615600000,0.21575031930072783
ripple,1788615600000,1.4121709944129832
solana,1788615600000,102.95651647843722
tron,1788615600000,0.3332298257393292
zcash,1788615600000,1014.8113833410575
binancecoin,1788615900000,764.2092040172803
bitcoin,1788615900000,79649.61896405392
bitcoin-cash,1788615900000,249.69956824642355
cardano,1788615900000,0.21576503023866694
chainlink,1788615900000,11.86050588609326
ethereum,1788615900000,2456.3471834589973
hyperliquid,1788615900000,85.40473425825827
monero,1788615900000,539.8546054064636
ripple,1788615900000,1.4125981194822876
solana,1788615900000,102.83126204039594
tron,1788615900000,0.33313728277748017
zcash,1788615900000,1015.4718731001606
ethereum,1788615970000,2456.885012441811
bitcoin,1788615980000,79681.59974806245
chainlink,1788615980000,11.874166352455152
monero,1788615990000,538.9611442894649
binancecoin,1788616140000,763.8305040689448
cardano,1788616160000,0.2161863628599821
tron,1788616180000,0.33322217722096226
zcash,1788616180000,1016.526303873582
bitcoin-cash,1788616200000,249.92211682222847
hyperliquid,1788616200000,85.51419115887812
ripple,1788616200000,1.413484421653968
solana,1788616200000,102.92780913056183
hyperliquid,1788616210000,85.51419115887812
bitcoin-cash,1788616240000,249.52434474132397
ripple,1788616240000,1.410813993972691
solana,1788616250000,102.7189454137524
binancecoin,1788616200000,763.2384779884375
bitcoin,1788616200000,79676.39203203504
cardano,1788616200000,0.2159966671390752
chainlink,1788616200000,11.865975800206813
ethereum,1788616200000,2456.8326596051784
monero,1788616200000,539.959225416661
tron,1788616200000,0.3332240915758477
zcash,1788616200000,1015.9406391645256
binancecoin,1788616500000,760.5561782086814
bitcoin,1788616500000,79622.2455208461
bitcoin-cash,1788616500000,249.7135707322802
cardano,1788616500000,0.21570648985852697
chainlink,1788616500000,11.846573355083905
ethereum,1788616500000,2453.0020397897088
hyperliquid,1788616500000,85.29283707842701
monero,1788616500000,539.7356173559431
ripple,1788616500000,1.4125515274241687
solana,1788616500000,102.75496084395971
tron,1788616500000,0.33315673261567536
zcash,1788616500000,1014.1087751529607
tron,1788616600000,0.33312325926283903
binancecoin,1788616610000,760.5585604352409
cardano,1788616620000,0.21574083610135997
ripple,1788616620000,1.4125208926653259
hyperliquid,1788616700000,85.1799521075578
solana,1788616700000,102.70546193623794
chainlink,1788616710000,11.840872769459022
zcash,1788616720000,1014.6073038800077
ethereum,1788616760000,2453.8592841574896
bitcoin,1788616770000,79623.14394684852
bitcoin-cash,1788616770000,249.82317528438992
monero,1788616780000,539.9473367696315
binancecoin,1788616800000,760.7551843197105
bitcoin,1788616800000,79617.56064482199
bitcoin-cash,1788616800000,249.77955695976047
cardano,1788616800000,0.21554743707575824
chainlink,1788616800000,11.842540038977688
ethereum,1788616800000,2453.8953798544057
hyperliquid,1788616800000,85.16024329992904
monero,1788616800000,539.9225440811654
ripple,1788616800000,1.4124636162188704
solana,1788616800000,102.6576864860981
tron,1788616800000,0.33315271951983455
zcash,1788616800000,1014.2379484415602
binancecoin,1788617100000,761.9581985003233
bitcoin,1788617100000,79651.07594688439
bitcoin-cash,1788617100000,249.55609292614992
cardano,1788617100000,0.21551108394442026
chainlink,1788617100000,11.853038975841859
ethereum,1788617100000,2454.9081150993397
hyperliquid,1788617100000,85.1758168983699
monero,1788617100000,540.8191594071268
ripple,1788617100000,1.4131116687672902
solana,1788617100000,102.76187340065079
tron,1788617100000,0.33318699321037476
zcash,1788617100000,1013.2637859287327
binancecoin,1788617240000,762.9680236621617
ripple,1788617270000,1.4140764017681244
tron,1788617270000,0.33323109236447646
cardano,1788617320000,0.21571466430652744
solana,1788617340000,102.83983836506803
hyperliquid,1788617350000,85.31547761161954
zcash,1788617380000,1013.9866692959511
chainlink,1788617390000,11.869970034383288
bitcoin,1788617400000,79683.40676989118
bitcoin-cash,1788617400000,249.51490085291326
ethereum,1788617400000,2455.8369211181594
monero,1788617400000,540.9476442319962
bitcoin,1788617470000,79679.7025432696
ethereum,1788617470000,2455.663444138628
bitcoin-cash,1788617480000,249.325494878249
monero,1788617480000,541.0110624541599
binancecoin,1788617400000,763.6445354364328
cardano,1788617400000,0.2157558544529034
chainlink,1788617400000,11.869444977922333
hyperliquid,1788617400000,85.31434984458433
ripple,1788617400000,1.4139864526813308
solana,1788617400000,102.8294591336672
tron,1788617400000,0.3332575537166106
zcash,1788617400000,1013.9858388093124
binancecoin,1788617700000,763.8005248040282
bitcoin,1788617700000,79670.36603501732
bitcoin-cash,1788617700000,249.1692403099641
cardano,1788617700000,0.21532162250131842
chainlink,1788617700000,11.86136513859504
ethereum,1788617700000,2455.1012945015723
hyperliquid,1788617700000,85.30334359814736
monero,1788617700000,542.1151842705644
ripple,1788617700000,1.4130760841741141
solana,1788617700000,102.7389434310034
tron,1788617700000,0.3331737860413394
zcash,1788617700000,1012.4541933828117
chainlink,1788617750000,11.864021789514553
zcash,1788617760000,1011.8752615801435
bitcoin,1788617810000,79674.93678564401
bitcoin-cash,1788617830000,249.15948182843465
ethereum,1788617830000,2455.2337338266498
monero,1788617900000,542.3644652789262
binancecoin,1788617950000,762.4426919815998
ripple,1788617970000,1.4134983329200705
tron,1788617970000,0.3330570944130908
cardano,1788618000000,0.21578301469593167
hyperliquid,1788618000000,85.35450556390428
solana,1788618000000,102.75220046298837
cardano,1788618030000,0.21589592692182732
binancecoin,1788618000000,762.1563224482622
bitcoin,1788618000000,79678.64263604868
bitcoin-cash,1788618000000,249.17107163558325
chainlink,1788618000000,11.862020364612398
ethereum,1788618000000,2454.8535636796
monero,1788618000000,542.7151733061833
ripple,1788618000000,1.4135369841515488
tron,1788618000000,0.3330603226338605
zcash,1788618000000,1013.4441673184663
binancecoin,1788618300000,763.359743097286
bitcoin,1788618300000,79676.79802512324
bitcoin-cash,1788618300000,249.28128357213407
cardano,1788618300000,0.21585796789010372
chainlink,1788618300000,11.864427668957601
ethereum,1788618300000,2454.9653807698205
hyperliquid,1788618300000,85.17227244214351
monero,1788618300000,540.6505794709877
ripple,1788618300000,1.4142519737162431
solana,1788618300000,102.77440889830093
tron,1788618300000,0.33302595053305706
zcash,1788618300000,1010.9689731319482
solana,1788618340000,102.80706609710103
cardano,1788618350000,0.21594829894372014
hyperliquid,1788618360000,85.13731036617358
chainlink,1788618410000,11.874808866624162
zcash,1788618420000,1011.7059700193138
ethereum,1788618470000,2456.2815899045822
bitcoin,1788618490000,79730.69698367306
bitcoin-cash,1788618490000,249.51234798753313
monero,1788618540000,542.3312461129331
binancecoin,1788618600000,765.4593338728716
ripple,1788618600000,1.41540792595134
tron,1788618600000,0.33299545944146536
tron,1788618620000,0.3329582490674103
bitcoin,1788618600000,79728.13563145188
bitcoin-cash,1788618600000,249.72740979272717
cardano,1788618600000,0.21637637784194688
chainlink,1788618600000,11.881327958442057
ethereum,1788618600000,2456.9178637213518
hyperliquid,1788618600000,85.1186683611699
monero,1788618600000,541.7717905367978
solana,1788618600000,102.8899333698589
zcash,1788618600000,1012.2310312569147
binancecoin,1788618900000,769.4455489748967
bitcoin,1788618900000,79744.83531830643
bitcoin-cash,1788618900000,249.82821588717584
cardano,1788618900000,0.21689421734899472
chainlink,1788618900000,11.881045762276825
ethereum,1788618900000,2457.6923517294194
hyperliquid,1788618900000,85.1510683915803
monero,1788618900000,540.8399601641403
ripple,1788618900000,1.4168778715243688
solana,1788618900000,102.87273963833317
tron,1788618900000,0.33314212056110437
zcash,1788618900000,1016.5171792824694
tron,1788618910000,0.3331265210019111
ripple,1788618940000,1.4172145873125763
solana,1788619020000,102.83505938261504
cardano,1788619050000,0.21733105514355314
hyperliquid,1788619050000,85.10120207380407
ethereum,1788619110000,2457.651434739685
bitcoin,1788619130000,79728.53987883257
chainlink,1788619150000,11.886696555416352
monero,1788619180000,538.1598933777798
bitcoin-cash,1788619190000,249.9711613454421
zcash,1788619190000,1016.3406447188454
binancecoin,1788619200000,768.1166266724396
bitcoin,1788619200000,79737.86739198735
bitcoin-cash,1788619200000,249.9859866404452
cardano,1788619200000,0.218437321568718
chainlink,1788619200000,11.884018919057791
ethereum,1788619200000,2457.8971016708015
hyperliquid,1788619200000,85.15469584954083
monero,1788619200000,538.4936496237077
ripple,1788619200000,1.4194085564884236
solana,1788619200000,102.87292230084012
tron,1788619200000,0.33300650252296005
zcash,1788619200000,1016.2269243782245
chainlink,1788619460000,11.877859056673216
bitcoin-cash,1788619480000,249.72646285308835
monero,1788619480000,538.1753026969866
binancecoin,1788619500000,765.1775822100005
bitcoin,1788619500000,79719.22466165679
cardano,1788619500000,0.21803682138487954
ethereum,1788619500000,2456.6888441749297
hyperliquid,1788619500000,85.14399085861677
ripple,1788619500000,1.4175631733618537
solana,1788619500000,102.77327518833484
tron,1788619500000,0.332972293733967
zcash,1788619500000,1014.153245928344
zcash,1788619510000,1014.7424710388644
binancecoin,1788619620000,766.8173736090986
ripple,1788619640000,1.416797653639658
tron,1788619650000,0.33302734619047736
cardano,1788619700000,0.2174837727112757
hyperliquid,1788619700000,85.17089793700622
solana,1788619700000,102.74558624453239
bitcoin,1788619760000,79732.52302288823
ethereum,1788619760000,2456.186478250185
bitcoin-cash,1788619500000,249.73269400445315
chainlink,1788619500000,11.868843964115367
monero,1788619500000,537.0575792297907
binancecoin,1788619800000,767.7916585038433
bitcoin,1788619800000,79732.49551094786
bitcoin-cash,1788619800000,249.8465272076861
cardano,1788619800000,0.21756722585005459
chainlink,1788619800000,11.857191922339256
ethereum,1788619800000,2456.443046996234
hyperliquid,1788619800000,85.18316108876839
monero,1788619800000,538.195896896095
ripple,1788619800000,1.4162457821251933
solana,1788619800000,102.79454938476056
tron,1788619800000,0.3330321951249664
zcash,1788619800000,1015.8822266966774
hyperliquid,1788620040000,85.16260533952696
binancecoin,1788620050000,768.9482299810659
bitcoin,1788620100000,79746.08508381626
bitcoin-cash,1788620100000,250.25674370225926
cardano,1788620100000,0.2177013688740504
chainlink,1788620100000,11.874983180277725
ethereum,1788620100000,2457.8904077761804
monero,1788620100000,538.32154235618
ripple,1788620100000,1.4160858239057204
solana,1788620100000,102.88229555369759
tron,1788620100000,0.3331239058679826
zcash,1788620100000,1015.8984854082391
bitcoin,1788620120000,79745.90954792667
cardano,1788620120000,0.2176820685974935
chainlink,1788620170000,11.871870658595736
monero,1788620180000,538.3180919178986
bitcoin-cash,1788620200000,250.2797448637083
zcash,1788620270000,1016.4977835526753
ripple,1788620310000,1.416501386188884
tron,1788620320000,0.333111030055417
solana,1788620370000,102.93599151627727
binancecoin,1788620100000,769.2439024356436
hyperliquid,1788620100000,85.20939264872675
binancecoin,1788620400000,769.7645647882324
bitcoin,1788620400000,79730.88136501185
bitcoin-cash,1788620400000,250.38882246721158
cardano,1788620400000,0.21772613402776098
chainlink,1788620400000,11.883781419853529
ethereum,1788620400000,2457.4912209236654
hyperliquid,1788620400000,85.15967052733133
monero,1788620400000,539.4022967505261
ripple,1788620400000,1.4147091232340798
solana,1788620400000,102.87831978424647
tron,1788620400000,0.3331512085144112
zcash,1788620400000,1013.7898443459775
monero,1788620630000,538.8604410176795
binancecoin,1788620700000,770.416348291868
bitcoin,1788620700000,79741.70836785446
bitcoin-cash,1788620700000,250.41819114495476
cardano,1788620700000,0.21739738961343857
chainlink,1788620700000,11.886727840465785
ethereum,1788620700000,2457.5770252204916
hyperliquid,1788620700000,85.1945970840712
ripple,1788620700000,1.413573855227501
solana,1788620700000,102.84556831310688
tron,1788620700000,0.33314252519253684
zcash,1788620700000,1015.3134120817679
binancecoin,1788620850000,769.2971705346889
bitcoin,1788620850000,79751.18410518991
ethereum,1788620870000,2458.51249451208
cardano,1788620880000,0.21729003907190017
chainlink,1788620950000,11.893718601571841
bitcoin-cash,1788620960000,250.2450281718685
zcash,1788620960000,1017.0218826817821
hyperliquid,1788621000000,85.31543754292568
ripple,1788621000000,1.4135170002438373
solana,1788621000000,102.82274454418085
tron,1788621000000,0.3331672958710767
ripple,1788621020000,1.4135170002438373
hyperliquid,1788621030000,85.33297645784947
solana,1788621030000,102.86291466218796
tron,1788621030000,0.3331692004517925
monero,1788620700000,538.8119546691902
binancecoin,1788621000000,769.1942992389868
bitcoin,1788621000000,79723.90821543203
bitcoin-cash,1788621000000,250.19706288916188
cardano,1788621000000,0.21728232383827994
chainlink,1788621000000,11.900605904028044
ethereum,1788621000000,2458.011063225627
monero,1788621000000,539.4401798229276
zcash,1788621000000,1016.6915663602191
binancecoin,1788621300000,768.9442490392516
bitcoin,1788621300000,79726.288182872
bitcoin-cash,1788621300000,250.1309268079935
cardano,1788621300000,0.21743970664374337
chainlink,1788621300000,11.915223806644798
ethereum,1788621300000,2458.9684411060703
hyperliquid,1788621300000,85.25477099359085
monero,1788621300000,540.6566056596378
ripple,1788621300000,1.4128859902325124
solana,1788621300000,102.857641288854
tron,1788621300000,0.3332233509206722
zcash,1788621300000,1019.1757062281508
hyperliquid,1788621330000,85.250426687382
tron,1788621350000,0.33319881216575786
solana,1788621360000,102.848917290515
monero,1788621410000,540.0586883490356
ripple,1788621430000,1.411462384793958
binancecoin,1788621560000,768.2689409607266
bitcoin,1788621560000,79692.10180304672
cardano,1788621560000,0.2169738370700616
ethereum,1788621570000,2456.227237131723
bitcoin-cash,1788621600000,249.97191885269726
chainlink,1788621600000,11.881271696805362
zcash,1788621600000,1017.5031900784453
bitcoin-cash,1788621620000,250.13854301060542
chainlink,1788621640000,11.898735319465013
zcash,1788621640000,1019.0866297015673
stellar,1788604800000,0.18347940649389113
stellar,1788605100000,0.18377593814860657
stellar,1788605400000,0.18380932625082513
stellar,1788605700000,0.18375378838790632
stellar,1788606000000,0.18368693416236412
stellar,1788606300000,0.18344956877723378
stellar,1788606600000,0.18374184924043058
stellar,1788606900000,0.18349310355942428
stellar,1788607200000,0.1833416539511454
stellar,1788607500000,0.18323368914516366
stellar,1788607800000,0.1832620852600157
stellar,1788608100000,0.18325334822013753
stellar,1788608400000,0.18337741144651215
stellar,1788608700000,0.18315462679161432
stellar,1788609000000,0.1833457391272679
stellar,1788609300000,0.18331491355451138
stellar,1788609600000,0.18336257508659853
stellar,1788609900000,0.18342216826834906
stellar,1788610200000,0.18333945910828575
stellar,1788610500000,0.18335240190114485
stellar,1788610800000,0.18309637820395083
stellar,1788611100000,0.1827296975886895
stellar,1788611400000,0.18272528735618204
stellar,1788611700000,0.18323406068202677
stellar,1788612000000,0.18411148752238954
stellar,1788612300000,0.18431054105337358
stellar,1788612600000,0.18444921234666198
stellar,1788612900000,0.1848201646316671
stellar,1788613200000,0.18441014478668644
stellar,1788613500000,0.1844202897762578
stellar,1788613800000,0.1843647612139001
stellar,1788614100000,0.18446810233542144
stellar,1788614400000,0.18426128492535765
stellar,1788614700000,0.18466286746957986
stellar,1788615000000,0.18465278825515777
stellar,1788615300000,0.18431102964552154
stellar,1788615600000,0.18366672456605285
stellar,1788615900000,0.18351831005038877
stellar,1788616200000,0.18360728806804363
stellar,1788616500000,0.1833473993810061
stellar,1788616800000,0.18335937095325117
stellar,1788617100000,0.18334425735573853
stellar,1788617400000,0.1834285696974269
stellar,1788617700000,0.18317658093608077
stellar,1788618000000,0.18336599271859927
stellar,1788618300000,0.18345272943710353
stellar,1788618600000,0.1836805660877639
stellar,1788618900000,0.1836656083951973
stellar,1788619200000,0.18414083503238557
stellar,1788619500000,0.18380414670017411
stellar,1788619800000,0.18363558430093946
stellar,1788620100000,0.18379563888346492
stellar,1788620400000,0.18387622277448606
stellar,1788620700000,0.1837394755324624
stellar,1788621000000,0.1837573598884775
stellar,1788621300000,0.18411101948854652
binancecoin,1788621600000,768.6819530206918
bitcoin,1788621600000,79696.00819108679
cardano,1788621600000,0.217100294611506
ethereum,1788621600000,2456.3485574856068
hyperliquid,1788621600000,85.07188094065975
ripple,1788621600000,1.410970376358672
solana,1788621600000,102.73007223026252
stellar,1788621600000,0.18366547431272118
tron,1788621600000,0.33321324350274
binancecoin,1788621900000,767.587283380784
bitcoin,1788621900000,79759.54569552363
bitcoin-cash,1788621900000,250.25992069249205
cardano,1788621900000,0.21762279549520377
chainlink,1788621900000,11.920105056807666
ethereum,1788621900000,2458.884443922679
hyperliquid,1788621900000,85.14299044517938
ripple,1788621900000,1.4140934543656398
solana,1788621900000,102.75367807043918
stellar,1788621900000,0.18509613131849909
tron,1788621900000,0.3332331083614394
zcash,1788621900000,1020.1883926062737
binancecoin,1788621920000,767.3176428785277
bitcoin-cash,1788621950000,250.25619049271162
zcash,1788621950000,1019.480129202722
chainlink,1788621960000,11.923886735980231
solana,1788622010000,102.8384006247721
hyperliquid,1788622030000,85.20552147801011
tron,1788622030000,0.3334339582164008
ripple,1788622080000,1.4148804431850033
bitcoin,1788622190000,79700.86252024514
cardano,1788622200000,0.21800248977354506
ethereum,1788622200000,2457.7774338144736
stellar,1788622200000,0.18516440175466745
cardano,1788622210000,0.2180679699347009
binancecoin,1788622200000,766.3659323371568
bitcoin,1788622200000,79700.8649655354
bitcoin-cash,1788622200000,249.9476545938327
chainlink,1788622200000,11.91832976597762
hyperliquid,1788622200000,85.09824195610334
ripple,1788622200000,1.4129300030850462
solana,1788622200000,102.72623907520561
tron,1788622200000,0.33346891803974943
zcash,1788622200000,1017.6886241153154
binancecoin,1788622500000,766.5417889606427
bitcoin,1788622500000,79716.78729903419
bitcoin-cash,1788622500000,249.72003541487805
cardano,1788622500000,0.21727012715725794
chainlink,1788622500000,11.90575971201523
ethereum,1788622500000,2458.713167438231
hyperliquid,1788622500000,85.20280847197427
ripple,1788622500000,1.4125144175094841
solana,1788622500000,102.67668536862216
stellar,1788622500000,0.18607668295206517
tron,1788622500000,0.33365828036164624
zcash,1788622500000,1014.9939394279734
bitcoin,1788622570000,79717.81047380896
ethereum,1788622580000,2458.5853414993403
stellar,1788622580000,0.18618962451187626
cardano,1788622600000,0.21734920113815734
chainlink,1788622620000,11.90603276662896
binancecoin,1788622650000,766.4619767081
bitcoin-cash,1788622650000,249.88169569643446
zcash,1788622670000,1017.5259185829849
tron,1788622700000,0.3338336353577186
hyperliquid,1788622710000,85.50232006534382
solana,1788622730000,102.74758182768387
ripple,1788622770000,1.4134736781439803
binancecoin,1788622800000,766.242322460913
bitcoin,1788622800000,79732.98980791387
bitcoin-cash,1788622800000,250.07585056491615
cardano,1788622800000,0.21717540295962862
chainlink,1788622800000,11.924920160948071
ethereum,1788622800000,2458.5615673962425
hyperliquid,1788622800000,85.40342819238303
ripple,1788622800000,1.4134324701086258
solana,1788622800000,102.74603124396708
stellar,1788622800000,0.1842256408113119
tron,1788622800000,0.3337742050311922
zcash,1788622800000,1018.1823437242967
binancecoin,1788623100000,766.7706130366196
bitcoin,1788623100000,79757.65573974764
bitcoin-cash,1788623100000,250.01733674291177
cardano,1788623100000,0.21712764985013658
chainlink,1788623100000,11.949766970573835
ethereum,1788623100000,2459.2719536647514
hyperliquid,1788623100000,85.45462946326897
ripple,1788623100000,1.41307032624544
solana,1788623100000,102.77694960108863
stellar,1788623100000,0.18400065671935273
tron,1788623100000,0.3338144258123006
zcash,1788623100000,1017.840970056886
ripple,1788623140000,1.4127133190381094
cardano,1788623260000,0.21702834053438733
ethereum,1788623260000,2459.40224026974
stellar,1788623260000,0.18402542904279912
bitcoin,1788623270000,79751.60048059102
binancecoin,1788623320000,766.4862311338103
bitcoin-cash,1788623320000,250.01293797917336
chainlink,1788623350000,11.934910428457659
zcash,1788623350000,1016.5711635423581
tron,1788623390000,0.3337209520957024
hyperliquid,1788623400000,85.33462902382769
solana,1788623400000,102.80285017997235
hyperliquid,1788623420000,85.34137843214194
binancecoin,1788623400000,766.9373038309651
bitcoin,1788623400000,79751.91203437361
bitcoin-cash,1788623400000,250.08644952323704
cardano,1788623400000,0.2169518451716402
chainlink,1788623400000,11.937535720458808
ethereum,1788623400000,2459.100007108205
ripple,1788623400000,1.4123543639558005
stellar,1788623400000,0.18377581723241485
tron,1788623400000,0.3337725110940246
zcash,1788623400000,1017.0681769742966
binancecoin,1788623700000,770.510043448372
bitcoin,1788623700000,79759.71052365222
bitcoin-cash,1788623700000,251.68472484268068
cardano,1788623700000,0.21725840104029656
chainlink,1788623700000,11.952937880194801
ethereum,1788623700000,2458.873515792307
hyperliquid,1788623700000,85.4878282640308
ripple,1788623700000,1.4124339515399853
solana,1788623700000,102.85192109442896
stellar,1788623700000,0.18371561285290863
tron,1788623700000,0.33391602856998737
zcash,1788623700000,1015.2245314033967
tron,1788623730000,0.3339498295972298
solana,1788623750000,102.88514280217541
hyperliquid,1788623770000,85.45976601936144
ripple,1788623820000,1.4122906304679377
bitcoin,1788623930000,79805.40748560753
cardano,1788623950000,0.21735135210841636
ethereum,1788623950000,2459.3197774592936
stellar,1788623960000,0.18364550336645316
binancecoin,1788624000000,770.0023093820079
bitcoin,1788624000000,79803.39493926977
bitcoin-cash,1788624000000,252.208031899912
cardano,1788624000000,0.21737175351642674
chainlink,1788624000000,11.947906456721364
ethereum,1788624000000,2459.809287535746
hyperliquid,1788624000000,85.4116043257304
ripple,1788624000000,1.4125078397772541
solana,1788624000000,102.9391200737685
stellar,1788624000000,0.1836314985689671
tron,1788624000000,0.3341368298159042
zcash,1788624000000,1015.7887860483552
stellar,1788624270000,0.18360373654614004
binancecoin,1788624300000,769.115702787955
bitcoin,1788624300000,79846.14657186267
bitcoin-cash,1788624300000,251.54742919027433
cardano,1788624300000,0.21802109969986425
chainlink,1788624300000,11.942463421587263
ethereum,1788624300000,2460.476165455297
hyperliquid,1788624300000,85.36698641651203
ripple,1788624300000,1.4135386129506742
solana,1788624300000,102.99519177027014
tron,1788624300000,0.3341232037413626
zcash,1788624300000,1018.4754097722846
binancecoin,1788624410000,769.2376223265378
bitcoin-cash,1788624460000,251.65612029876445
chainlink,1788624470000,11.937959849069436
zcash,1788624470000,1019.3625980522412
solana,1788624510000,102.94048063736604
tron,1788624510000,0.3340096583116579
hyperliquid,1788624530000,85.48527911205335
ripple,1788624580000,1.4130642971350953
bitcoin,1788624590000,79781.15596118016
cardano,1788624590000,0.21786613058087265
ethereum,1788624600000,2459.451594550672
ethereum,1788624610000,2459.451594550672
stellar,1788624300000,0.18360006804478585
binancecoin,1788624600000,769.1688379189062
bitcoin,1788624600000,79781.15550851314
bitcoin-cash,1788624600000,251.61309561564863
cardano,1788624600000,0.21786613058087265
chainlink,1788624600000,11.932896166101276
hyperliquid,1788624600000,85.56999431522551
ripple,1788624600000,1.4130111413639919
solana,1788624600000,102.96317682624239
stellar,1788624600000,0.18371923928074196
tron,1788624600000,0.3340588887641746
zcash,1788624600000,1021.2999618665189
bitcoin-cash,1788624790000,251.9174438713808
binancecoin,1788624900000,770.6915145530234
bitcoin,1788624900000,79777.43447761229
cardano,1788624900000,0.21778610326269338
chainlink,1788624900000,11.933123414469991
ethereum,1788624900000,2459.608116658714
hyperliquid,1788624900000,85.60902809490116
ripple,1788624900000,1.4119791379406976
solana,1788624900000,102.89446324504627
stellar,1788624900000,0.18368442364976897
tron,1788624900000,0.33398364070234804
zcash,1788624900000,1024.3150617641636
cardano,1788624930000,0.21785956124887054
ethereum,1788624930000,2460.1366966530136
bitcoin,1788624950000,79798.89658502219
ripple,1788624950000,1.4120611668617469
stellar,1788625000000,0.18378063378171794
binancecoin,1788625140000,772.9697153019362
zcash,1788625140000,1022.4066454983135
tron,1788625180000,0.3340446032944211
chainlink,1788625190000,11.920785653312068
hyperliquid,1788625200000,85.50219568621164
solana,1788625200000,102.89413432085657
hyperliquid,1788625210000,85.50690547567861
bitcoin-cash,1788624900000,251.91333758617583
binancecoin,1788625200000,772.0983430176444
bitcoin,1788625200000,79803.98296112666
bitcoin-cash,1788625200000,252.01772674698924
cardano,1788625200000,0.2176599231292979
chainlink,1788625200000,11.920785654024423
ethereum,1788625200000,2460.0964196156683
ripple,1788625200000,1.4123673462515005
stellar,1788625200000,0.18373563861780878
tron,1788625200000,0.33410614266671373
zcash,1788625200000,1022.5732801002783
binancecoin,1788625500000,772.716478741743
bitcoin,1788625500000,79862.16272184723
bitcoin-cash,1788625500000,252.00454242223222
cardano,1788625500000,0.21782532623633313
chainlink,1788625500000,11.925984516115394
ethereum,1788625500000,2461.5710177570277
hyperliquid,1788625500000,85.61086233542322
ripple,1788625500000,1.4137491465259613
solana,1788625500000,103.06715744353771
stellar,1788625500000,0.18412334705609573
tron,1788625500000,0.3343517442051265
zcash,1788625500000,1022.9484723394417
hyperliquid,1788625520000,85.60619286328638
solana,1788625520000,103.09060243429396
tron,1788625530000,0.33435308540177994
chainlink,1788625540000,11.933519821168394
ethereum,1788625590000,2462.182438889413
bitcoin,1788625600000,79886.00060970991
bitcoin-cash,1788625600000,252.20204865422645
ripple,1788625680000,1.4126827291922122
cardano,1788625690000,0.21777385560859205
stellar,1788625690000,0.18400057814595566
binancecoin,1788625780000,770.6650606021417
zcash,1788625780000,1022.1630871325015
binancecoin,1788625800000,771.1351484545908
bitcoin,1788625800000,79885.08189134276
bitcoin-cash,1788625800000,252.14609481799957
cardano,1788625800000,0.2178881677577753
chainlink,1788625800000,11.92396968774296
ethereum,1788625800000,2462.8658317709946
hyperliquid,1788625800000,85.55694360563265
ripple,1788625800000,1.4132665321871702
solana,1788625800000,103.1284251260093
stellar,1788625800000,0.18388184909211822
tron,1788625800000,0.3343492380614309
zcash,1788625800000,1022.2246572625544
chainlink,1788625840000,11.929233439046614
binancecoin,1788626050000,771.1403456411588
bitcoin,1788626100000,79958.82290866632
bitcoin-cash,1788626100000,252.4711958593226
cardano,1788626100000,0.218206699872179
ethereum,1788626100000,2467.660738611232
hyperliquid,1788626100000,85.81522447701832
ripple,1788626100000,1.4145668424061892
solana,1788626100000,103.28634475411211
stellar,1788626100000,0.18413906682491366
tron,1788626100000,0.33434524175554475
zcash,1788626100000,1025.2371595289264
solana,1788626150000,103.21547815417338
zcash,1788626150000,1024.5810467397437
hyperliquid,1788626160000,85.81967557547027
tron,1788626170000,0.3343438334294078
ethereum,1788626240000,2467.1726213807256
bitcoin-cash,1788626250000,252.1919924118592
bitcoin,1788626290000,79938.81331721006
cardano,1788626320000,0.21762200393045458
ripple,1788626320000,1.4127105190928833
stellar,1788626330000,0.18381460167108896
binancecoin,1788626100000,771.1750166643518
chainlink,1788626100000,11.92838928745726
binancecoin,1788626400000,771.7912231191365
bitcoin,1788626400000,79938.20170933694
bitcoin-cash,1788626400000,251.90181741035622
cardano,1788626400000,0.21765925388262372
chainlink,1788626400000,11.896719252951561
ethereum,1788626400000,2466.35528195893
hyperliquid,1788626400000,85.91054463329075
ripple,1788626400000,1.4126307357110703
solana,1788626400000,103.09666995007629
stellar,1788626400000,0.1836809858812997
tron,1788626400000,0.33430896274956556
zcash,1788626400000,1023.697939878997
bitcoin-cash,1788626550000,252.01302788156536
cardano,1788626650000,0.21768610715308176
binancecoin,1788626700000,773.218546374762
bitcoin,1788626700000,79940.78166898062
chainlink,1788626700000,11.908941736956079
ethereum,1788626700000,2466.5656223032215
hyperliquid,1788626700000,85.89407137330427
ripple,1788626700000,1.412639597297192
solana,1788626700000,103.09466248146762
stellar,1788626700000,0.18377639115251232
tron,1788626700000,0.3344039250545855
zcash,1788626700000,1022.370160603866
binancecoin,1788626760000,773.5442468779873
chainlink,1788626780000,11.925090203548459
hyperliquid,1788626800000,85.82944119751328
tron,1788626860000,0.3344655647419136
zcash,1788626860000,1022.3857577217856
solana,1788626870000,103.12596589390657
bitcoin,1788626940000,79962.62297969987
stellar,1788626940000,0.1838810584206415
ethereum,1788626950000,2469.7601454293645
ripple,1788626950000,1.4136814896004928
bitcoin-cash,1788626700000,252.15286318891867
cardano,1788626700000,0.21760105847618777
binancecoin,1788627000000,774.8673043679861
bitcoin,1788627000000,79981.74677134103
bitcoin-cash,1788627000000,252.84681390816152
cardano,1788627000000,0.21813184917435444
chainlink,1788627000000,11.932244125063537
ethereum,1788627000000,2470.1294859542395
hyperliquid,1788627000000,85.88528990548419
ripple,1788627000000,1.4138868476473658
solana,1788627000000,103.22477909833086
stellar,1788627000000,0.18393200417397734
tron,1788627000000,0.33440234816530784
zcash,1788627000000,1023.0892399547522
zcash,1788627190000,1023.9762899279602
solana,1788627210000,103.30318132157423
ripple,1788627250000,1.4155116653621065
bitcoin,1788627260000,80007.87130145507
ethereum,1788627260000,2472.542942096485
stellar,1788627290000,0.1840664094187471
binancecoin,1788627300000,776.5718988509942
bitcoin-cash,1788627300000,253.52005527684668
cardano,1788627300000,0.2183120375254324
chainlink,1788627300000,11.95422662714183
hyperliquid,1788627300000,85.97967394352138
tron,1788627300000,0.33448590929470423
cardano,1788627340000,0.21830698892506664
tron,1788627340000,0.33453043019374795
bitcoin-cash,1788627350000,253.70175890729834
hyperliquid,1788627350000,85.9674526807577
binancecoin,1788627460000,776.2951620338551
chainlink,1788627480000,11.98290500753964
bitcoin,1788627300000,80072.94751903233
ethereum,1788627300000,2473.031243451453
ripple,1788627300000,1.4165224821613374
solana,1788627300000,103.37883150188533
stellar,1788627300000,0.18410721526319443
zcash,1788627300000,1028.720951544423
binancecoin,1788627600000,773.4256149308668
bitcoin,1788627600000,80053.61256468344
bitcoin-cash,1788627600000,253.70815352916907
cardano,1788627600000,0.21801101662166214
chainlink,1788627600000,11.970653424182979
ethereum,1788627600000,2471.0734314624283
hyperliquid,1788627600000,86.0280767105398
ripple,1788627600000,1.4156355277588846
solana,1788627600000,103.40087785272955
stellar,1788627600000,0.18422892085996123
tron,1788627600000,0.33449791640174154
zcash,1788627600000,1035.1440488287108
binancecoin,1788627900000,774.6424929507621
bitcoin,1788627900000,80052.25259480989
bitcoin-cash,1788627900000,254.26396656169044
cardano,1788627900000,0.2182372704841644
chainlink,1788627900000,11.989883210432378
ethereum,1788627900000,2475.339206374005
hyperliquid,1788627900000,85.98106601750371
ripple,1788627900000,1.4172309489322708
solana,1788627900000,103.36714963045162
stellar,1788627900000,0.18427061408584633
tron,1788627900000,0.3344635948396927
zcash,1788627900000,1036.8558364089245
ethereum,1788628050000,2476.4596656051112
bitcoin,1788628070000,80096.42243582504
solana,1788628070000,103.5952883824655
zcash,1788628070000,1038.2650857745773
stellar,1788628110000,0.18458248175719585
hyperliquid,1788628120000,86.02691857071804
ripple,1788628130000,1.4201918060063452
tron,1788628140000,0.33431271574053434
bitcoin-cash,1788628180000,254.9428601168548
cardano,1788628180000,0.21855171770040643
chainlink,1788628190000,12.04820922287013
binancecoin,1788628200000,779.601387562086
binancecoin,1788628210000,779.6990013713142
bitcoin,1788628200000,80118.99195725982
bitcoin-cash,1788628200000,255.04586994660974
cardano,1788628200000,0.21868993918746263
chainlink,1788628200000,12.051301870852004
ethereum,1788628200000,2479.3143644264046
hyperliquid,1788628200000,85.99696367901467
ripple,1788628200000,1.4214562117946388
solana,1788628200000,103.71648118253965
stellar,1788628200000,0.1846024982397709
tron,1788628200000,0.33430129025733674
zcash,1788628200000,1036.3481450936315
binancecoin,1788628500000,777.4274323650569
bitcoin,1788628500000,80124.9664311118
bitcoin-cash,1788628500000,255.3954557467676
cardano,1788628500000,0.2188613301021257
chainlink,1788628500000,12.112260850162137
ethereum,1788628500000,2480.1847858835995
hyperliquid,1788628500000,85.89227960831302
ripple,1788628500000,1.4216452147367176
solana,1788628500000,103.98994619713582
stellar,1788628500000,0.18481134294556298
tron,1788628500000,0.33431404519366653
zcash,1788628500000,1035.9346118023248
bitcoin-cash,1788628550000,255.20363193020512
cardano,1788628550000,0.21860617672190516
tron,1788628550000,0.3343409722166123
binancecoin,1788628610000,776.4423630038157
chainlink,1788628610000,12.109099993435695
stellar,1788628620000,0.18465598709028647
solana,1788628730000,103.8819191946383
zcash,1788628740000,1028.6940627935312
ethereum,1788628750000,2477.461387542682
bitcoin,1788628790000,80059.37653461017
hyperliquid,1788628800000,85.67530816229385
ripple,1788628800000,1.4198049215496418
ripple,1788628820000,1.4198049215496413
hyperliquid,1788628830000,85.63298528953595
binancecoin,1788628800000,776.5137622686626
bitcoin,1788628800000,80055.63976088051
bitcoin-cash,1788628800000,256.2189533755684
cardano,1788628800000,0.21848333788928329
chainlink,1788628800000,12.118700777708156
ethereum,1788628800000,2478.2305711890253
solana,1788628800000,103.81237968266251
stellar,1788628800000,0.18455662180008062
tron,1788628800000,0.33412870592138566
zcash,1788628800000,1028.1815183245692
binancecoin,1788629100000,776.3612529111431
bitcoin,1788629100000,80064.13236991277
bitcoin-cash,1788629100000,256.819847702395
cardano,1788629100000,0.2184077841358747
chainlink,1788629100000,12.213856394083026
ethereum,1788629100000,2478.8980574235266
hyperliquid,1788629100000,85.61605668954078
ripple,1788629100000,1.4195207217107202
solana,1788629100000,103.89100859579399
stellar,1788629100000,0.18467871828522914
tron,1788629100000,0.33394405847274516
zcash,1788629100000,1023.6427892459869
ripple,1788629120000,1.4199052403338697
bitcoin,1788629130000,80066.90588515693
hyperliquid,1788629140000,85.63919915054069
bitcoin-cash,1788629180000,256.6366863824189
tron,1788629180000,0.3340349382940166
cardano,1788629190000,0.21835260017751199
binancecoin,1788629260000,776.3483836403148
chainlink,1788629280000,12.152007782094062
stellar,1788629280000,0.18450377762278902
ethereum,1788629400000,2477.4752503430495
solana,1788629400000,103.89100382191255
zcash,1788629400000,1027.4689990202576
ethereum,1788629410000,2477.5223688782235
solana,1788629410000,103.93250612212013
litecoin,1788543900000,50.328302406300935
litecoin,1788544200000,50.31334234232212
litecoin,1788544500000,50.294736038224116
litecoin,1788544800000,50.24746645425015
litecoin,1788545100000,50.33513913068996
litecoin,1788545400000,50.334956663307295
litecoin,1788545700000,50.30583442920025
litecoin,1788546000000,50.332710754440946
litecoin,1788546300000,50.35036554717803
litecoin,1788546600000,50.30587874834131
litecoin,1788546900000,50.358484396740515
litecoin,1788547200000,50.32240984681348
litecoin,1788547500000,50.39977407900536
litecoin,1788547800000,50.37327250966089
litecoin,1788548100000,50.4226337685381
litecoin,1788548400000,50.44826268909841
litecoin,1788548700000,50.48760006430934
litecoin,1788549000000,50.510110697550665
litecoin,1788549300000,50.51674535067339
litecoin,1788549600000,50.57067288843965
litecoin,1788549900000,50.59749543924095
litecoin,1788550200000,50.675286670713845
litecoin,1788550500000,50.63405208359213
litecoin,1788550800000,50.567921257406724
litecoin,1788551100000,50.6323318696008
litecoin,1788551400000,50.65646286218441
litecoin,1788551700000,50.65706106941358
litecoin,1788552000000,50.65963886014776
litecoin,1788552300000,50.64439280707754
litecoin,1788552600000,50.669866366872924
litecoin,1788552900000,50.666510127853364
litecoin,1788553200000,50.69408042843726
litecoin,1788553500000,50.66429443829004
litecoin,1788553800000,50.69322738996274
litecoin,1788554100000,50.724072808734924
litecoin,1788554400000,50.78802647841942
litecoin,1788554700000,50.804954595217914
litecoin,1788555000000,50.795955292247925
litecoin,1788555300000,50.81838588782532
litecoin,1788555600000,50.799038207495116
litecoin,1788555900000,50.81593960102402
litecoin,1788556200000,50.75890548283733
litecoin,1788556500000,50.78105994629679
litecoin,1788556800000,50.81296220270115
litecoin,1788557100000,50.848985242548615
litecoin,1788557400000,50.81742955821059
litecoin,1788557700000,50.8434780155566
litecoin,1788558000000,50.873061057599244
litecoin,1788558300000,50.863993279161804
litecoin,1788558600000,50.84356058188506
litecoin,1788558900000,50.76681944944395
litecoin,1788559200000,50.719399161296884
litecoin,1788559500000,50.747115369541866
litecoin,1788559800000,50.65024101096849
litecoin,1788560100000,50.67213795476093
litecoin,1788560400000,50.672276217537025
litecoin,1788560700000,50.714745449659816
litecoin,1788561000000,50.713038139400844
litecoin,1788561300000,50.72694691223747
litecoin,1788561600000,50.785470079088284
litecoin,1788561900000,50.79426567733268
litecoin,1788562200000,50.74720770430746
litecoin,1788562500000,50.69473583542867
litecoin,1788562800000,50.71000938582141
litecoin,1788563100000,50.71970578713055
litecoin,1788563400000,50.66809584308729
litecoin,1788563700000,50.61019512504631
litecoin,1788564000000,50.65793526043335
litecoin,1788564300000,50.6554722905108
litecoin,1788564600000,50.70317200786634
litecoin,1788564900000,50.67008304917836
litecoin,1788565200000,50.820209392073465
litecoin,1788565500000,50.78949447669868
litecoin,1788565800000,50.80520614423372
litecoin,1788566100000,50.77039000683301
litecoin,1788566400000,50.75737057648126
litecoin,1788566700000,50.80809462612575
litecoin,1788567000000,50.84495453866234
litecoin,1788567300000,50.91328488724382
litecoin,1788567600000,50.952094397655
litecoin,1788567900000,51.01837759377079
litecoin,1788568200000,51.01710132934844
litecoin,1788568500000,50.998489371140096
litecoin,1788568800000,51.099549661596086
litecoin,1788569100000,51.1328037733512
litecoin,1788569400000,51.08246902689361
litecoin,1788569700000,51.16727826311477
litecoin,1788570000000,51.042584127826224
litecoin,1788570300000,50.99028815259175
litecoin,1788570600000,51.018496455612315
litecoin,1788570900000,51.00117159965052
litecoin,1788571200000,51.001457808370155
litecoin,1788571500000,51.49954785045779
litecoin,1788571800000,51.81350390972223
litecoin,1788572100000,51.60699245806956
litecoin,1788572400000,51.49684500933359
litecoin,1788572700000,51.43025452335765
litecoin,1788573000000,51.392296829224136
litecoin,1788573300000,51.50026729251297
litecoin,1788573600000,51.37436169801941
litecoin,1788573900000,51.35178039125892
litecoin,1788574200000,51.465274845190905
litecoin,1788574500000,51.46556727699728
litecoin,1788574800000,51.60097388847971
litecoin,1788575100000,51.674775150188985
litecoin,1788575400000,51.68048256497835
litecoin,1788575700000,51.5336010397423
litecoin,1788576000000,51.59991373969749
litecoin,1788576300000,51.62363465503315
litecoin,1788576600000,51.89795288029982
litecoin,1788576900000,52.060548829383315
litecoin,1788577200000,52.2048924949649
litecoin,1788577500000,52.20409438258293
litecoin,1788577800000,52.27690191276425
litecoin,1788578100000,52.244428986587074
litecoin,1788578400000,52.4122557816161
litecoin,1788578700000,52.524668300863965
litecoin,1788579000000,52.607572437722744
litecoin,1788579300000,52.71456755841699
litecoin,1788579600000,52.63549436452988
litecoin,1788579900000,52.722957725989545
litecoin,1788580200000,52.739830724996935
litecoin,1788580500000,52.49975123626046
litecoin,1788580800000,52.465475091621904
litecoin,1788581100000,52.37216187217235
litecoin,1788581400000,52.39282308785767
litecoin,1788581700000,52.316940112117514
litecoin,1788582000000,52.50350025714536
litecoin,1788582300000,52.51877013119193
litecoin,1788582600000,52.48696481243368
litecoin,1788582900000,52.38469029288595
litecoin,1788583200000,52.45091102453395
litecoin,1788583500000,52.55211153550204
litecoin,1788583800000,52.45604422410539
litecoin,1788584100000,52.54899408111526
litecoin,1788584400000,52.61872500471622
litecoin,1788584700000,52.513656226264835
litecoin,1788585000000,52.572040338115244
litecoin,1788585300000,52.563375236000105
litecoin,1788585600000,52.648435793982856
litecoin,1788585900000,52.825566176165445
litecoin,1788586200000,52.91950009053343
litecoin,1788586500000,52.74638960865285
litecoin,1788586800000,52.87541256247346
litecoin,1788587100000,52.78187367450126
litecoin,1788587400000,52.80758781555438
litecoin,1788587700000,52.775334304947506
litecoin,1788588000000,52.79091006911719
litecoin,1788588300000,52.9082052038317
litecoin,1788588600000,53.16593861684148
litecoin,1788588900000,53.58219513406978
litecoin,1788589200000,53.64150766320489
litecoin,1788589500000,53.664419499560054
litecoin,1788589800000,53.359582410889494
litecoin,1788590100000,53.63676880477559
litecoin,1788590400000,53.7195177348997
litecoin,1788590700000,53.77214971506087
litecoin,1788591000000,53.715864599481286
litecoin,1788591300000,53.68227980901597
litecoin,1788591600000,53.60760465387583
litecoin,1788591900000,53.86903977741918
litecoin,1788592200000,53.64404323053473
litecoin,1788592500000,53.897986850905774
litecoin,1788592800000,54.04747230798944
litecoin,1788593100000,54.1497641077067
litecoin,1788593400000,54.14432128444351
litecoin,1788593700000,54.20362902731143
litecoin,1788594000000,53.953494468622246
litecoin,1788594300000,54.04751049890945
litecoin,1788594600000,54.01131216834212
litecoin,1788594900000,53.81019881784279
litecoin,1788595200000,53.75248009193938
litecoin,1788595500000,53.77812398598366
litecoin,1788595800000,53.639274092100194
litecoin,1788596100000,53.481122767459595
litecoin,1788596400000,53.33916496550764
litecoin,1788596700000,53.205631014141424
litecoin,1788597000000,53.17880768405709
litecoin,1788597300000,53.121849484645864
litecoin,1788597600000,53.188341595958384
litecoin,1788597900000,53.10953062040961
litecoin,1788598200000,53.04639443961866
litecoin,1788598500000,53.08660335219774
litecoin,1788598800000,53.06419745547116
litecoin,1788599100000,53.04147168990498
litecoin,1788599400000,53.01692560902531
litecoin,1788599700000,52.92836346208605
litecoin,1788600000000,52.8579447937212
litecoin,1788600300000,52.87873599333265
litecoin,1788600600000,52.96954626454107
litecoin,1788600900000,52.97142067514951
litecoin,1788601200000,52.90840024061069
litecoin,1788601500000,52.97912879030739
litecoin,1788601800000,53.002220116824844
litecoin,1788602100000,53.052379702714106
litecoin,1788602400000,53.02951153982121
litecoin,1788602700000,52.966098541629144
litecoin,1788603000000,53.01937232348558
litecoin,1788603300000,53.08864404167789
litecoin,1788603600000,53.04661382356849
litecoin,1788603900000,52.834022442709795
litecoin,1788604200000,52.92116602568254
litecoin,1788604500000,52.92547806582439
litecoin,1788604800000,52.96096801975884
litecoin,1788605100000,52.95532371942023
litecoin,1788605400000,52.956306361696974
litecoin,1788605700000,52.9625689194402
litecoin,1788606000000,52.935917081916855
litecoin,1788606300000,52.90138940225971
litecoin,1788606600000,52.93815563790486
litecoin,1788606900000,52.97862109761762
litecoin,1788607200000,52.89452428330026
litecoin,1788607500000,52.92494208342712
litecoin,1788607800000,52.931968145900576
litecoin,1788608100000,52.95935046923962
litecoin,1788608400000,52.96813869509785
litecoin,1788608700000,52.82949458034668
litecoin,1788609000000,52.93807877793768
litecoin,1788609300000,52.966388961517595
litecoin,1788609600000,52.97927754969853
litecoin,1788609900000,52.93589412946424
litecoin,1788610200000,53.00893660635377
litecoin,1788610500000,53.18717260602456
litecoin,1788610800000,53.22812859244177
litecoin,1788611100000,53.25218372625985
litecoin,1788611400000,53.1970325454282
litecoin,1788611700000,53.238504346384246
litecoin,1788612000000,53.30567209825276
litecoin,1788612300000,53.49910836631807
litecoin,1788612600000,53.6470538540534
litecoin,1788612900000,53.55359143339313
litecoin,1788613200000,53.61244444466624
litecoin,1788613500000,53.57477523358475
litecoin,1788613800000,53.81353579270454
litecoin,1788614100000,53.82936260660457
litecoin,1788614400000,54.05869589703376
litecoin,1788614700000,53.93426668189485
litecoin,1788615000000,53.885804416644326
litecoin,1788615300000,53.9490307736988
litecoin,1788615600000,53.79832309170819
litecoin,1788615900000,53.760461830066596
litecoin,1788616200000,53.78092510155426
litecoin,1788616500000,53.827335680387975
litecoin,1788616800000,53.85983639715963
litecoin,1788617100000,53.98205875516478
litecoin,1788617400000,53.990860117323834
litecoin,1788617700000,53.75871145513212
litecoin,1788618000000,53.78102843520576
litecoin,1788618300000,53.92206186014699
litecoin,1788618600000,53.99093834997823
litecoin,1788618900000,53.94749077382594
litecoin,1788619200000,53.92112742581994
litecoin,1788619500000,53.77387452482135
litecoin,1788619800000,53.68921412980897
litecoin,1788620100000,53.74040575027214
litecoin,1788620400000,53.81191811763265
litecoin,1788620700000,53.92958425778032
litecoin,1788621000000,53.91839339173007
litecoin,1788621300000,53.90111895437256
litecoin,1788621600000,54.03575528457889
litecoin,1788621900000,54.21332492342243
litecoin,1788622200000,53.99116888985771
litecoin,1788622500000,53.860783182355064
litecoin,1788622800000,53.82676776794705
litecoin,1788623100000,53.72436376426471
litecoin,1788623400000,53.56724186925757
litecoin,1788623700000,53.64180102763306
litecoin,1788624000000,53.687520745263505
litecoin,1788624300000,53.736184576002294
litecoin,1788624600000,53.70076578700934
litecoin,1788624900000,53.75460523546997
litecoin,1788625200000,53.77829236278602
litecoin,1788625500000,53.77428382283527
litecoin,1788625800000,53.722949195318215
litecoin,1788626100000,53.94182092592893
litecoin,1788626400000,54.00697619892142
litecoin,1788626700000,54.19962942784793
litecoin,1788627000000,54.369074060155306
litecoin,1788627300000,54.357524906947184
litecoin,1788627600000,54.37717209800812
litecoin,1788627900000,54.52643372193688
litecoin,1788628200000,54.604317105274525
litecoin,1788628500000,54.76350376230733
litecoin,1788628800000,54.6364932472914
litecoin,1788629100000,54.661765933955664
binancecoin,1788629400000,777.5460788576877
bitcoin,1788629400000,80019.16441564694
bitcoin-cash,1788629400000,256.576740394527
cardano,1788629400000,0.21833700118238872
chainlink,1788629400000,12.151076278682753
hyperliquid,1788629400000,85.57816846626481
litecoin,1788629400000,54.62345139891014
ripple,1788629400000,1.4191188557148873
tron,1788629400000,0.3340054466891366
ethereum,1788629690000,2480.2336261800633
solana,1788629690000,104.08852444888933
binancecoin,1788629700000,778.4413083738353
bitcoin,1788629700000,80077.19429887857
bitcoin-cash,1788629700000,256.58465275747375
cardano,1788629700000,0.21840597672192513
chainlink,1788629700000,12.074553792659929
hyperliquid,1788629700000,85.62722706234723
litecoin,1788629700000,54.77525730963899
ripple,1788629700000,1.4213162828925243
tron,1788629700000,0.33402580491036116
zcash,1788629700000,1029.9567020327986
zcash,1788629710000,1029.728431293484
hyperliquid,1788629760000,85.58734120306707
bitcoin,1788629770000,80072.8875523227
ripple,1788629790000,1.4216359105042247
bitcoin-cash,1788629830000,256.53468695725
cardano,1788629840000,0.21843323713886262
tron,1788629840000,0.3340600712065803
binancecoin,1788629900000,776.3691266236831
chainlink,1788629960000,12.009970028587484
litecoin,1788629980000,54.71669078954656
ethereum,1788629700000,2480.10313054881
solana,1788629700000,104.05484270576983
binancecoin,1788630000000,775.0368562691051
bitcoin,1788630000000,79993.10630495334
bitcoin-cash,1788630000000,256.33335581995885
cardano,1788630000000,0.21814638306533163
chainlink,1788630000000,12.018263046274505
ethereum,1788630000000,2475.5045983366153
hyperliquid,1788630000000,85.47678972615795
litecoin,1788630000000,54.706396128092095
ripple,1788630000000,1.4202025703310535
solana,1788630000000,103.80537405074179
tron,1788630000000,0.33405156415060483
zcash,1788630000000,1028.6400556033595
binancecoin,1788630260000,776.3018349437065
bitcoin,1788630300000,80049.48223650323
bitcoin-cash,1788630300000,256.7886793077893
cardano,1788630300000,0.2188857246097485
chainlink,1788630300000,12.043298675206143
ethereum,1788630300000,2476.9948124424964
hyperliquid,1788630300000,85.52334148837416
litecoin,1788630300000,54.76831361031929
ripple,1788630300000,1.4206889598874681
solana,1788630300000,103.76141782882563
tron,1788630300000,0.33404149520089704
zcash,1788630300000,1029.4270679380681
chainlink,1788630330000,12.033343700286864
ethereum,1788630370000,2477.094440830834
solana,1788630380000,103.73348900205785
zcash,1788630400000,1029.3675087317147
litecoin,1788630450000,54.836334198653624
ripple,1788630450000,1.4209475321086742
bitcoin,1788630480000,80056.78215980621
hyperliquid,1788630480000,85.50934434100778
bitcoin-cash,1788630540000,257.57731246671904
tron,1788630540000,0.33400413761615555
cardano,1788630550000,0.21915494212235023
binancecoin,1788630300000,776.3363053356456
binancecoin,1788630600000,777.4108819237065
bitcoin,1788630600000,80046.36085264881
bitcoin-cash,1788630600000,257.89460731577213
cardano,1788630600000,0.2192514035549047
chainlink,1788630600000,12.036093433230752
ethereum,1788630600000,2478.558410739375
hyperliquid,1788630600000,85.46371821059063
litecoin,1788630600000,54.87498546230666
ripple,1788630600000,1.4205406871212862
solana,1788630600000,103.77576277325528
tron,1788630600000,0.3340551878205936
zcash,1788630600000,1028.6841933658136
binancecoin,1788630900000,777.0615312967055
bitcoin,1788630900000,80072.10206000943
bitcoin-cash,1788630900000,257.89162299416347
cardano,1788630900000,0.2198806432701578
chainlink,1788630900000,12.051004143408091
ethereum,1788630900000,2479.323409442265
hyperliquid,1788630900000,85.51007693244823
litecoin,1788630900000,54.868286599875965
ripple,1788630900000,1.4224219593411331
solana,1788630900000,104.07912175758959
tron,1788630900000,0.3340985281413836
zcash,1788630900000,1028.1393555711145
bitcoin-cash,1788630910000,257.98119886270985
binancecoin,1788630930000,776.3143378741485
chainlink,1788631040000,12.06841434817187
ethereum,1788631080000,2479.893254404457
solana,1788631090000,104.16433402381539
zcash,1788631090000,1026.526800092908
bitcoin,1788631130000,80040.14972493282
hyperliquid,1788631160000,85.65316790498454
litecoin,1788631160000,54.85604841268673
ripple,1788631160000,1.4269699140907377
binancecoin,1788631200000,775.8656372817738
bitcoin,1788631200000,80045.27884672082
bitcoin-cash,1788631200000,257.6858537020176
cardano,1788631200000,0.22097526806980067
chainlink,1788631200000,12.09450856237539
ethereum,1788631200000,2480.4278596113386
hyperliquid,1788631200000,85.63089673198398
litecoin,1788631200000,54.85463656936627
ripple,1788631200000,1.425711750156671
solana,1788631200000,104.25142516965833
tron,1788631200000,0.3341147852790516
zcash,1788631200000,1028.4308895014383
ripple,1788631450000,1.4232462889862272
litecoin,1788631480000,54.796660409855576
binancecoin,1788631500000,776.3464477143308
bitcoin,1788631500000,80031.3121690107
bitcoin-cash,1788631500000,257.46496627515404
cardano,1788631500000,0.2201556623059279
chainlink,1788631500000,12.073800014671596
ethereum,1788631500000,2479.7156425221037
hyperliquid,1788631500000,85.59888779211265
solana,1788631500000,104.08065570465041
tron,1788631500000,0.334095289854318
zcash,1788631500000,1028.3095024477989
binancecoin,1788631670000,776.3396558287639
bitcoin-cash,1788631670000,257.4639202556633
tron,1788631670000,0.3341223257022546
ethereum,1788631730000,2479.7766545396516
solana,1788631730000,104.02891816570393
chainlink,1788631750000,12.069487497541207
zcash,1788631750000,1031.1326609584
bitcoin,1788631800000,80013.12341882203
cardano,1788631800000,0.2198147518340242
hyperliquid,1788631800000,85.74339667936367
bitcoin,1788631810000,80001.60715661968
cardano,1788631820000,0.21978190178037005
hyperliquid,1788631830000,85.7000180897814
uniswap,1788546300000,6.179969799211515
uniswap,1788546600000,6.161140007014222
uniswap,1788546900000,6.196741555511093
uniswap,1788547200000,6.182399358830001
uniswap,1788547500000,6.188834518981176
uniswap,1788547800000,6.183842265771561
uniswap,1788548100000,6.220245720310301
uniswap,1788548400000,6.20739275687159
uniswap,1788548700000,6.210126304445507
uniswap,1788549000000,6.179586025593591
uniswap,1788549300000,6.198962766160279
uniswap,1788549600000,6.222266605173762
uniswap,1788549900000,6.229403774989977
uniswap,1788550200000,6.226881128975877
uniswap,1788550500000,6.19864799190477
uniswap,1788550800000,6.149769986005995
uniswap,1788551100000,6.166019085388635
uniswap,1788551400000,6.200838454162696
uniswap,1788551700000,6.19530704845742
uniswap,1788552000000,6.195107595690797
uniswap,1788552300000,6.195161055554229
uniswap,1788552600000,6.183460975511256
uniswap,1788552900000,6.179872252454253
uniswap,1788553200000,6.197806563838435
uniswap,1788553500000,6.188670100429658
uniswap,1788553800000,6.197563087985827
uniswap,1788554100000,6.194886329072181
uniswap,1788554400000,6.194001449439819
uniswap,1788554700000,6.205031209749033
uniswap,1788555000000,6.2149258562967065
uniswap,1788555300000,6.2090063985574
uniswap,1788555600000,6.1930903526663466
uniswap,1788555900000,6.199842066181785
uniswap,1788556200000,6.184568986926398
uniswap,1788556500000,6.183468744224719
uniswap,1788556800000,6.175264397186908
uniswap,1788557100000,6.176937076604767
uniswap,1788557400000,6.162781882178284
uniswap,1788557700000,6.163009546223404
uniswap,1788558000000,6.171753242323918
uniswap,1788558300000,6.175106243534275
uniswap,1788558600000,6.154281292237584
uniswap,1788558900000,6.118672371636418
uniswap,1788559200000,6.112499164038014
uniswap,1788559500000,6.119634621899006
uniswap,1788559800000,6.1048103046888205
uniswap,1788560100000,6.106156504574382
uniswap,1788560400000,6.1004543334419115
uniswap,1788560700000,6.1002549501919665
uniswap,1788561000000,6.1078634281921245
uniswap,1788561300000,6.111526417948422
uniswap,1788561600000,6.12554604824252
uniswap,1788561900000,6.1190936275424574
uniswap,1788562200000,6.115948246228102
uniswap,1788562500000,6.118150437042561
uniswap,1788562800000,6.112481429803796
uniswap,1788563100000,6.124818824354134
uniswap,1788563400000,6.134883900800826
uniswap,1788563700000,6.132695388718388
uniswap,1788564000000,6.140022297403794
uniswap,1788564300000,6.162162827869627
uniswap,1788564600000,6.17572193863204
uniswap,1788564900000,6.169456556362023
uniswap,1788565200000,6.181182550392313
uniswap,1788565500000,6.1704160815251825
uniswap,1788565800000,6.173987734948667
uniswap,1788566100000,6.1736444220692155
uniswap,1788566400000,6.182292466229112
uniswap,1788566700000,6.189411561341886
uniswap,1788567000000,6.1742776299284525
uniswap,1788567300000,6.164022207868971
uniswap,1788567600000,6.157210114086399
uniswap,1788567900000,6.132806457035132
uniswap,1788568200000,6.126869242310352
uniswap,1788568500000,6.120966839849633
uniswap,1788568800000,6.139983358036299
uniswap,1788569100000,6.16697498421575
uniswap,1788569400000,6.159919041678551
uniswap,1788569700000,6.17495250231712
uniswap,1788570000000,6.169940602277122
uniswap,1788570300000,6.195416524969089
uniswap,1788570600000,6.216852415662028
uniswap,1788570900000,6.1718298512265415
uniswap,1788571200000,6.158218687994047
uniswap,1788571500000,6.158525770589947
uniswap,1788571800000,6.1496645331449855
uniswap,1788572100000,6.157215236679166
uniswap,1788572400000,6.177624011324007
uniswap,1788572700000,6.171798611221296
uniswap,1788573000000,6.151667064403889
uniswap,1788573300000,6.17633373197892
uniswap,1788573600000,6.144843241793554
uniswap,1788573900000,6.156522029672057
uniswap,1788574200000,6.173143450671971
uniswap,1788574500000,6.1836760532956765
uniswap,1788574800000,6.192915958277146
uniswap,1788575100000,6.172353198230268
uniswap,1788575400000,6.181900583311093
uniswap,1788575700000,6.2363192748450365
uniswap,1788576000000,6.24791682598571
uniswap,1788576300000,6.24435688965017
uniswap,1788576600000,6.255065626459222
uniswap,1788576900000,6.247912058750768
uniswap,1788577200000,6.259516378044237
uniswap,1788577500000,6.2639317428026695
uniswap,1788577800000,6.257111032710083
uniswap,1788578100000,6.20419121286206
uniswap,1788578400000,6.248007375357896
uniswap,1788578700000,6.255494528577931
uniswap,1788579000000,6.2874407496169775
uniswap,1788579300000,6.309581595545493
uniswap,1788579600000,6.302780003660557
uniswap,1788579900000,6.310108307758224
uniswap,1788580200000,6.304434831988414
uniswap,1788580500000,6.325639833573388
uniswap,1788580800000,6.320020768369655
uniswap,1788581100000,6.290986445713414
uniswap,1788581400000,6.286180476471559
uniswap,1788581700000,6.281774689707488
uniswap,1788582000000,6.31321937449168
uniswap,1788582300000,6.306951632466251
uniswap,1788582600000,6.301059663918943
uniswap,1788582900000,6.301833197628004
uniswap,1788583200000,6.293760765344549
uniswap,1788583500000,6.301626309543873
uniswap,1788583800000,6.292864785844227
uniswap,1788584100000,6.306817328419139
uniswap,1788584400000,6.288074321937866
uniswap,1788584700000,6.264963150235125
uniswap,1788585000000,6.288179712226118
uniswap,1788585300000,6.315369191055835
uniswap,1788585600000,6.29014143027991
uniswap,1788585900000,6.29356658835453
uniswap,1788586200000,6.302655008521686
uniswap,1788586500000,6.319500062721902
uniswap,1788586800000,6.2976503623513995
uniswap,1788587100000,6.291399462834491
uniswap,1788587400000,6.280246582195615
uniswap,1788587700000,6.277910538726724
uniswap,1788588000000,6.275684057012433
uniswap,1788588300000,6.282821242761953
uniswap,1788588600000,6.291708163243245
uniswap,1788588900000,6.291761882481997
uniswap,1788589200000,6.27457334171027
uniswap,1788589500000,6.292458381379839
uniswap,1788589800000,6.273429810479211
uniswap,1788590100000,6.270946220808587
uniswap,1788590400000,6.280833281758807
uniswap,1788590700000,6.266961618478195
uniswap,1788591000000,6.27538044056741
uniswap,1788591300000,6.304496975774047
uniswap,1788591600000,6.287783057233096
uniswap,1788591900000,6.28009360389199
uniswap,1788592200000,6.276592938015247
uniswap,1788592500000,6.241034372840935
uniswap,1788592800000,6.223389803314248
uniswap,1788593100000,6.2260330352232796
uniswap,1788593400000,6.203973683947978
uniswap,1788593700000,6.193356623343845
uniswap,1788594000000,6.188045801620105
uniswap,1788594300000,6.196118583062382
uniswap,1788594600000,6.2206102852744145
uniswap,1788594900000,6.215243098834602
uniswap,1788595200000,6.20684469472015
uniswap,1788595500000,6.173211194184974
uniswap,1788595800000,6.210830414445519
uniswap,1788596100000,6.248017578602182
uniswap,1788596400000,6.240373987276164
uniswap,1788596700000,6.221751865678773
uniswap,1788597000000,6.220008011702641
uniswap,1788597300000,6.207659186009526
uniswap,1788597600000,6.217805506927048
uniswap,1788597900000,6.214051904236838
uniswap,1788598200000,6.212893004158458
uniswap,1788598500000,6.209983491627422
uniswap,1788598800000,6.212142446519451
uniswap,1788599100000,6.234024475205258
uniswap,1788599400000,6.241561471440263
uniswap,1788599700000,6.2863615581775365
uniswap,1788600000000,6.279274056874924
uniswap,1788600300000,6.305062488249775
uniswap,1788600600000,6.298179954720755
uniswap,1788600900000,6.324274717123624
uniswap,1788601200000,6.381730459228203
uniswap,1788601500000,6.383523853705933
uniswap,1788601800000,6.390466092725607
uniswap,1788602100000,6.373538465500105
uniswap,1788602400000,6.375082217495454
uniswap,1788602700000,6.37295839218517
uniswap,1788603000000,6.34981516126887
uniswap,1788603300000,6.306260792799721
uniswap,1788603600000,6.327638157564452
uniswap,1788603900000,6.340197707590365
uniswap,1788604200000,6.293477221644133
uniswap,1788604500000,6.307972201771943
uniswap,1788604800000,6.263196434572106
uniswap,1788605100000,6.263612879587147
uniswap,1788605400000,6.265311096833485
uniswap,1788605700000,6.274860535631048
uniswap,1788606000000,6.260459620637795
uniswap,1788606300000,6.255952742285737
uniswap,1788606600000,6.25705284782177
uniswap,1788606900000,6.247788955929181
uniswap,1788607200000,6.251038518813088
uniswap,1788607500000,6.250435081855562
uniswap,1788607800000,6.24860906195147
uniswap,1788608100000,6.25423325850737
uniswap,1788608400000,6.266662124143973
uniswap,1788608700000,6.269112783134793
uniswap,1788609000000,6.25652735369704
uniswap,1788609300000,6.263647517952944
uniswap,1788609600000,6.256383727960605
uniswap,1788609900000,6.273880973471247
uniswap,1788610200000,6.269367943296061
uniswap,1788610500000,6.2757605487430475
uniswap,1788610800000,6.26121712056182
uniswap,1788611100000,6.240102891906397
uniswap,1788611400000,6.2482691361702
uniswap,1788611700000,6.265741351438423
uniswap,1788612000000,6.2722629804454355
uniswap,1788612300000,6.259401365310298
uniswap,1788612600000,6.247142370439919
uniswap,1788612900000,6.2551164236487535
uniswap,1788613200000,6.243205977289142
uniswap,1788613500000,6.250064754460394
uniswap,1788613800000,6.256827061928125
uniswap,1788614100000,6.24755557136626
uniswap,1788614400000,6.232517132877332
uniswap,1788614700000,6.242150834609959
uniswap,1788615000000,6.233599127723143
uniswap,1788615300000,6.23227479565928
uniswap,1788615600000,6.218269521118121
uniswap,1788615900000,6.224339629287974
uniswap,1788616200000,6.251567970631403
uniswap,1788616500000,6.244421550044304
uniswap,1788616800000,6.245017760299489
uniswap,1788617100000,6.332506846932159
uniswap,1788617400000,6.335815456505832
uniswap,1788617700000,6.314062395674263
uniswap,1788618000000,6.3159226214013815
uniswap,1788618300000,6.307099607731222
uniswap,1788618600000,6.339400695811417
uniswap,1788618900000,6.352484515943485
uniswap,1788619200000,6.350655745880105
uniswap,1788619500000,6.3405238467634
uniswap,1788619800000,6.325997956085121
uniswap,1788620100000,6.354337957797511
uniswap,1788620400000,6.357793772302614
uniswap,1788620700000,6.337241447634311
uniswap,1788621000000,6.328593977114476
uniswap,1788621300000,6.335092240111206
uniswap,1788621600000,6.32422194297901
uniswap,1788621900000,6.333265809312586
uniswap,1788622200000,6.309086330389209
uniswap,1788622500000,6.307983473847154
uniswap,1788622800000,6.346886173517005
uniswap,1788623100000,6.339338223232365
uniswap,1788623400000,6.3187818712405095
uniswap,1788623700000,6.346039193686523
uniswap,1788624000000,6.34720285572902
uniswap,1788624300000,6.370405715534071
uniswap,1788624600000,6.35289647039102
uniswap,1788624900000,6.372791544011272
uniswap,1788625200000,6.392024547601678
uniswap,1788625500000,6.5024131776503555
uniswap,1788625800000,6.621641376713381
uniswap,1788626100000,6.598163423500471
uniswap,1788626400000,6.614646714607882
uniswap,1788626700000,6.615249811000413
uniswap,1788627000000,6.648731417175417
uniswap,1788627300000,6.6962502421919075
uniswap,1788627600000,6.711975383747729
uniswap,1788627900000,6.673596262533864
uniswap,1788628200000,6.666941442200748
uniswap,1788628500000,6.672441809174135
uniswap,1788628800000,6.693829417953054
uniswap,1788629100000,6.673837665890899
uniswap,1788629400000,6.705045822027396
uniswap,1788629700000,6.754549106323643
uniswap,1788630000000,6.785720139631936
uniswap,1788630300000,6.830183342780288
uniswap,1788630600000,6.781644912874721
uniswap,1788630900000,6.773653948864354
uniswap,1788631200000,6.747118233094159
ripple,1788631500000,1.4229241179243841
uniswap,1788631500000,6.7898812543334355
binancecoin,1788631800000,775.3785820414624
bitcoin-cash,1788631800000,257.94574124743565
chainlink,1788631800000,12.05452971088899
ethereum,1788631800000,2478.7739933930475
ripple,1788631800000,1.4222059816481123
solana,1788631800000,103.93950035665925
tron,1788631800000,0.33406786079110085
uniswap,1788631800000,6.817842850888195
zcash,1788631800000,1031.640548312932
binancecoin,1788632100000,775.7145005822788
bitcoin,1788632100000,79996.57186663749
bitcoin-cash,1788632100000,259.150699431643
cardano,1788632100000,0.22161317088790614
chainlink,1788632100000,12.058141118725635
ethereum,1788632100000,2478.483935373983
hyperliquid,1788632100000,85.66601013795123
ripple,1788632100000,1.4222426127190926
solana,1788632100000,103.95621992348711
tron,1788632100000,0.33409817597314967
uniswap,1788632100000,6.894144965640742
zcash,1788632100000,1030.1394951708894
cardano,1788632150000,0.22155627177177525
hyperliquid,1788632160000,85.65509232153387
bitcoin,1788632180000,79988.21766240889
ripple,1788632230000,1.4215290759803787
uniswap,1788632360000,6.948270343633681
binancecoin,1788632370000,776.5531136749304
bitcoin-cash,1788632370000,257.7941149789615
tron,1788632370000,0.3342353584284894
chainlink,1788632400000,12.07535953716286
ethereum,1788632400000,2478.371425735563
solana,1788632400000,104.00903961134262
zcash,1788632400000,1034.6378304257123
ethereum,1788632420000,2478.3854005118496
chainlink,1788632430000,12.06976694170675
solana,1788632440000,103.99763710934621
zcash,1788632440000,1034.3098890358808
binancecoin,1788632400000,776.9228273018472
bitcoin,1788632400000,80014.40277385023
bitcoin-cash,1788632400000,257.8055680790142
cardano,1788632400000,0.22136106100254221
hyperliquid,1788632400000,85.66657221126516
ripple,1788632400000,1.4225393543607834
tron,1788632400000,0.3342432953329598
uniswap,1788632400000,6.94126627936406
binancecoin,1788632700000,777.5919323110259
bitcoin,1788632700000,79995.22430052287
bitcoin-cash,1788632700000,257.9494673660015
cardano,1788632700000,0.22075713613548006
chainlink,1788632700000,12.073058608634943
ethereum,1788632700000,2478.1363246921633
hyperliquid,1788632700000,85.67233842195552
ripple,1788632700000,1.4219339303320302
solana,1788632700000,104.0318326238581
tron,1788632700000,0.3341576996551029
uniswap,1788632700000,6.9003893665147125
zcash,1788632700000,1030.4430060994134
chainlink,1788632740000,12.06957064586855
ethereum,1788632740000,2478.341896759939
solana,1788632740000,104.01518959613153
zcash,1788632740000,1030.3913848596474
bitcoin,1788632820000,79998.84934732474
cardano,1788632820000,0.221008814891498
hyperliquid,1788632830000,85.64663265089496
ripple,1788632870000,1.420892661454176
binancecoin,1788633000000,777.8012664211451
bitcoin-cash,1788633000000,257.7286386042439
tron,1788633000000,0.33410898230892805
uniswap,1788633000000,6.944812889383637
binancecoin,1788633010000,777.8012664211448
bitcoin-cash,1788633020000,257.7963148422711
tron,1788633020000,0.33411881565276624
uniswap,1788633020000,6.948586816792834
bitcoin,1788633000000,79961.9582860405
cardano,1788633000000,0.22043283652076046
chainlink,1788633000000,12.048223185908626
ethereum,1788633000000,2476.997069163988
hyperliquid,1788633000000,85.55856642027013
ripple,1788633000000,1.4197840939413184
solana,1788633000000,103.834296716434
zcash,1788633000000,1026.9124218448783
binancecoin,1788633300000,777.414017916777
bitcoin,1788633300000,79978.26742456201
bitcoin-cash,1788633300000,258.01967549837434
cardano,1788633300000,0.22061399313153904
chainlink,1788633300000,12.042248773288016
ethereum,1788633300000,2477.6805420934215
hyperliquid,1788633300000,85.51646918973596
ripple,1788633300000,1.4209094478791868
solana,1788633300000,103.94402432314608
tron,1788633300000,0.3341197921447049
uniswap,1788633300000,6.982362144507421
zcash,1788633300000,1026.041651104299
binancecoin,1788633340000,776.9737043098631
tron,1788633350000,0.3341081674336352
bitcoin-cash,1788633380000,257.9285074344194
uniswap,1788633380000,6.975020558704515
solana,1788633420000,103.93372444756821
ethereum,1788633430000,2477.662265623624
zcash,1788633430000,1025.4068669313199
chainlink,1788633440000,12.042469683755813
cardano,1788633510000,0.22100581465831215
hyperliquid,1788633510000,85.5644318530468
bitcoin,1788633520000,79979.86605003638
ripple,1788633580000,1.4202935637381664
binancecoin,1788633600000,778.0095944281841
bitcoin,1788633600000,79971.6673677051
bitcoin-cash,1788633600000,257.3987731662397
cardano,1788633600000,0.22083326075507298
chainlink,1788633600000,12.035493638197615
ethereum,1788633600000,2476.8148050263053
hyperliquid,1788633600000,85.5145147961083
ripple,1788633600000,1.4198828779132286
solana,1788633600000,103.798764490515
tron,1788633600000,0.3341330800053761
uniswap,1788633600000,7.033633564161887
zcash,1788633600000,1025.1041091679003
ripple,1788633860000,1.4189724316714956
binancecoin,1788633900000,778.1164060910494
bitcoin,1788633900000,79956.53013055625
bitcoin-cash,1788633900000,257.6597996189103
cardano,1788633900000,0.22067652336368693
chainlink,1788633900000,12.04283755672662
ethereum,1788633900000,2477.477012108321
hyperliquid,1788633900000,85.52504601276523
solana,1788633900000,103.83853098188975
tron,1788633900000,0.33409979078838603
uniswap,1788633900000,7.033716961174911
zcash,1788633900000,1025.3275801694422
binancecoin,1788633990000,778.5277112401085
bitcoin-cash,1788633990000,257.8556232284687
tron,1788634020000,0.33412551980182736
uniswap,1788634020000,7.022070136274231
solana,1788634070000,103.84518831802889
chainlink,1788634080000,12.04738075079463
ethereum,1788634090000,2476.931193756805
zcash,1788634090000,1026.2490258097992
cardano,1788634130000,0.2205975443307724
hyperliquid,1788634140000,85.61176192893421
bitcoin,1788634160000,79942.94536132767
ripple,1788633900000,1.4186908335344615
binancecoin,1788634200000,777.1730272842806
bitcoin,1788634200000,79944.37080739922
bitcoin-cash,1788634200000,257.7069849590241
cardano,1788634200000,0.22047382526160467
chainlink,1788634200000,12.041102307086831
ethereum,1788634200000,2476.85235306514
hyperliquid,1788634200000,85.6260664053027
ripple,1788634200000,1.4185055829046145
solana,1788634200000,103.81920966454315
tron,1788634200000,0.33407475476663434
uniswap,1788634200000,7.010599177079061
zcash,1788634200000,1025.1148602470207
bitcoin,1788634490000,79956.3375166016
cardano,1788634490000,0.22018137090485987
binancecoin,1788634500000,776.4926048537695
bitcoin-cash,1788634500000,257.24802898013525
chainlink,1788634500000,12.034577796704479
ethereum,1788634500000,2477.949700482021
hyperliquid,1788634500000,85.74716331268529
ripple,1788634500000,1.418071721797872
solana,1788634500000,103.8321896209613
tron,1788634500000,0.3342725036084213
uniswap,1788634500000,7.020799862171144
zcash,1788634500000,1025.0371195242622
hyperliquid,1788634520000,85.73679726716077
ripple,1788634560000,1.418018756685891
binancecoin,1788634680000,777.2317421592303
bitcoin-cash,1788634690000,257.51126424386274
tron,1788634700000,0.3342163036026283
solana,1788634750000,103.92204566474122
zcash,1788634750000,1024.8944343444532
chainlink,1788634770000,12.03928534797182
ethereum,1788634780000,2480.309865381037
bitcoin,1788634500000,79960.32992598155
cardano,1788634500000,0.2201757885426551
binancecoin,1788634800000,776.8010183493042
bitcoin,1788634800000,79987.72340498707
bitcoin-cash,1788634800000,257.41332252079434
cardano,1788634800000,0.22001287661526892
chainlink,1788634800000,12.03454723226383
ethereum,1788634800000,2480.137035008244
hyperliquid,1788634800000,85.79916644798347
ripple,1788634800000,1.41779423992866
solana,1788634800000,103.88023834924128
tron,1788634800000,0.33426617881283655
uniswap,1788634800000,7.038188796687885
zcash,1788634800000,1024.3436746747814
binancecoin,1788635100000,775.4701494924245
bitcoin,1788635100000,79931.47707568973
bitcoin-cash,1788635100000,256.55001804694695
cardano,1788635100000,0.2207463298980203
chainlink,1788635100000,12.00609697411576
ethereum,1788635100000,2476.533011779197
hyperliquid,1788635100000,85.86293015335879
ripple,1788635100000,1.4161354907791168
solana,1788635100000,103.71888863595748
tron,1788635100000,0.3342937956340452
uniswap,1788635100000,7.013638914319365
zcash,1788635100000,1025.7780560112844
bitcoin,1788635260000,79949.4291630362
uniswap,1788635260000,6.9921708431638825
cardano,1788635290000,0.22125589643614238
hyperliquid,1788635290000,86.06635871752299
bitcoin-cash,1788635330000,256.8439623267062
binancecoin,1788635340000,775.2993372584245
ripple,1788635360000,1.4185197643741634
tron,1788635360000,0.33431030732647515
chainlink,1788635400000,12.016533943750117
ethereum,1788635400000,2478.333583409378
solana,1788635400000,103.81516809858321
zcash,1788635400000,1020.2884255980217
solana,1788635420000,103.81264733147276
chainlink,1788635440000,12.017325492630775
ethereum,1788635440000,2478.338424552623
zcash,1788635450000,1021.0992949331555
binancecoin,1788635400000,774.9033741143887
bitcoin,1788635400000,79952.07644836718
bitcoin-cash,1788635400000,256.74952404206283
cardano,1788635400000,0.22118997276364274
hyperliquid,1788635400000,86.02266613523496
ripple,1788635400000,1.4183163139982595
tron,1788635400000,0.33426685820037133
uniswap,1788635400000,6.99010600429689
binancecoin,1788635700000,776.434213499229
bitcoin,1788635700000,79941.52234035163
bitcoin-cash,1788635700000,256.9248437400207
cardano,1788635700000,0.22115191862857778
chainlink,1788635700000,12.019665221134982
ethereum,1788635700000,2478.1000232487318
hyperliquid,1788635700000,86.0335103872258
ripple,1788635700000,1.4194892189686448
solana,1788635700000,103.8189207505549
tron,1788635700000,0.3342618840030189
uniswap,1788635700000,7.0369305193377025
zcash,1788635700000,1021.8481221994787
ethereum,1788635750000,2478.8719658293817
solana,1788635750000,103.85790161678476
chainlink,1788635780000,12.022399383271727
zcash,1788635780000,1022.9013294259436
bitcoin,1788635950000,79935.10216263839
uniswap,1788635950000,7.117227403099867
cardano,1788635970000,0.22095019510281372
hyperliquid,1788635980000,86.01320122901139
binancecoin,1788636000000,777.2332178993585
bitcoin-cash,1788636000000,257.1439866465862
ripple,1788636000000,1.4194324172761796
tron,1788636000000,0.3342073635282702
binancecoin,1788636020000,776.8003162515971
bitcoin-cash,1788636020000,257.19695107959825
ripple,1788636040000,1.4189916411169485
tron,1788636050000,0.33419093751088613
bitcoin,1788636000000,79934.53368352681
cardano,1788636000000,0.2210224293411217
chainlink,1788636000000,12.033826014485523
ethereum,1788636000000,2478.7743336856333
hyperliquid,1788636000000,86.03891343374198
solana,1788636000000,103.83113859793254
uniswap,1788636000000,7.134612174491064
zcash,1788636000000,1024.0533344666585
binancecoin,1788636300000,776.6935753531435
bitcoin,1788636300000,79949.1914082458
bitcoin-cash,1788636300000,257.1635676504956
cardano,1788636300000,0.2209883298809137
chainlink,1788636300000,12.043306640916137
ethereum,1788636300000,2480.1631399273006
hyperliquid,1788636300000,86.00794386669179
ripple,1788636300000,1.418784255071416
solana,1788636300000,103.87034872221221
tron,1788636300000,0.33401708943356934
uniswap,1788636300000,7.1853119056560315
zcash,1788636300000,1024.6781489405723
binancecoin,1788636340000,776.7764194943592
bitcoin-cash,1788636340000,257.2347305409223
ripple,1788636340000,1.418987129614501
tron,1788636350000,0.33403650967123016
chainlink,1788636400000,12.056245973006298
ethereum,1788636410000,2480.8923624390018
zcash,1788636410000,1024.2135894353153
solana,1788636420000,103.88306910749465
hyperliquid,1788636590000,85.86851710101224
bitcoin,1788636600000,79963.1099584373
cardano,1788636600000,0.2209102136014647
uniswap,1788636600000,7.194611793044598
bitcoin,1788636620000,79964.28033462663
cardano,1788636620000,0.22093994598035416
uniswap,1788636620000,7.19640565053675
binancecoin,1788636600000,777.4148884369478
bitcoin-cash,1788636600000,257.0028572473538
chainlink,1788636600000,12.0610801573831
ethereum,1788636600000,2479.9694841767787
hyperliquid,1788636600000,85.85952664128082
ripple,1788636600000,1.419162218508782
solana,1788636600000,103.88206466502976
tron,1788636600000,0.333956550384654
zcash,1788636600000,1020.4563227228532
binancecoin,1788636900000,778.9202466953151
bitcoin,1788636900000,79853.46094488329
bitcoin-cash,1788636900000,257.110373231334
cardano,1788636900000,0.2208555134494523
chainlink,1788636900000,12.063715096269458
ethereum,1788636900000,2478.7014595412866
hyperliquid,1788636900000,85.72063145062698
ripple,1788636900000,1.4184081786877685
solana,1788636900000,103.8024737215107
tron,1788636900000,0.3338726857966835
uniswap,1788636900000,7.147378083682271
zcash,1788636900000,1017.180485173708
uniswap,1788636950000,7.151457527809387
bitcoin,1788636970000,79856.46956995822
cardano,1788636980000,0.2205307525722268
hyperliquid,1788636980000,85.74930394479946
binancecoin,1788637020000,778.1582144555517
ripple,1788637020000,1.4163448661678042
tron,1788637040000,0.33396423662306424
bitcoin-cash,1788637060000,256.40182819520203
chainlink,1788637100000,12.031352617017298
ethereum,1788637100000,2474.5269281778747
zcash,1788637100000,1015.4743607140659
solana,1788637120000,103.61423413195777
binancecoin,1788637200000,776.84215111089
bitcoin,1788637200000,79765.764464988
bitcoin-cash,1788637200000,255.92667469192918
cardano,1788637200000,0.21994050951046717
chainlink,1788637200000,12.029596075221201
ethereum,1788637200000,2474.164246603642
hyperliquid,1788637200000,85.54633261818317
ripple,1788637200000,1.4150938380956444
solana,1788637200000,103.58416632215071
tron,1788637200000,0.3339986359948671
uniswap,1788637200000,7.140089338543575
zcash,1788637200000,1013.5479395256972
binancecoin,1788637500000,777.6816500427511
bitcoin,1788637500000,79851.07853819522
bitcoin-cash,1788637500000,256.1767647444382
cardano,1788637500000,0.22049096428286305
chainlink,1788637500000,12.049255251106617
ethereum,1788637500000,2477.2343255110895
hyperliquid,1788637500000,85.62490859739823
ripple,1788637500000,1.418385278078877
solana,1788637500000,103.69716858117853
tron,1788637500000,0.33411373641191705
uniswap,1788637500000,7.199804594554325
zcash,1788637500000,1016.5682340064894
cardano,1788637610000,0.2202483366438627
bitcoin,1788637630000,79792.0023963157
hyperliquid,1788637640000,85.48182013831583
uniswap,1788637650000,7.208789427640998
binancecoin,1788637700000,775.952366547935
bitcoin-cash,1788637700000,255.759979691546
ripple,1788637700000,1.415161345844501
tron,1788637730000,0.3339794765134251
ethereum,1788637780000,2474.1506477532516
solana,1788637780000,103.32999630427668
zcash,1788637780000,1013.7444332876142
chainlink,1788637790000,11.992637733862004
binancecoin,1788637800000,775.2703028195089
bitcoin,1788637800000,79742.07892787698
bitcoin-cash,1788637800000,255.12453851001538
cardano,1788637800000,0.21952804806160625
chainlink,1788637800000,11.99162626241427
ethereum,1788637800000,2474.138756954925
hyperliquid,1788637800000,85.36454970875374
ripple,1788637800000,1.4144555580189946
solana,1788637800000,103.31235365609902
tron,1788637800000,0.3340328845222624
uniswap,1788637800000,7.183838654707912
zcash,1788637800000,1013.8215090365595
ripple,1788638050000,1.416409203812729
tron,1788638050000,0.3340544054178521
bitcoin-cash,1788638080000,255.8388205202236
binancecoin,1788638100000,774.5541385096983
bitcoin,1788638100000,79750.00050481489
cardano,1788638100000,0.2195619178177602
chainlink,1788638100000,11.997544287120846
ethereum,1788638100000,2474.715322294202
hyperliquid,1788638100000,85.34293613186254
solana,1788638100000,103.38721246067242
uniswap,1788638100000,7.198204324148801
zcash,1788638100000,1015.0666061541557
chainlink,1788638140000,12.001717937640421
solana,1788638140000,103.40179045092094
zcash,1788638140000,1015.3580245648989
ethereum,1788638150000,2474.9427575098784
binancecoin,1788638200000,774.4984472214472
bitcoin,1788638300000,79770.08409015513
hyperliquid,1788638310000,85.4401929821845
uniswap,1788638330000,7.18720003993766
cardano,1788638340000,0.2194970286638689
bitcoin-cash,1788638100000,255.84718524178157
ripple,1788638100000,1.416320450267474
tron,1788638100000,0.33409566669962737
binancecoin,1788638400000,773.44494420506
bitcoin,1788638400000,79757.93033702066
bitcoin-cash,1788638400000,256.20661914780874
cardano,1788638400000,0.2195619498887802
chainlink,1788638400000,12.012388296452295
ethereum,1788638400000,2477.7542870615234
hyperliquid,1788638400000,85.38391608128471
ripple,1788638400000,1.4163796542343672
solana,1788638400000,103.43809739996995
tron,1788638400000,0.33405312990501385
uniswap,1788638400000,7.196708668768228
zcash,1788638400000,1015.2636614283539
binancecoin,1788638700000,772.1018399551975
bitcoin,1788638700000,79723.67552206319
bitcoin-cash,1788638700000,256.195103193725
cardano,1788638700000,0.21929116653965108
chainlink,1788638700000,11.985317555802684
ethereum,1788638700000,2475.65547409387
hyperliquid,1788638700000,85.25821468163647
ripple,1788638700000,1.4146527482469309
solana,1788638700000,103.31677356750713
tron,1788638700000,0.33406076721502
uniswap,1788638700000,7.198212900437016
zcash,1788638700000,1009.9546049450202
ripple,1788638840000,1.4174497168556932
tron,1788638840000,0.3341836200031024
bitcoin-cash,1788638850000,256.5880214902508
chainlink,1788638860000,12.014959541372535
binancecoin,1788638890000,773.6536733696975
solana,1788638890000,103.44026650263878
zcash,1788638890000,1012.5485649430487
ethereum,1788638930000,2477.643640426608
uniswap,1788638980000,7.207524707041292
bitcoin,1788638990000,79749.29538144085
cardano,1788638990000,0.21997842480873314
hyperliquid,1788639000000,85.56035856975004
binancecoin,1788639000000,772.9875612733492
bitcoin,1788639000000,79749.28943812795
bitcoin-cash,1788639000000,256.32529097578055
cardano,1788639000000,0.21997842483100288
chainlink,1788639000000,12.017754200877976
ethereum,1788639000000,2477.551584525764
ripple,1788639000000,1.4173270923896444
solana,1788639000000,103.41392396516765
tron,1788639000000,0.33420245318012426
uniswap,1788639000000,7.214796165137287
zcash,1788639000000,1010.5406102572464
binancecoin,1788639300000,772.4990019926402
bitcoin,1788639300000,79746.6472851747
bitcoin-cash,1788639300000,256.12649899679747
cardano,1788639300000,0.22013237965388444
chainlink,1788639300000,12.014125757290698
ethereum,1788639300000,2479.756187184634
hyperliquid,1788639300000,85.44907292514563
ripple,1788639300000,1.4158694969568986
solana,1788639300000,103.44140957367087
tron,1788639300000,0.3341937901415447
uniswap,1788639300000,7.149817291216542
zcash,1788639300000,1010.7175810220175
bitcoin,1788639350000,79746.40233613049
cardano,1788639350000,0.2201277122848059
hyperliquid,1788639350000,85.40664401011203
uniswap,1788639350000,7.172949530570951
ripple,1788639520000,1.414111586593244
chainlink,1788639540000,11.990609619844296
bitcoin-cash,1788639550000,256.0020278463677
tron,1788639550000,0.3341701284143587
binancecoin,1788639600000,771.249488376433
ethereum,1788639600000,2475.8580369928036
solana,1788639600000,103.25445160935523
zcash,1788639600000,1008.7995812555522
ethereum,1788639610000,2475.635021991449
binancecoin,1788639620000,771.1484598744005
solana,1788639620000,103.24783783448284
bitcoin,1788639600000,79700.47509206785
bitcoin-cash,1788639600000,256.01551921412135
cardano,1788639600000,0.21940012967851627
chainlink,1788639600000,11.985480301277176
hyperliquid,1788639600000,85.26445740162777
ripple,1788639600000,1.4133615716800791
tron,1788639600000,0.33403273839854203
uniswap,1788639600000,7.135150588168916
binancecoin,1788639900000,771.6071211528163
bitcoin,1788639900000,79782.86220679145
bitcoin-cash,1788639900000,256.49620883700425
cardano,1788639900000,0.21994161412327815
chainlink,1788639900000,11.999331656174483
ethereum,1788639900000,2477.255047312464
hyperliquid,1788639900000,85.39628638422657
ripple,1788639900000,1.4158182977566787
solana,1788639900000,103.32113794385297
tron,1788639900000,0.33409793058744275
uniswap,1788639900000,7.1273417952608495
zcash,1788639900000,1010.7583840027338
ethereum,1788639920000,2477.5588923901137
solana,1788639920000,103.36199977177311
binancecoin,1788639930000,771.633787998961
zcash,1788639930000,1011.4104576464465
bitcoin,1788639980000,79807.26727576602
uniswap,1788639980000,7.120912617495764
cardano,1788639990000,0.22018536176947415
hyperliquid,1788640070000,85.42501729945361
ripple,1788640170000,1.413632764220574
bitcoin-cash,1788640190000,256.1863300300934
chainlink,1788640200000,11.987095543664363
tron,1788640200000,0.33408342819026193
binancecoin,1788640200000,770.7286646856322
bitcoin,1788640200000,79720.4138434212
bitcoin-cash,1788640200000,256.1834119140419
cardano,1788640200000,0.21975886287821728
ethereum,1788640200000,2476.6656667393167
hyperliquid,1788640200000,85.32455691236348
ripple,1788640200000,1.413410505201047
solana,1788640200000,103.2728838801614
uniswap,1788640200000,7.095439832922212
zcash,1788640200000,1008.7154236845442
ripple,1788640480000,1.4137081107555134
bitcoin-cash,1788640490000,255.95070715361024
tron,1788640490000,0.3341637255544817
binancecoin,1788640500000,769.9557632529908
bitcoin,1788640500000,79715.76097392944
cardano,1788640500000,0.21933250230240503
chainlink,1788640500000,11.969856028329195
ethereum,1788640500000,2475.5470487968546
hyperliquid,1788640500000,85.30652043546269
solana,1788640500000,103.17327542271302
uniswap,1788640500000,7.081376965645853
zcash,1788640500000,1008.5725126227293
ethereum,1788640550000,2476.301232096961
chainlink,1788640570000,11.981276852065044
solana,1788640570000,103.18954357067248
zcash,1788640570000,1009.1890564141535
binancecoin,1788640620000,770.7601502849038
cardano,1788640620000,0.21940076576435433
bitcoin,1788640630000,79716.85621560538
uniswap,1788640640000,7.067550760082691
hyperliquid,1788640700000,85.36951213939315
bitcoin-cash,1788640500000,255.95070715361024
ripple,1788640500000,1.413453451703951
tron,1788640500000,0.3341637255544817
binancecoin,1788640800000,771.5660460937057
bitcoin,1788640800000,79733.71227417064
bitcoin-cash,1788640800000,255.7560426448767
cardano,1788640800000,0.21948699440656907
chainlink,1788640800000,11.99886305594846
ethereum,1788640800000,2477.24593785239
hyperliquid,1788640800000,85.35886948078782
ripple,1788640800000,1.415368915277456
solana,1788640800000,103.25107773808591
tron,1788640800000,0.33434337465491365
uniswap,1788640800000,7.055753296120472
zcash,1788640800000,1010.264704956949
hyperliquid,1788641040000,85.44145499330038
binancecoin,1788641100000,771.4997218676441
bitcoin,1788641100000,79771.80074959317
bitcoin-cash,1788641100000,256.0097467869871
cardano,1788641100000,0.21992781235825043
chainlink,1788641100000,12.02634978626787
ethereum,1788641100000,2479.2554326259055
ripple,1788641100000,1.4168439635544685
solana,1788641100000,103.36738527385437
tron,1788641100000,0.33446329080524106
uniswap,1788641100000,7.105849463662307
zcash,1788641100000,1011.1829757089675
ripple,1788641170000,1.4167248828853078
bitcoin-cash,1788641180000,255.9002618118582
tron,1788641190000,0.33447105690154016
chainlink,1788641250000,12.031251372762128
ethereum,1788641250000,2479.1423240795352
solana,1788641250000,103.32989750304057
zcash,1788641250000,1010.7173656779044
binancecoin,1788641300000,771.6895084116716
bitcoin,1788641300000,79765.3369545986
cardano,1788641330000,0.21971486380726676
uniswap,1788641330000,7.102367345946168
hyperliquid,1788641100000,85.48932812017026
binancecoin,1788641400000,771.6570995341162
bitcoin,1788641400000,79761.21323381852
bitcoin-cash,1788641400000,255.82026232846783
cardano,1788641400000,0.21968296003540347
chainlink,1788641400000,12.042286523014521
ethereum,1788641400000,2479.590683556718
hyperliquid,1788641400000,85.51149138572589
ripple,1788641400000,1.41665825578472
solana,1788641400000,103.34115918061485
tron,1788641400000,0.3344573302142064
uniswap,1788641400000,7.115684575139787
zcash,1788641400000,1011.9721042002619
cardano,1788641650000,0.21938834354156006
binancecoin,1788641660000,770.5937752349312
bitcoin,1788641660000,79737.48154721236
uniswap,1788641680000,7.159381030852206
bitcoin-cash,1788641700000,255.40387513963415
chainlink,1788641700000,12.017747220789213
ethereum,1788641700000,2477.159821655444
hyperliquid,1788641700000,85.23111966667462
ripple,1788641700000,1.4149842206281755
solana,1788641700000,103.28980482476979
tron,1788641700000,0.3345336978726068
zcash,1788641700000,1009.9445467618486
hyperliquid,1788641750000,85.23873151078168
ripple,1788641840000,1.4154233029966927
tron,1788641870000,0.3345281653993973
bitcoin-cash,1788641880000,255.25227778338584
chainlink,1788641910000,12.022774140757535
zcash,1788641910000,1009.361815375147
ethereum,1788641930000,2477.7193775179207
solana,1788641930000,103.31057913816508
binancecoin,1788641700000,770.7697069700952
bitcoin,1788641700000,79744.28286444425
cardano,1788641700000,0.21937406835374307
uniswap,1788641700000,7.15553815141818
binancecoin,1788642000000,770.3067968553936
bitcoin,1788642000000,79741.22436343327
bitcoin-cash,1788642000000,255.3358719560234
cardano,1788642000000,0.21906985614682203
chainlink,1788642000000,12.021498897371828
ethereum,1788642000000,2477.3964938884806
hyperliquid,1788642000000,85.2399837045778
ripple,1788642000000,1.4149057732970203
solana,1788642000000,103.24527938090851
tron,1788642000000,0.33456758983445284
uniswap,1788642000000,7.137335863721662
zcash,1788642000000,1008.7346286703065
binancecoin,1788642300000,770.455028929287
bitcoin,1788642300000,79743.29101712532
bitcoin-cash,1788642300000,255.45324081580003
cardano,1788642300000,0.21830586093521687
chainlink,1788642300000,12.019493127777746
ethereum,1788642300000,2477.2212869489126
hyperliquid,1788642300000,85.24721072339979
ripple,1788642300000,1.41518397624373
solana,1788642300000,103.26155221144555
tron,1788642300000,0.3346350242535389
uniswap,1788642300000,7.102268877021261
zcash,1788642300000,1009.7155071608793
binancecoin,1788642470000,771.1461080681081
uniswap,1788642480000,7.099800032553274
bitcoin,1788642500000,79759.8025685026
cardano,1788642500000,0.2187408929666942
hyperliquid,1788642550000,85.26313885073701
tron,1788642560000,0.33467487679803976
bitcoin-cash,1788642580000,256.1070240938606
ripple,1788642580000,1.4165227376253118
chainlink,1788642600000,12.04439981787685
ethereum,1788642600000,2477.7795605580277
solana,1788642600000,103.3758580307465
zcash,1788642600000,1010.8376586000561
solana,1788642620000,103.38899384648595
ethereum,1788642630000,2477.6376025722107
chainlink,1788642640000,12.044990923571618
zcash,1788642640000,1012.2106280032367
binancecoin,1788642600000,771.1242080405817
bitcoin,1788642600000,79773.66951800068
bitcoin-cash,1788642600000,256.10512784943086
cardano,1788642600000,0.2189686173205761
hyperliquid,1788642600000,85.35090387235138
ripple,1788642600000,1.4166183917378758
tron,1788642600000,0.33464313566541815
uniswap,1788642600000,7.083660709609674
binancecoin,1788642900000,770.8887648472536
bitcoin,1788642900000,79780.67637286097
bitcoin-cash,1788642900000,256.20482408685643
cardano,1788642900000,0.21907635687114038
chainlink,1788642900000,12.045026521442823
ethereum,1788642900000,2477.0174396801394
hyperliquid,1788642900000,85.30405785889035
ripple,1788642900000,1.41698721851201
solana,1788642900000,103.43965070679519
tron,1788642900000,0.33464973790893326
uniswap,1788642900000,7.052411796139956
zcash,1788642900000,1013.7847170671147
chainlink,1788642940000,12.04604999522402
solana,1788642940000,103.43637191646083
zcash,1788642940000,1013.9034821936311
ethereum,1788642970000,2477.0765969323543
binancecoin,1788643140000,770.3903211660626
bitcoin,1788643140000,79809.71718840217
cardano,1788643160000,0.21929946614938167
uniswap,1788643160000,7.1090726888027085
bitcoin-cash,1788643200000,256.85461088142006
hyperliquid,1788643200000,85.45373029427775
ripple,1788643200000,1.4170707388547699
tron,1788643200000,0.3346522560921611
hyperliquid,1788643220000,85.49119296485287
tron,1788643220000,0.3346601986400463
bitcoin-cash,1788643240000,256.8873255531351
binancecoin,1788643200000,770.6071940948996
bitcoin,1788643200000,79827.01790549497
cardano,1788643200000,0.21933520577160612
chainlink,1788643200000,12.048686382062474
ethereum,1788643200000,2478.694849164962
solana,1788643200000,103.5749581938408
uniswap,1788643200000,7.110358397239494
zcash,1788643200000,1012.876788278466
binancecoin,1788643500000,770.4569448118484
bitcoin,1788643500000,79859.12992005257
bitcoin-cash,1788643500000,257.20517821118307
cardano,1788643500000,0.2199373942879539
chainlink,1788643500000,12.074947594962435
ethereum,1788643500000,2480.494743479963
hyperliquid,1788643500000,85.54460614930169
ripple,1788643500000,1.419376473160681
solana,1788643500000,103.7281419632673
tron,1788643500000,0.33467390861535184
uniswap,1788643500000,7.13329462399788
zcash,1788643500000,1012.5245988624295
ripple,1788643540000,1.419259551211726
tron,1788643540000,0.3346801109939421
bitcoin-cash,1788643550000,257.29155572973355
hyperliquid,1788643550000,85.63272981004818
chainlink,1788643600000,12.069817224771937
ethereum,1788643610000,2480.8278074111595
solana,1788643620000,103.7983164528538
zcash,1788643620000,1012.9638262792196
uniswap,1788643790000,7.135574494605771
binancecoin,1788643800000,769.7063404328131
bitcoin,1788643800000,79853.23439181785
cardano,1788643800000,0.22054204409567232
bitcoin,1788643810000,79854.38251316352
cardano,1788643810000,0.22059277171540792
bitcoin-cash,1788643800000,257.94141358248675
chainlink,1788643800000,12.076425121920304
ethereum,1788643800000,2481.0522851563924
hyperliquid,1788643800000,85.69586259171098
ripple,1788643800000,1.4203140486340846
solana,1788643800000,103.82095114037782
tron,1788643800000,0.33462608622457995
uniswap,1788643800000,7.1348753720191755
zcash,1788643800000,1012.6149276523745
binancecoin,1788644090000,770.817731889181
bitcoin,1788644100000,79847.38723057999
bitcoin-cash,1788644100000,257.78510774001177
cardano,1788644100000,0.22011334314980824
chainlink,1788644100000,12.067105423833944
ethereum,1788644100000,2480.8726905005237
hyperliquid,1788644100000,85.88196281982002
ripple,1788644100000,1.420768090174503
solana,1788644100000,103.7878737504796
tron,1788644100000,0.33460020046546224
uniswap,1788644100000,7.162052975416482
zcash,1788644100000,1012.4941937361293
cardano,1788644120000,0.22009796545007496
uniswap,1788644160000,7.168811806901831
bitcoin,1788644170000,79845.54167334404
ripple,1788644220000,1.4199476047951085
hyperliquid,1788644230000,85.80035543807811
tron,1788644230000,0.334610468118645
bitcoin-cash,1788644250000,257.33901363044635
chainlink,1788644310000,12.074366709793416
zcash,1788644320000,1012.6763660788254
ethereum,1788644360000,2482.232399779878
solana,1788644380000,103.79263547895944
binancecoin,1788644100000,770.8400537025007
binancecoin,1788644400000,770.8031800101516
bitcoin,1788644400000,79853.59427875033
bitcoin-cash,1788644400000,257.4217965568405
cardano,1788644400000,0.22028625571155885
chainlink,1788644400000,12.080239637510122
ethereum,1788644400000,2482.7848432058527
hyperliquid,1788644400000,85.91013711650648
ripple,1788644400000,1.4211033223888219
solana,1788644400000,103.79417930784327
tron,1788644400000,0.3346045391924301
uniswap,1788644400000,7.175477674929126
zcash,1788644400000,1014.3536468174325
binancecoin,1788644700000,771.7458346461083
bitcoin,1788644700000,79909.71724618634
bitcoin-cash,1788644700000,257.67454497488933
cardano,1788644700000,0.22034288085555706
chainlink,1788644700000,12.098180693676458
ethereum,1788644700000,2490.541150178832
hyperliquid,1788644700000,85.78056199003531
ripple,1788644700000,1.421690914984389
solana,1788644700000,103.91456415802057
tron,1788644700000,0.3345708954063096
uniswap,1788644700000,7.1529629155436645
zcash,1788644700000,1015.33767825927
ethereum,1788644710000,2490.474540616277
solana,1788644710000,103.9332695175032
binancecoin,1788644840000,771.8091811021925
bitcoin,1788644840000,79873.9707261724
cardano,1788644840000,0.22057809425901223
uniswap,1788644860000,7.151656163624757
bitcoin-cash,1788644900000,257.6011456364256
tron,1788644910000,0.3346130691569253
ripple,1788644920000,1.4208208731455896
chainlink,1788644990000,12.08968131784544
zcash,1788644990000,1015.0513754347039
hyperliquid,1788645000000,85.67396866981485
binancecoin,1788645000000,771.6605782436802
bitcoin,1788645000000,79897.76992297503
bitcoin-cash,1788645000000,257.97885754562157
cardano,1788645000000,0.22036751464716042
chainlink,1788645000000,12.090437682173336
ethereum,1788645000000,2489.9204196697747
ripple,1788645000000,1.4205240758987288
solana,1788645000000,103.8150181376498
tron,1788645000000,0.33460304246977185
uniswap,1788645000000,7.148485912542075
zcash,1788645000000,1015.3626222803208
binancecoin,1788645300000,771.6194413588976
bitcoin,1788645300000,79898.91938079784
bitcoin-cash,1788645300000,257.12360410546887
cardano,1788645300000,0.22040529204396392
chainlink,1788645300000,12.084226736066348
ethereum,1788645300000,2488.8197387318164
hyperliquid,1788645300000,85.55166436250867
ripple,1788645300000,1.419593240746379
solana,1788645300000,103.75888727595594
tron,1788645300000,0.3346323815229868
uniswap,1788645300000,7.1449973701429474
zcash,1788645300000,1016.0541620513163
chainlink,1788645310000,12.084226736066347
zcash,1788645310000,1016.0541620513163
bitcoin-cash,1788645330000,257.0997199964614
hyperliquid,1788645330000,85.54330482017431
ethereum,1788645380000,2488.6331531585142
solana,1788645380000,103.73006340622939
binancecoin,1788645500000,771.5825259906738
cardano,1788645500000,0.2204442312304922
bitcoin,1788645510000,79917.71009117595
uniswap,1788645510000,7.13558610471825
tron,1788645560000,0.33461036613774725
ripple,1788645580000,1.4198299217362667
